session_id,timestamp,session_date,device_model,firmware_version,satellite_id,ground_station_id,service_type,snr_db,elevation_degrees,handshake_latency_ms,packet_drop_rate,qoe_tier,ml_anomaly_flag,is_anomaly
SES-117919,2026-08-23 03:47:12+00:00,2026-08-23,Watch Ultra 2,v18.2.0-b2,GS-LEO-24,GS-CA-B,Messages_Satellite,8.62,78.5,4267.0,0.0178,Degraded,-1,1
SES-192532,2026-08-25 00:06:48+00:00,2026-08-25,Watch Ultra 2,v18.2.0-b2,GS-LEO-24,GS-CA-B,Emergency_SOS,11.98,59.3,3987.0,0.7702,Degraded,-1,1
SES-144030,2026-08-22 23:58:35+00:00,2026-08-22,Watch Ultra 2,v18.2.0-b2,GS-LEO-24,GS-FL-C,Messages_Satellite,17.14,59.1,3863.0,0.0327,Degraded,-1,1
SES-115793,2026-08-27 00:47:17+00:00,2026-08-27,Watch Ultra 2,v18.2.0-b2,GS-LEO-24,GS-OR-D,Messages_Satellite,8.55,16.2,3747.0,0.0821,Degraded,-1,1
SES-104469,2026-08-17 13:07:26+00:00,2026-08-17,Watch Ultra 2,v18.2.0-b2,GS-LEO-24,GS-CA-B,FindMy_Ping,21.04,80.8,3208.0,0.1383,Degraded,-1,1
SES-111552,2026-08-26 23:27:18+00:00,2026-08-26,Watch Ultra 2,v18.2.0-b2,GS-LEO-24,GS-CA-B,Messages_Satellite,9.58,51.0,3043.0,0.6407,Degraded,-1,1
SES-169823,2026-08-06 08:47:53+00:00,2026-08-06,Watch Ultra 2,v18.2.0-b2,GS-LEO-24,GS-TX-A,FindMy_Ping,15.63,24.3,2312.0,0.3437,Degraded,-1,1
SES-168096,2026-08-19 15:58:36+00:00,2026-08-19,Watch Ultra 2,v18.2.0-b2,GS-LEO-05,GS-CA-B,Messages_Satellite,11.3,26.2,1001.0,0.6215,Degraded,-1,1
SES-154355,2026-08-31 03:08:31+00:00,2026-08-31,Watch Ultra 2,v18.2.1,GS-LEO-05,GS-CA-B,Roadside_Assistance,4.95,84.7,1041.0,0.3729,Degraded,-1,1
SES-106295,2026-08-27 13:41:57+00:00,2026-08-27,Watch Ultra 2,v18.2.1,GS-LEO-05,GS-CA-B,Messages_Satellite,6.64,58.7,1052.0,0.6854,Degraded,-1,1
SES-126230,2026-08-24 17:24:36+00:00,2026-08-24,Watch Ultra 2,v18.1.0,GS-LEO-24,GS-CA-B,Messages_Satellite,4.22,16.0,1063.0,0.5904,Degraded,-1,1
SES-178351,2026-08-06 20:34:37+00:00,2026-08-06,Watch Ultra 2,v18.2.0-b2,GS-LEO-05,GS-CA-B,Emergency_SOS,5.37,45.3,1112.0,0.6502,Degraded,-1,1
SES-142707,2026-08-10 17:49:40+00:00,2026-08-10,Watch Ultra 2,v18.2.1,GS-LEO-24,GS-CA-B,Messages_Satellite,4.86,33.3,1052.0,0.5656,Degraded,-1,1
SES-107136,2026-08-04 22:02:55+00:00,2026-08-04,Watch Ultra 2,v18.2.1,GS-LEO-05,GS-CA-B,Roadside_Assistance,5.78,32.7,1182.0,0.4604,Degraded,-1,1
SES-180905,2026-08-07 16:46:36+00:00,2026-08-07,Watch Ultra 2,v18.1.0,GS-LEO-05,GS-CA-B,Messages_Satellite,2.09,65.0,1220.0,0.5028,Degraded,-1,1
SES-174703,2026-08-03 15:48:56+00:00,2026-08-03,Watch Ultra 2,v18.2.0-b2,GS-LEO-05,GS-CA-B,Messages_Satellite,12.69,67.2,3829.0,0.3951,Degraded,-1,1
SES-124503,2026-08-12 19:34:32+00:00,2026-08-12,Watch Ultra 2,v18.2.0-b2,GS-LEO-05,GS-OR-D,FindMy_Ping,4.97,55.6,4010.0,0.0159,Degraded,-1,1
SES-140870,2026-08-26 01:09:06+00:00,2026-08-26,Watch Ultra 2,v18.2.0-b2,GS-LEO-05,GS-CA-B,Emergency_SOS,11.51,38.0,4126.0,0.2438,Degraded,-1,1
SES-192586,2026-08-21 20:08:36+00:00,2026-08-21,Watch Ultra 2,v18.2.0-b2,GS-LEO-05,GS-CA-B,Emergency_SOS,12.99,74.3,4182.0,0.05,Degraded,-1,1
SES-160057,2026-08-31 21:49:08+00:00,2026-08-31,Watch Ultra 2,v18.2.0-b2,GS-LEO-05,GS-CA-B,Roadside_Assistance,11.96,60.3,4330.0,0.0799,Degraded,-1,1
SES-150502,2026-08-06 17:24:56+00:00,2026-08-06,Watch Ultra 2,v18.2.0-b2,GS-LEO-05,GS-CA-B,Messages_Satellite,8.76,73.3,4352.0,0.557,Degraded,-1,1
SES-192853,2026-08-31 06:57:56+00:00,2026-08-31,Watch Ultra 2,v18.2.0-b2,GS-LEO-05,GS-CA-B,Messages_Satellite,5.56,20.9,4375.0,0.0634,Degraded,-1,1
SES-109358,2026-08-19 12:25:40+00:00,2026-08-19,Watch Ultra 2,v18.1.0,GS-LEO-06,GS-CA-B,Roadside_Assistance,16.21,15.4,754.0,0.5789,Degraded,-1,1
SES-169787,2026-08-16 04:25:21+00:00,2026-08-16,Watch Ultra 2,v18.2.1,GS-LEO-24,GS-CA-B,Messages_Satellite,18.08,67.9,889.0,0.6098,Degraded,-1,1
SES-138037,2026-08-02 06:11:23+00:00,2026-08-02,Watch Ultra 2,v18.2.0-b2,GS-LEO-06,GS-CA-B,Messages_Satellite,11.75,79.8,826.0,0.6715,Degraded,-1,1
SES-120655,2026-08-30 19:27:19+00:00,2026-08-30,Watch Ultra 2,v18.2.0-b2,GS-LEO-24,GS-CA-B,FindMy_Ping,13.7,26.5,853.0,0.6653,Degraded,-1,1
SES-189987,2026-08-06 11:58:52+00:00,2026-08-06,Watch Ultra 2,v18.2.1,GS-LEO-06,GS-CA-B,Messages_Satellite,13.46,24.4,884.0,0.6368,Degraded,-1,1
SES-166608,2026-08-16 17:55:16+00:00,2026-08-16,Watch Ultra 2,v18.2.1,GS-LEO-24,GS-CA-B,Roadside_Assistance,16.66,27.4,720.0,0.605,Degraded,-1,1
SES-102591,2026-08-30 08:50:25+00:00,2026-08-30,Watch Ultra 2,v18.2.0-b2,GS-LEO-24,GS-FL-C,Messages_Satellite,24.47,82.8,541.0,0.1494,Acceptable,-1,1
SES-110858,2026-08-08 13:13:10+00:00,2026-08-08,Watch Ultra 2,v18.2.0-b2,GS-LEO-23,GS-TX-A,Roadside_Assistance,10.02,31.7,4365.0,0.1385,Degraded,-1,1
SES-192803,2026-08-16 04:08:40+00:00,2026-08-16,Watch Ultra 2,v18.2.0-b2,GS-LEO-23,GS-CA-B,Roadside_Assistance,17.93,76.7,4193.0,0.0572,Degraded,-1,1
SES-103569,2026-08-08 15:38:06+00:00,2026-08-08,Watch Ultra 2,v18.2.0-b2,GS-LEO-23,GS-CA-B,Roadside_Assistance,11.4,76.2,4124.0,0.0173,Degraded,-1,1
SES-130277,2026-08-22 12:33:37+00:00,2026-08-22,Watch Ultra 2,v18.2.0-b2,GS-LEO-23,GS-CA-B,FindMy_Ping,14.23,78.7,3974.0,0.0078,Degraded,-1,1
SES-150654,2026-08-28 08:49:14+00:00,2026-08-28,Watch Ultra 2,v18.2.0-b2,GS-LEO-23,GS-FL-C,FindMy_Ping,17.65,70.2,3824.0,0.1016,Degraded,-1,1
SES-154865,2026-08-19 12:49:51+00:00,2026-08-19,Watch Ultra 2,v18.2.0-b2,GS-LEO-23,GS-TX-A,Messages_Satellite,16.0,80.9,3760.0,0.0239,Degraded,-1,1
SES-153844,2026-08-05 05:27:59+00:00,2026-08-05,Watch Ultra 2,v18.2.0-b2,GS-LEO-23,GS-FL-C,FindMy_Ping,19.44,50.3,3524.0,0.1032,Degraded,-1,1
SES-160102,2026-08-01 17:37:41+00:00,2026-08-01,Watch Ultra 2,v18.2.0-b2,GS-LEO-23,GS-CA-B,Messages_Satellite,12.4,49.2,3378.0,0.6518,Degraded,-1,1
SES-167028,2026-08-26 00:53:35+00:00,2026-08-26,Watch Ultra 2,v18.2.0-b2,GS-LEO-23,GS-CA-B,Messages_Satellite,22.32,58.1,3361.0,0.052,Degraded,-1,1
SES-125774,2026-08-28 09:29:34+00:00,2026-08-28,Watch Ultra 2,v18.2.0-b2,GS-LEO-06,GS-CA-B,FindMy_Ping,8.84,16.6,976.0,0.6716,Degraded,-1,1
SES-155885,2026-08-06 19:34:52+00:00,2026-08-06,Watch Ultra 2,v18.1.0,GS-LEO-23,GS-CA-B,Roadside_Assistance,0.61,70.5,1107.0,0.5291,Degraded,-1,1
SES-151284,2026-08-29 14:47:32+00:00,2026-08-29,Watch Ultra 2,v18.2.1,GS-LEO-06,GS-CA-B,Roadside_Assistance,7.2,31.6,1012.0,0.5599,Degraded,-1,1
SES-164529,2026-08-11 10:46:49+00:00,2026-08-11,Watch Ultra 2,v18.2.1,GS-LEO-06,GS-CA-B,Emergency_SOS,8.36,29.3,1092.0,0.673,Degraded,-1,1
SES-181832,2026-08-14 03:56:57+00:00,2026-08-14,Watch Ultra 2,v18.2.0-b2,GS-LEO-06,GS-OR-D,Messages_Satellite,20.56,18.9,2781.0,0.1426,Degraded,-1,1
SES-133839,2026-08-07 07:47:39+00:00,2026-08-07,Watch Ultra 2,v18.2.0-b2,GS-LEO-06,GS-OR-D,Messages_Satellite,26.4,26.8,3111.0,0.0812,Degraded,-1,1
SES-197782,2026-08-06 00:44:17+00:00,2026-08-06,Watch Ultra 2,v18.2.0-b2,GS-LEO-06,GS-TX-A,Messages_Satellite,22.66,31.5,3241.0,0.0136,Degraded,-1,1
SES-106412,2026-08-30 21:41:03+00:00,2026-08-30,Watch Ultra 2,v18.2.0-b2,GS-LEO-06,GS-TX-A,Messages_Satellite,9.33,30.8,3679.0,0.2448,Degraded,-1,1
SES-199276,2026-08-01 08:10:10+00:00,2026-08-01,Watch Ultra 2,v18.2.0-b2,GS-LEO-06,GS-CA-B,Messages_Satellite,23.18,20.9,3733.0,0.0614,Degraded,-1,1
SES-108255,2026-08-20 02:27:14+00:00,2026-08-20,Watch Ultra 2,v18.2.0-b2,GS-LEO-06,GS-TX-A,Roadside_Assistance,13.74,68.4,4338.0,0.0125,Degraded,-1,1
SES-180920,2026-08-05 17:17:43+00:00,2026-08-05,Watch Ultra 2,v18.2.0-b2,GS-LEO-06,GS-OR-D,FindMy_Ping,11.97,84.5,4349.0,0.005,Degraded,-1,1
SES-182175,2026-08-28 19:14:22+00:00,2026-08-28,Watch Ultra 2,v18.2.1,GS-LEO-23,GS-CA-B,Messages_Satellite,8.03,23.0,944.0,0.5412,Degraded,-1,1
SES-100444,2026-08-02 08:09:25+00:00,2026-08-02,Watch Ultra 2,v18.2.0-b2,GS-LEO-07,GS-CA-B,Messages_Satellite,18.28,32.8,759.0,0.5708,Degraded,-1,1
SES-182892,2026-08-20 04:08:03+00:00,2026-08-20,Watch Ultra 2,v18.2.0-b2,GS-LEO-07,GS-CA-B,FindMy_Ping,16.28,47.3,804.0,0.7364,Degraded,-1,1
SES-142712,2026-08-25 00:48:37+00:00,2026-08-25,Watch Ultra 2,v18.1.0,GS-LEO-07,GS-CA-B,Messages_Satellite,11.95,34.7,875.0,0.7081,Degraded,-1,1
SES-159952,2026-08-06 17:31:27+00:00,2026-08-06,Watch Ultra 2,v18.2.1,GS-LEO-07,GS-CA-B,FindMy_Ping,9.54,82.6,891.0,0.7524,Degraded,-1,1
SES-159188,2026-08-24 10:45:18+00:00,2026-08-24,Watch Ultra 2,v18.1.0,GS-LEO-23,GS-CA-B,Messages_Satellite,16.43,44.7,798.0,0.6722,Degraded,-1,1
SES-139739,2026-08-14 13:13:54+00:00,2026-08-14,Watch Ultra 2,v18.2.1,GS-LEO-23,GS-CA-B,Messages_Satellite,14.23,36.2,787.0,0.6923,Degraded,-1,1
SES-187582,2026-08-19 06:43:44+00:00,2026-08-19,Watch Ultra 2,v18.2.0-b2,GS-LEO-23,GS-CA-B,Messages_Satellite,16.86,53.5,712.0,0.6914,Degraded,-1,1
SES-100513,2026-08-31 17:25:46+00:00,2026-08-31,Watch Ultra 2,v18.1.0,GS-LEO-23,GS-CA-B,Roadside_Assistance,19.19,36.0,634.0,0.5505,Degraded,-1,1
SES-119552,2026-08-26 01:19:11+00:00,2026-08-26,Watch Ultra 2,v18.2.0-b2,GS-LEO-22,GS-CA-B,Messages_Satellite,3.73,59.4,4398.0,0.5881,Degraded,-1,1
SES-128624,2026-08-15 11:39:44+00:00,2026-08-15,Watch Ultra 2,v18.2.0-b2,GS-LEO-22,GS-CA-B,Messages_Satellite,19.68,66.3,4039.0,0.0406,Degraded,-1,1
SES-164083,2026-08-02 09:54:34+00:00,2026-08-02,Watch Ultra 2,v18.2.0-b2,GS-LEO-22,GS-TX-A,Roadside_Assistance,16.26,75.3,4004.0,0.2305,Degraded,-1,1
SES-137569,2026-08-24 09:47:21+00:00,2026-08-24,Watch Ultra 2,v18.2.0-b2,GS-LEO-22,GS-OR-D,FindMy_Ping,6.32,69.8,3855.0,0.0927,Degraded,-1,1
SES-174218,2026-08-24 06:24:55+00:00,2026-08-24,Watch Ultra 2,v18.2.0-b2,GS-LEO-22,GS-CA-B,Messages_Satellite,7.83,68.1,3654.0,0.2684,Degraded,-1,1
SES-148764,2026-08-27 15:19:13+00:00,2026-08-27,Watch Ultra 2,v18.2.0-b2,GS-LEO-22,GS-TX-A,Messages_Satellite,15.46,72.1,3267.0,0.3197,Degraded,-1,1
SES-103492,2026-08-10 11:41:01+00:00,2026-08-10,Watch Ultra 2,v18.1.0,GS-LEO-07,GS-CA-B,FindMy_Ping,2.26,39.4,1077.0,0.5061,Degraded,-1,1
SES-171912,2026-08-28 06:00:38+00:00,2026-08-28,Watch Ultra 2,v18.2.1,GS-LEO-07,GS-CA-B,Messages_Satellite,5.01,47.1,1109.0,0.6533,Degraded,-1,1
SES-115261,2026-08-05 07:11:41+00:00,2026-08-05,Watch Ultra 2,v18.2.1,GS-LEO-07,GS-TX-A,Messages_Satellite,2.17,83.4,1252.0,0.2865,Degraded,-1,1
SES-162807,2026-08-17 19:43:54+00:00,2026-08-17,Watch Ultra 2,v18.2.0-b2,GS-LEO-07,GS-FL-C,FindMy_Ping,17.57,79.3,3959.0,0.0186,Degraded,-1,1
SES-133206,2026-08-11 23:31:42+00:00,2026-08-11,Watch Ultra 2,v18.2.0-b2,GS-LEO-07,GS-OR-D,Messages_Satellite,16.9,81.6,4055.0,0.0521,Degraded,-1,1
SES-164203,2026-08-18 06:12:59+00:00,2026-08-18,Watch Ultra 2,v18.2.0-b2,GS-LEO-07,GS-CA-B,Roadside_Assistance,4.38,34.7,4198.0,0.0923,Degraded,-1,1
SES-198849,2026-08-02 06:27:58+00:00,2026-08-02,Watch Ultra 2,v18.2.0-b2,GS-LEO-07,GS-FL-C,Messages_Satellite,17.88,74.8,4261.0,0.0124,Degraded,-1,1
SES-162564,2026-08-17 18:40:20+00:00,2026-08-17,Watch Ultra 2,v18.1.0,GS-LEO-08,GS-CA-B,FindMy_Ping,15.91,76.9,756.0,0.7011,Degraded,-1,1
SES-150423,2026-08-08 19:29:55+00:00,2026-08-08,Watch Ultra 2,v18.2.0-b2,GS-LEO-08,GS-CA-B,Messages_Satellite,14.47,42.9,784.0,0.6755,Degraded,-1,1
SES-190563,2026-08-09 12:43:31+00:00,2026-08-09,Watch Ultra 2,v18.2.1,GS-LEO-05,GS-CA-B,Roadside_Assistance,13.74,16.1,787.0,0.6499,Degraded,-1,1
SES-166030,2026-08-09 10:01:34+00:00,2026-08-09,Watch Ultra 2,v18.2.1,GS-LEO-01,GS-CA-B,Messages_Satellite,13.53,31.8,950.0,0.6442,Degraded,-1,1
SES-110452,2026-08-10 11:57:16+00:00,2026-08-10,Watch Ultra 2,v18.1.0,GS-LEO-08,GS-CA-B,Roadside_Assistance,8.43,39.1,874.0,0.7055,Degraded,-1,1
SES-189643,2026-08-07 17:17:34+00:00,2026-08-07,Watch Ultra 2,v18.2.1,GS-LEO-22,GS-CA-B,Emergency_SOS,13.78,53.2,832.0,0.675,Degraded,-1,1
SES-113916,2026-08-02 15:26:16+00:00,2026-08-02,Watch Ultra 2,v18.2.1,GS-LEO-05,GS-CA-B,Messages_Satellite,16.59,83.5,745.0,0.7139,Degraded,-1,1
SES-130226,2026-08-09 01:55:25+00:00,2026-08-09,Watch Ultra 2,v18.2.0-b2,GS-LEO-21,GS-CA-B,Messages_Satellite,6.14,39.0,4137.0,0.0435,Degraded,-1,1
SES-172006,2026-08-25 22:03:40+00:00,2026-08-25,Watch Ultra 2,v18.2.0-b2,GS-LEO-21,GS-OR-D,FindMy_Ping,8.0,83.0,4025.0,0.0908,Degraded,-1,1
SES-169371,2026-08-15 00:11:08+00:00,2026-08-15,Watch Ultra 2,v18.2.0-b2,GS-LEO-21,GS-CA-B,Roadside_Assistance,15.59,55.5,4003.0,0.0048,Degraded,-1,1
SES-153900,2026-08-19 23:21:39+00:00,2026-08-19,Watch Ultra 2,v18.2.0-b2,GS-LEO-21,GS-FL-C,Messages_Satellite,13.82,78.0,3882.0,0.1187,Degraded,-1,1
SES-114807,2026-08-03 22:14:19+00:00,2026-08-03,Watch Ultra 2,v18.2.0-b2,GS-LEO-21,GS-FL-C,Messages_Satellite,8.6,85.0,3529.0,0.085,Degraded,-1,1
SES-183865,2026-08-31 00:51:40+00:00,2026-08-31,Watch Ultra 2,v18.2.0-b2,GS-LEO-21,GS-OR-D,Messages_Satellite,21.36,37.8,3446.0,0.0941,Degraded,-1,1
SES-136137,2026-08-12 03:42:02+00:00,2026-08-12,Watch Ultra 2,v18.2.1,GS-LEO-05,GS-CA-B,Messages_Satellite,19.79,33.4,700.0,0.839,Degraded,-1,1
SES-175407,2026-08-21 22:21:22+00:00,2026-08-21,Watch Ultra 2,v18.2.0-b2,GS-LEO-21,GS-CA-B,Messages_Satellite,7.06,45.3,1034.0,0.7095,Degraded,-1,1
SES-156936,2026-08-19 00:36:23+00:00,2026-08-19,Watch Ultra 2,v18.2.0-b2,GS-LEO-04,GS-TX-A,FindMy_Ping,8.94,18.3,4483.0,0.0657,Degraded,-1,1
SES-106610,2026-08-20 16:39:30+00:00,2026-08-20,Watch Ultra 2,v18.2.0-b2,GS-LEO-04,GS-CA-B,Messages_Satellite,17.8,44.3,4170.0,0.0932,Degraded,-1,1
SES-154940,2026-08-20 19:14:11+00:00,2026-08-20,Watch Ultra 2,v18.2.0-b2,GS-LEO-04,GS-CA-B,Emergency_SOS,12.89,16.0,4164.0,0.1945,Degraded,-1,1
SES-122306,2026-08-08 03:57:08+00:00,2026-08-08,Watch Ultra 2,v18.2.0-b2,GS-LEO-04,GS-FL-C,FindMy_Ping,17.81,15.2,4141.0,0.0563,Degraded,-1,1
SES-194412,2026-08-22 00:58:30+00:00,2026-08-22,Watch Ultra 2,v18.2.0-b2,GS-LEO-08,GS-CA-B,FindMy_Ping,21.41,49.6,2784.0,0.1164,Degraded,-1,1
SES-190886,2026-08-05 04:38:08+00:00,2026-08-05,Watch Ultra 2,v18.2.0-b2,GS-LEO-04,GS-TX-A,Messages_Satellite,17.87,70.7,4107.0,0.0039,Degraded,-1,1
SES-188136,2026-08-30 00:28:13+00:00,2026-08-30,Watch Ultra 2,v18.2.0-b2,GS-LEO-04,GS-FL-C,Messages_Satellite,15.07,74.8,3964.0,0.1309,Degraded,-1,1
SES-167952,2026-08-08 12:12:01+00:00,2026-08-08,Watch Ultra 2,v18.2.0-b2,GS-LEO-08,GS-CA-B,Messages_Satellite,10.2,61.4,3497.0,0.6381,Degraded,-1,1
SES-108884,2026-08-28 10:58:06+00:00,2026-08-28,Watch Ultra 2,v18.2.0-b2,GS-LEO-08,GS-TX-A,Messages_Satellite,7.35,76.3,3941.0,0.0713,Degraded,-1,1
SES-186645,2026-08-24 16:55:30+00:00,2026-08-24,Watch Ultra 2,v18.2.0-b2,GS-LEO-08,GS-TX-A,FindMy_Ping,16.36,23.4,3970.0,0.1361,Degraded,-1,1
SES-166026,2026-08-05 02:52:35+00:00,2026-08-05,Watch Ultra 2,v18.2.0-b2,GS-LEO-04,GS-TX-A,Messages_Satellite,8.08,77.9,3834.0,0.194,Degraded,-1,1
SES-137472,2026-08-25 05:02:23+00:00,2026-08-25,Watch Ultra 2,v18.2.0-b2,GS-LEO-08,GS-CA-B,Roadside_Assistance,11.28,81.1,4132.0,0.1334,Degraded,-1,1
SES-146756,2026-08-26 13:11:05+00:00,2026-08-26,Watch Ultra 2,v18.2.0-b2,GS-LEO-08,GS-FL-C,Roadside_Assistance,15.81,57.3,4225.0,0.0081,Degraded,-1,1
SES-157718,2026-08-10 16:11:42+00:00,2026-08-10,Watch Ultra 2,v18.2.0-b2,GS-LEO-08,GS-FL-C,Roadside_Assistance,7.76,40.5,4395.0,0.2157,Degraded,-1,1
SES-146151,2026-08-28 08:34:13+00:00,2026-08-28,Watch Ultra 2,v18.1.0,GS-LEO-01,GS-CA-B,Emergency_SOS,10.65,56.1,1039.0,0.7523,Degraded,-1,1
SES-180150,2026-08-23 17:27:11+00:00,2026-08-23,Watch Ultra 2,v18.2.0-b2,GS-LEO-04,GS-OR-D,Messages_Satellite,18.93,83.9,3231.0,0.0121,Degraded,-1,1
SES-116362,2026-08-07 06:47:40+00:00,2026-08-07,Watch Ultra 2,v18.2.0-b2,GS-LEO-04,GS-FL-C,Roadside_Assistance,17.83,15.0,2744.0,0.0013,Degraded,-1,1
SES-178859,2026-08-16 20:40:20+00:00,2026-08-16,Watch Ultra 2,v18.2.0-b2,GS-LEO-04,GS-CA-B,Roadside_Assistance,12.39,74.8,2735.0,0.5483,Degraded,-1,1
SES-144075,2026-08-29 06:31:07+00:00,2026-08-29,Watch Ultra 2,v18.2.1,GS-LEO-01,GS-CA-B,Messages_Satellite,6.12,75.5,1075.0,0.9178,Degraded,-1,1
SES-191660,2026-08-22 04:05:20+00:00,2026-08-22,Watch Ultra 2,v18.2.1,GS-LEO-04,GS-CA-B,Messages_Satellite,3.2,47.9,1110.0,0.4971,Degraded,-1,1
SES-139596,2026-08-31 09:02:54+00:00,2026-08-31,Watch Ultra 2,v18.2.1,GS-LEO-09,GS-CA-B,Roadside_Assistance,14.04,27.3,841.0,0.6711,Degraded,-1,1
SES-176622,2026-08-21 22:11:49+00:00,2026-08-21,Watch Ultra 2,v18.2.0-b2,GS-LEO-01,GS-CA-B,Messages_Satellite,10.19,78.3,2954.0,0.5111,Degraded,-1,1
SES-147103,2026-08-20 23:54:56+00:00,2026-08-20,Watch Ultra 2,v18.2.0-b2,GS-LEO-01,GS-FL-C,Messages_Satellite,17.24,23.3,2969.0,0.2925,Degraded,-1,1
SES-138312,2026-08-07 12:59:45+00:00,2026-08-07,Watch Ultra 2,v18.2.1,GS-LEO-09,GS-CA-B,Roadside_Assistance,12.52,41.4,890.0,0.6612,Degraded,-1,1
SES-179612,2026-08-19 12:20:28+00:00,2026-08-19,Watch Ultra 2,v18.2.0-b2,GS-LEO-01,GS-OR-D,Roadside_Assistance,20.98,61.9,3515.0,0.0533,Degraded,-1,1
SES-198882,2026-08-30 05:09:19+00:00,2026-08-30,Watch Ultra 2,v18.2.0-b2,GS-LEO-01,GS-CA-B,Messages_Satellite,22.55,56.9,3532.0,0.0802,Degraded,-1,1
SES-120940,2026-08-29 01:13:54+00:00,2026-08-29,Watch Ultra 2,v18.2.0-b2,GS-LEO-01,GS-FL-C,Messages_Satellite,16.14,83.8,3639.0,0.2092,Degraded,-1,1
SES-171140,2026-08-13 02:15:05+00:00,2026-08-13,Watch Ultra 2,v18.2.1,GS-LEO-21,GS-CA-B,Messages_Satellite,15.53,81.7,768.0,0.6819,Degraded,-1,1
SES-196003,2026-08-16 01:52:07+00:00,2026-08-16,Watch Ultra 2,v18.1.0,GS-LEO-21,GS-CA-B,Emergency_SOS,17.34,56.6,764.0,0.6893,Degraded,-1,1
SES-144486,2026-08-16 21:54:08+00:00,2026-08-16,Watch Ultra 2,v18.2.0-b2,GS-LEO-01,GS-CA-B,Messages_Satellite,3.86,38.7,4010.0,0.3444,Degraded,-1,1
SES-120195,2026-08-11 07:00:45+00:00,2026-08-11,Watch Ultra 2,v18.2.0-b2,GS-LEO-01,GS-CA-B,Messages_Satellite,10.38,65.5,4354.0,0.4422,Degraded,-1,1
SES-198648,2026-08-09 00:29:34+00:00,2026-08-09,Watch Ultra 2,v18.2.0-b2,GS-LEO-01,GS-OR-D,Messages_Satellite,14.02,67.7,4368.0,0.0728,Degraded,-1,1
SES-103475,2026-08-16 01:59:20+00:00,2026-08-16,Watch Ultra 2,v18.2.1,GS-LEO-21,GS-CA-B,Messages_Satellite,21.82,15.5,649.0,0.4712,Degraded,-1,1
SES-171909,2026-08-07 06:24:18+00:00,2026-08-07,Watch Ultra 2,v18.1.0,GS-LEO-04,GS-CA-B,Roadside_Assistance,7.2,63.7,1010.0,0.8172,Degraded,-1,1
SES-197638,2026-08-08 09:32:56+00:00,2026-08-08,Watch Ultra 2,v18.2.0-b2,GS-LEO-20,GS-CA-B,FindMy_Ping,11.07,55.8,4346.0,0.6377,Degraded,-1,1
SES-177058,2026-08-19 01:25:53+00:00,2026-08-19,Watch Ultra 2,v18.2.0-b2,GS-LEO-20,GS-TX-A,Messages_Satellite,15.35,81.6,4260.0,0.0811,Degraded,-1,1
SES-188770,2026-08-11 20:55:42+00:00,2026-08-11,Watch Ultra 2,v18.2.0-b2,GS-LEO-20,GS-CA-B,Roadside_Assistance,12.03,45.2,4206.0,0.6356,Degraded,-1,1
SES-111241,2026-08-16 13:07:31+00:00,2026-08-16,Watch Ultra 2,v18.2.0-b2,GS-LEO-20,GS-CA-B,Roadside_Assistance,17.72,78.1,4066.0,0.0882,Degraded,-1,1
SES-158950,2026-08-28 06:31:25+00:00,2026-08-28,Watch Ultra 2,v18.2.0-b2,GS-LEO-20,GS-OR-D,FindMy_Ping,22.78,40.9,3260.0,0.1211,Degraded,-1,1
SES-190585,2026-08-29 20:52:31+00:00,2026-08-29,Watch Ultra 2,v18.2.0-b2,GS-LEO-20,GS-CA-B,Messages_Satellite,21.02,16.4,2781.0,0.0175,Degraded,-1,1
SES-174130,2026-08-09 23:08:25+00:00,2026-08-09,Watch Ultra 2,v18.2.0-b2,GS-LEO-09,GS-CA-B,Messages_Satellite,8.1,66.4,1054.0,0.669,Degraded,-1,1
SES-122905,2026-08-02 15:00:48+00:00,2026-08-02,Watch Ultra 2,v18.2.1,GS-LEO-20,GS-CA-B,Messages_Satellite,8.62,63.6,1011.0,0.585,Degraded,-1,1
SES-142090,2026-08-14 05:19:02+00:00,2026-08-14,Watch Ultra 2,v18.1.0,GS-LEO-04,GS-CA-B,FindMy_Ping,8.65,57.6,979.0,0.5851,Degraded,-1,1
SES-152172,2026-08-23 12:30:14+00:00,2026-08-23,Watch Ultra 2,v18.2.0-b2,GS-LEO-09,GS-FL-C,Messages_Satellite,21.17,27.7,3654.0,0.1556,Degraded,-1,1
SES-155147,2026-08-15 17:20:54+00:00,2026-08-15,Watch Ultra 2,v18.2.0-b2,GS-LEO-09,GS-OR-D,Messages_Satellite,20.82,56.6,3683.0,0.0524,Degraded,-1,1
SES-169713,2026-08-08 10:14:02+00:00,2026-08-08,Watch Ultra 2,v18.2.0-b2,GS-LEO-09,GS-TX-A,Roadside_Assistance,20.04,51.8,4188.0,0.1385,Degraded,-1,1
SES-166835,2026-08-03 04:56:54+00:00,2026-08-03,Watch Ultra 2,v18.2.0-b2,GS-LEO-09,GS-OR-D,Messages_Satellite,3.97,17.2,4225.0,0.2623,Degraded,-1,1
SES-160666,2026-08-30 20:16:57+00:00,2026-08-30,Watch Ultra 2,v18.2.0-b2,GS-LEO-09,GS-OR-D,Messages_Satellite,8.33,77.0,4243.0,0.0838,Degraded,-1,1
SES-165395,2026-08-16 14:51:13+00:00,2026-08-16,Watch Ultra 2,v18.2.0-b2,GS-LEO-09,GS-TX-A,Messages_Satellite,5.71,43.3,4284.0,0.1612,Degraded,-1,1
SES-164006,2026-08-25 07:06:32+00:00,2026-08-25,Watch Ultra 2,v18.2.0-b2,GS-LEO-09,GS-CA-B,Roadside_Assistance,10.98,74.2,4285.0,0.4285,Degraded,-1,1
SES-109349,2026-08-30 15:33:43+00:00,2026-08-30,Watch Ultra 2,v18.2.1,GS-LEO-20,GS-CA-B,Emergency_SOS,15.98,63.0,907.0,0.6633,Degraded,-1,1
SES-106097,2026-08-29 04:56:59+00:00,2026-08-29,Watch Ultra 2,v18.2.0-b2,GS-LEO-02,GS-CA-B,Roadside_Assistance,18.79,40.1,780.0,0.6344,Degraded,-1,1
SES-145531,2026-08-22 19:44:16+00:00,2026-08-22,Watch Ultra 2,v18.2.1,GS-LEO-20,GS-CA-B,FindMy_Ping,14.04,36.4,836.0,0.679,Degraded,-1,1
SES-144876,2026-08-15 10:13:45+00:00,2026-08-15,Watch Ultra 2,v18.2.1,GS-LEO-20,GS-CA-B,FindMy_Ping,17.52,64.6,781.0,0.7712,Degraded,-1,1
SES-104348,2026-08-02 21:57:22+00:00,2026-08-02,Watch Ultra 2,v18.2.0-b2,GS-LEO-19,GS-TX-A,Messages_Satellite,7.82,76.2,4251.0,0.0278,Degraded,-1,1
SES-155364,2026-08-11 11:01:06+00:00,2026-08-11,Watch Ultra 2,v18.2.0-b2,GS-LEO-19,GS-CA-B,Messages_Satellite,8.68,68.9,4180.0,0.0238,Degraded,-1,1
SES-144288,2026-08-28 16:52:35+00:00,2026-08-28,Watch Ultra 2,v18.2.0-b2,GS-LEO-19,GS-FL-C,Messages_Satellite,17.16,19.4,4076.0,0.1305,Degraded,-1,1
SES-159449,2026-08-20 02:14:43+00:00,2026-08-20,Watch Ultra 2,v18.2.0-b2,GS-LEO-19,GS-TX-A,Messages_Satellite,14.04,61.9,3999.0,0.267,Degraded,-1,1
SES-144262,2026-08-19 20:50:46+00:00,2026-08-19,Watch Ultra 2,v18.2.0-b2,GS-LEO-19,GS-OR-D,FindMy_Ping,19.54,81.7,3957.0,0.0201,Degraded,-1,1
SES-150665,2026-08-18 00:06:12+00:00,2026-08-18,Watch Ultra 2,v18.2.0-b2,GS-LEO-19,GS-FL-C,Emergency_SOS,15.75,76.2,3916.0,0.0252,Degraded,-1,1
SES-115868,2026-08-06 09:45:02+00:00,2026-08-06,Watch Ultra 2,v18.2.0-b2,GS-LEO-19,GS-CA-B,Messages_Satellite,15.64,54.6,3718.0,0.3926,Degraded,-1,1
SES-131631,2026-08-22 04:11:11+00:00,2026-08-22,Watch Ultra 2,v18.2.0-b2,GS-LEO-19,GS-FL-C,Roadside_Assistance,16.76,60.6,3610.0,0.1573,Degraded,-1,1
SES-132328,2026-08-05 04:36:19+00:00,2026-08-05,Watch Ultra 2,v18.2.0-b2,GS-LEO-19,GS-CA-B,Messages_Satellite,19.34,32.1,3428.0,0.111,Degraded,-1,1
SES-109846,2026-08-23 09:31:11+00:00,2026-08-23,Watch Ultra 2,v18.2.0-b2,GS-LEO-19,GS-CA-B,Messages_Satellite,4.87,51.2,1098.0,0.5263,Degraded,-1,1
SES-163300,2026-08-08 02:53:57+00:00,2026-08-08,Watch Ultra 2,v18.2.1,GS-LEO-10,GS-CA-B,Messages_Satellite,10.64,68.4,995.0,0.7233,Degraded,-1,1
SES-115216,2026-08-07 19:37:29+00:00,2026-08-07,Watch Ultra 2,v18.2.0-b2,GS-LEO-10,GS-CA-B,Messages_Satellite,5.41,50.6,1061.0,0.7958,Degraded,-1,1
SES-146959,2026-08-15 12:52:17+00:00,2026-08-15,Watch Ultra 2,v18.2.0-b2,GS-LEO-10,GS-OR-D,FindMy_Ping,11.08,20.3,3741.0,0.2202,Degraded,-1,1
SES-162580,2026-08-29 09:16:53+00:00,2026-08-29,Watch Ultra 2,v18.2.0-b2,GS-LEO-10,GS-OR-D,FindMy_Ping,17.99,68.1,3791.0,0.217,Degraded,-1,1
SES-168858,2026-08-17 11:09:36+00:00,2026-08-17,Watch Ultra 2,v18.2.0-b2,GS-LEO-10,GS-OR-D,Roadside_Assistance,9.86,60.1,3871.0,0.1464,Degraded,-1,1
SES-151352,2026-08-20 16:19:30+00:00,2026-08-20,Watch Ultra 2,v18.2.0-b2,GS-LEO-10,GS-CA-B,Emergency_SOS,6.41,65.4,3873.0,0.123,Degraded,-1,1
SES-157989,2026-08-22 22:55:36+00:00,2026-08-22,Watch Ultra 2,v18.2.0-b2,GS-LEO-10,GS-FL-C,Emergency_SOS,11.64,68.5,3975.0,0.1333,Degraded,-1,1
SES-189509,2026-08-06 21:28:52+00:00,2026-08-06,Watch Ultra 2,v18.2.0-b2,GS-LEO-10,GS-CA-B,Messages_Satellite,13.57,57.9,3979.0,0.4587,Degraded,-1,1
SES-185353,2026-08-26 12:56:25+00:00,2026-08-26,Watch Ultra 2,v18.2.0-b2,GS-LEO-10,GS-TX-A,Emergency_SOS,6.98,51.0,4034.0,0.0013,Degraded,-1,1
SES-176118,2026-08-16 06:38:45+00:00,2026-08-16,Watch Ultra 2,v18.2.1,GS-LEO-19,GS-CA-B,Messages_Satellite,8.22,75.3,935.0,0.6062,Degraded,-1,1
SES-193062,2026-08-28 04:14:59+00:00,2026-08-28,Watch Ultra 2,v18.2.0-b2,GS-LEO-10,GS-OR-D,Messages_Satellite,13.05,64.3,4271.0,0.12,Degraded,-1,1
SES-179153,2026-08-28 15:17:04+00:00,2026-08-28,Watch Ultra 2,v18.2.0-b2,GS-LEO-10,GS-OR-D,Messages_Satellite,3.41,76.0,4280.0,0.0884,Degraded,-1,1
SES-174519,2026-08-14 19:54:52+00:00,2026-08-14,Watch Ultra 2,v18.2.0-b2,GS-LEO-10,GS-FL-C,Messages_Satellite,9.6,66.6,4364.0,0.051,Degraded,-1,1
SES-129308,2026-08-07 23:39:27+00:00,2026-08-07,Watch Ultra 2,v18.2.0-b2,GS-LEO-10,GS-TX-A,FindMy_Ping,7.28,77.8,4461.0,0.065,Degraded,-1,1
SES-115927,2026-08-15 13:21:34+00:00,2026-08-15,Watch Ultra 2,v18.2.0-b2,GS-LEO-10,GS-FL-C,Messages_Satellite,4.14,50.9,4565.0,0.0204,Degraded,-1,1
SES-176706,2026-08-01 19:42:25+00:00,2026-08-01,Watch Ultra 2,v18.1.0,GS-LEO-02,GS-CA-B,Messages_Satellite,17.73,62.1,847.0,0.6532,Degraded,-1,1
SES-122396,2026-08-26 08:25:17+00:00,2026-08-26,Watch Ultra 2,v18.1.0,GS-LEO-19,GS-CA-B,Messages_Satellite,12.04,41.9,857.0,0.7338,Degraded,-1,1
SES-127164,2026-08-02 03:09:10+00:00,2026-08-02,Watch Ultra 2,v18.1.0,GS-LEO-19,GS-CA-B,FindMy_Ping,17.01,50.1,796.0,0.7702,Degraded,-1,1
SES-156059,2026-08-23 20:52:11+00:00,2026-08-23,Watch Ultra 2,v18.2.1,GS-LEO-19,GS-CA-B,Messages_Satellite,13.62,67.0,777.0,0.6832,Degraded,-1,1
SES-188402,2026-08-13 15:24:59+00:00,2026-08-13,Watch Ultra 2,v18.2.0-b2,GS-LEO-02,GS-CA-B,Messages_Satellite,11.47,43.5,885.0,0.6803,Degraded,-1,1
SES-128057,2026-08-07 09:44:20+00:00,2026-08-07,Watch Ultra 2,v18.1.0,GS-LEO-11,GS-CA-B,FindMy_Ping,9.65,15.9,909.0,0.7401,Degraded,-1,1
SES-194591,2026-08-14 02:36:37+00:00,2026-08-14,Watch Ultra 2,v18.2.0-b2,GS-LEO-18,GS-FL-C,Emergency_SOS,3.38,30.9,4616.0,0.0387,Degraded,-1,1
SES-177654,2026-08-15 10:02:51+00:00,2026-08-15,Watch Ultra 2,v18.2.0-b2,GS-LEO-18,GS-FL-C,Messages_Satellite,18.51,26.0,4286.0,0.0439,Degraded,-1,1
SES-165441,2026-08-10 11:24:43+00:00,2026-08-10,Watch Ultra 2,v18.2.0-b2,GS-LEO-18,GS-TX-A,FindMy_Ping,19.41,17.4,3786.0,0.0449,Degraded,-1,1
SES-137795,2026-08-18 20:45:08+00:00,2026-08-18,Watch Ultra 2,v18.2.0-b2,GS-LEO-18,GS-OR-D,Messages_Satellite,7.16,15.5,3678.0,0.0252,Degraded,-1,1
SES-119680,2026-08-05 04:12:32+00:00,2026-08-05,Watch Ultra 2,v18.2.0-b2,GS-LEO-18,GS-FL-C,Messages_Satellite,7.93,84.0,3516.0,0.0358,Degraded,-1,1
SES-161282,2026-08-22 06:07:46+00:00,2026-08-22,Watch Ultra 2,v18.2.0-b2,GS-LEO-18,GS-OR-D,Messages_Satellite,20.47,23.8,2925.0,0.1159,Degraded,-1,1
SES-187305,2026-08-06 05:56:46+00:00,2026-08-06,Watch Ultra 2,v18.2.1,GS-LEO-11,GS-CA-B,Messages_Satellite,7.13,46.9,953.0,0.6314,Degraded,-1,1
SES-184293,2026-08-22 12:47:05+00:00,2026-08-22,Watch Ultra 2,v18.1.0,GS-LEO-04,GS-CA-B,Messages_Satellite,13.54,43.5,829.0,0.6803,Degraded,-1,1
SES-179857,2026-08-22 21:14:55+00:00,2026-08-22,Watch Ultra 2,v18.2.0-b2,GS-LEO-18,GS-CA-B,Messages_Satellite,2.99,55.0,1139.0,0.5809,Degraded,-1,1
SES-101447,2026-08-16 17:56:00+00:00,2026-08-16,Watch Ultra 2,v18.2.1,GS-LEO-18,GS-CA-B,Messages_Satellite,5.93,34.2,1100.0,0.638,Degraded,-1,1
SES-140909,2026-08-27 18:38:08+00:00,2026-08-27,Watch Ultra 2,v18.2.0-b2,GS-LEO-11,GS-CA-B,FindMy_Ping,4.82,41.4,1022.0,0.5789,Degraded,-1,1
SES-114268,2026-08-05 00:48:33+00:00,2026-08-05,Watch Ultra 2,v18.2.1,GS-LEO-11,GS-CA-B,FindMy_Ping,9.78,43.4,1050.0,0.6567,Degraded,-1,1
SES-191264,2026-08-05 23:55:13+00:00,2026-08-05,Watch Ultra 2,v18.2.0-b2,GS-LEO-11,GS-CA-B,FindMy_Ping,6.9,48.2,1055.0,0.6665,Degraded,-1,1
SES-123498,2026-08-21 12:14:19+00:00,2026-08-21,Watch Ultra 2,v18.2.0-b2,GS-LEO-11,GS-OR-D,Messages_Satellite,2.12,18.8,3563.0,0.0188,Degraded,-1,1
SES-164592,2026-08-08 19:23:30+00:00,2026-08-08,Watch Ultra 2,v18.1.0,GS-LEO-18,GS-CA-B,Messages_Satellite,11.2,55.2,951.0,0.7001,Degraded,-1,1
SES-146123,2026-08-21 08:50:03+00:00,2026-08-21,Watch Ultra 2,v18.2.0-b2,GS-LEO-11,GS-TX-A,Emergency_SOS,19.78,21.8,3576.0,0.0588,Degraded,-1,1
SES-182788,2026-08-19 22:22:09+00:00,2026-08-19,Watch Ultra 2,v18.2.0-b2,GS-LEO-11,GS-OR-D,FindMy_Ping,23.02,44.6,3688.0,0.1747,Degraded,-1,1
SES-109977,2026-08-30 22:05:53+00:00,2026-08-30,Watch Ultra 2,v18.2.0-b2,GS-LEO-11,GS-CA-B,Messages_Satellite,19.09,52.0,4086.0,0.0941,Degraded,-1,1
SES-179842,2026-08-16 03:35:50+00:00,2026-08-16,Watch Ultra 2,v18.2.0-b2,GS-LEO-18,GS-CA-B,Messages_Satellite,8.41,44.6,947.0,0.6979,Degraded,-1,1
SES-131711,2026-08-27 03:51:24+00:00,2026-08-27,Watch Ultra 2,v18.2.1,GS-LEO-12,GS-CA-B,Messages_Satellite,24.11,84.2,590.0,0.0216,Optimal,-1,1
SES-100062,2026-08-05 21:40:30+00:00,2026-08-05,Watch Ultra 2,v18.1.0,GS-LEO-18,GS-CA-B,Messages_Satellite,14.61,23.9,940.0,0.7166,Degraded,-1,1
SES-160516,2026-08-25 22:26:21+00:00,2026-08-25,Watch Ultra 2,v18.2.1,GS-LEO-12,GS-CA-B,Roadside_Assistance,17.4,33.3,768.0,0.7538,Degraded,-1,1
SES-121902,2026-08-22 04:35:41+00:00,2026-08-22,Watch Ultra 2,v18.2.1,GS-LEO-12,GS-CA-B,Messages_Satellite,18.07,82.9,803.0,0.6101,Degraded,-1,1
SES-171786,2026-08-11 23:15:48+00:00,2026-08-11,Watch Ultra 2,v18.1.0,GS-LEO-12,GS-CA-B,Messages_Satellite,13.72,38.4,834.0,0.7183,Degraded,-1,1
SES-136263,2026-08-22 16:37:31+00:00,2026-08-22,Watch Ultra 2,v18.2.1,GS-LEO-18,GS-CA-B,Messages_Satellite,17.39,34.2,804.0,0.6137,Degraded,-1,1
SES-108332,2026-08-17 03:48:46+00:00,2026-08-17,Watch Ultra 2,v18.1.0,GS-LEO-18,GS-CA-B,Messages_Satellite,12.98,28.4,795.0,0.683,Degraded,-1,1
SES-197628,2026-08-09 11:06:12+00:00,2026-08-09,Watch Ultra 2,v18.2.1,GS-LEO-18,GS-CA-B,Messages_Satellite,18.93,15.1,704.0,0.5082,Degraded,-1,1
SES-187889,2026-08-26 01:16:39+00:00,2026-08-26,Watch Ultra 2,v18.2.0-b2,GS-LEO-17,GS-FL-C,Messages_Satellite,10.17,76.4,4393.0,0.178,Degraded,-1,1
SES-117293,2026-08-20 17:29:34+00:00,2026-08-20,Watch Ultra 2,v18.2.0-b2,GS-LEO-17,GS-OR-D,Roadside_Assistance,5.87,61.4,4106.0,0.0464,Degraded,-1,1
SES-157260,2026-08-02 15:05:16+00:00,2026-08-02,Watch Ultra 2,v18.2.0-b2,GS-LEO-17,GS-FL-C,Messages_Satellite,18.48,16.2,4105.0,0.0124,Degraded,-1,1
SES-122597,2026-08-28 12:03:16+00:00,2026-08-28,Watch Ultra 2,v18.2.1,GS-LEO-12,GS-CA-B,Messages_Satellite,8.77,77.3,933.0,0.7398,Degraded,-1,1
SES-141109,2026-08-20 04:19:22+00:00,2026-08-20,Watch Ultra 2,v18.2.0-b2,GS-LEO-17,GS-TX-A,Messages_Satellite,14.4,83.3,3752.0,0.0284,Degraded,-1,1
SES-156465,2026-08-03 22:57:58+00:00,2026-08-03,Watch Ultra 2,v18.2.0-b2,GS-LEO-17,GS-FL-C,Messages_Satellite,12.99,82.9,3574.0,0.1131,Degraded,-1,1
SES-128110,2026-08-05 13:04:06+00:00,2026-08-05,Watch Ultra 2,v18.2.0-b2,GS-LEO-17,GS-TX-A,Messages_Satellite,3.04,53.7,3288.0,0.337,Degraded,-1,1
SES-153721,2026-08-07 03:48:53+00:00,2026-08-07,Watch Ultra 2,v18.2.0-b2,GS-LEO-12,GS-CA-B,Messages_Satellite,10.65,17.0,947.0,0.6244,Degraded,-1,1
SES-108710,2026-08-28 00:45:16+00:00,2026-08-28,Watch Ultra 2,v18.2.0-b2,GS-LEO-02,GS-CA-B,Emergency_SOS,7.43,49.8,987.0,0.6375,Degraded,-1,1
SES-101599,2026-08-02 23:47:41+00:00,2026-08-02,Watch Ultra 2,v18.1.0,GS-LEO-17,GS-CA-B,Messages_Satellite,3.84,68.9,1116.0,0.714,Degraded,-1,1
SES-157976,2026-08-05 07:46:38+00:00,2026-08-05,Watch Ultra 2,v18.2.1,GS-LEO-04,GS-CA-B,Messages_Satellite,21.26,18.6,685.0,0.4606,Degraded,-1,1
SES-169529,2026-08-29 18:05:15+00:00,2026-08-29,Watch Ultra 2,v18.1.0,GS-LEO-12,GS-CA-B,FindMy_Ping,10.5,41.7,967.0,0.661,Degraded,-1,1
SES-134098,2026-08-03 08:09:16+00:00,2026-08-03,Watch Ultra 2,v18.2.1,GS-LEO-17,GS-CA-B,FindMy_Ping,8.35,61.6,1002.0,0.6387,Degraded,-1,1
SES-177821,2026-08-15 07:08:58+00:00,2026-08-15,Watch Ultra 2,v18.2.0-b2,GS-LEO-03,GS-OR-D,Messages_Satellite,8.55,51.1,4464.0,0.0248,Degraded,-1,1
SES-113873,2026-08-29 02:13:47+00:00,2026-08-29,Watch Ultra 2,v18.2.0-b2,GS-LEO-03,GS-OR-D,FindMy_Ping,5.17,61.0,4411.0,0.1042,Degraded,-1,1
SES-191602,2026-08-28 11:31:31+00:00,2026-08-28,Watch Ultra 2,v18.2.0-b2,GS-LEO-03,GS-OR-D,FindMy_Ping,9.15,21.3,4340.0,0.0135,Degraded,-1,1
SES-191083,2026-08-16 18:09:53+00:00,2026-08-16,Watch Ultra 2,v18.2.0-b2,GS-LEO-03,GS-OR-D,Roadside_Assistance,16.51,59.6,4085.0,0.0567,Degraded,-1,1
SES-106729,2026-08-07 23:46:02+00:00,2026-08-07,Watch Ultra 2,v18.2.0-b2,GS-LEO-03,GS-OR-D,Roadside_Assistance,17.25,15.7,3654.0,0.018,Degraded,-1,1
SES-168940,2026-08-24 13:56:58+00:00,2026-08-24,Watch Ultra 2,v18.2.0-b2,GS-LEO-12,GS-CA-B,Roadside_Assistance,13.44,73.2,2431.0,0.6784,Degraded,-1,1
SES-107359,2026-08-02 23:37:19+00:00,2026-08-02,Watch Ultra 2,v18.2.0-b2,GS-LEO-12,GS-OR-D,Messages_Satellite,20.46,72.3,2842.0,0.1003,Degraded,-1,1
SES-197272,2026-08-26 11:29:59+00:00,2026-08-26,Watch Ultra 2,v18.2.0-b2,GS-LEO-12,GS-OR-D,Roadside_Assistance,2.54,77.5,2954.0,0.0259,Degraded,-1,1
SES-134839,2026-08-14 06:07:19+00:00,2026-08-14,Watch Ultra 2,v18.2.0-b2,GS-LEO-12,GS-CA-B,Messages_Satellite,15.65,66.0,3159.0,0.5675,Degraded,-1,1
SES-110186,2026-08-14 23:56:26+00:00,2026-08-14,Watch Ultra 2,v18.2.0-b2,GS-LEO-12,GS-TX-A,Messages_Satellite,20.63,58.7,3619.0,0.0681,Degraded,-1,1
SES-122352,2026-08-15 14:50:05+00:00,2026-08-15,Watch Ultra 2,v18.2.0-b2,GS-LEO-12,GS-OR-D,Messages_Satellite,13.62,82.9,3806.0,0.022,Degraded,-1,1
SES-131464,2026-08-04 05:31:39+00:00,2026-08-04,Watch Ultra 2,v18.2.0-b2,GS-LEO-12,GS-CA-B,Messages_Satellite,11.39,70.8,3822.0,0.1454,Degraded,-1,1
SES-145315,2026-08-09 04:37:34+00:00,2026-08-09,Watch Ultra 2,v18.2.0-b2,GS-LEO-12,GS-TX-A,Messages_Satellite,8.43,29.3,4061.0,0.163,Degraded,-1,1
SES-174916,2026-08-26 07:05:36+00:00,2026-08-26,Watch Ultra 2,v18.2.0-b2,GS-LEO-12,GS-TX-A,Messages_Satellite,16.73,76.3,4092.0,0.0694,Degraded,-1,1
SES-160957,2026-08-28 18:49:46+00:00,2026-08-28,Watch Ultra 2,v18.2.0-b2,GS-LEO-12,GS-CA-B,Roadside_Assistance,6.89,56.8,4472.0,0.024,Degraded,-1,1
SES-147736,2026-08-08 15:31:24+00:00,2026-08-08,Watch Ultra 2,v18.2.0-b2,GS-LEO-13,GS-FL-C,Roadside_Assistance,24.14,84.2,551.0,0.0183,Optimal,-1,1
SES-111851,2026-08-11 05:00:45+00:00,2026-08-11,Watch Ultra 2,v18.2.0-b2,GS-LEO-03,GS-FL-C,Emergency_SOS,21.52,76.4,2691.0,0.0447,Degraded,-1,1
SES-192371,2026-08-26 05:11:17+00:00,2026-08-26,Watch Ultra 2,v18.1.0,GS-LEO-17,GS-CA-B,Messages_Satellite,12.62,43.8,901.0,0.8623,Degraded,-1,1
SES-174917,2026-08-23 21:18:41+00:00,2026-08-23,Watch Ultra 2,v18.2.1,GS-LEO-13,GS-CA-B,Emergency_SOS,17.47,22.2,760.0,0.7807,Degraded,-1,1
SES-162671,2026-08-30 11:39:59+00:00,2026-08-30,Watch Ultra 2,v18.2.1,GS-LEO-03,GS-CA-B,Emergency_SOS,3.07,37.5,1166.0,0.5788,Degraded,-1,1
SES-170883,2026-08-25 23:09:51+00:00,2026-08-25,Watch Ultra 2,v18.1.0,GS-LEO-02,GS-CA-B,Messages_Satellite,9.87,73.5,1072.0,0.7448,Degraded,-1,1
SES-157962,2026-08-26 15:55:10+00:00,2026-08-26,Watch Ultra 2,v18.2.0-b2,GS-LEO-02,GS-CA-B,Messages_Satellite,12.14,79.5,2426.0,0.7146,Degraded,-1,1
SES-185658,2026-08-07 06:20:17+00:00,2026-08-07,Watch Ultra 2,v18.2.0-b2,GS-LEO-02,GS-TX-A,Messages_Satellite,21.4,58.7,2727.0,0.0721,Degraded,-1,1
SES-141275,2026-08-02 12:26:52+00:00,2026-08-02,Watch Ultra 2,v18.2.0-b2,GS-LEO-02,GS-CA-B,Roadside_Assistance,14.26,77.4,3168.0,0.7761,Degraded,-1,1
SES-172926,2026-08-07 00:53:22+00:00,2026-08-07,Watch Ultra 2,v18.2.0-b2,GS-LEO-02,GS-TX-A,Emergency_SOS,23.92,56.8,3444.0,0.127,Degraded,-1,1
SES-115807,2026-08-26 03:46:35+00:00,2026-08-26,Watch Ultra 2,v18.2.1,GS-LEO-03,GS-CA-B,Messages_Satellite,8.0,32.9,1027.0,0.6189,Degraded,-1,1
SES-115834,2026-08-01 16:33:25+00:00,2026-08-01,Watch Ultra 2,v18.2.0-b2,GS-LEO-17,GS-OR-D,Roadside_Assistance,21.83,83.8,536.0,0.0041,Optimal,-1,1
SES-153144,2026-08-21 07:53:52+00:00,2026-08-21,Watch Ultra 2,v18.2.0-b2,GS-LEO-16,GS-TX-A,Messages_Satellite,5.68,28.9,4324.0,0.0282,Degraded,-1,1
SES-195610,2026-08-29 20:26:21+00:00,2026-08-29,Watch Ultra 2,v18.2.0-b2,GS-LEO-02,GS-CA-B,Messages_Satellite,14.54,82.0,3587.0,0.1203,Degraded,-1,1
SES-125376,2026-08-12 00:34:14+00:00,2026-08-12,Watch Ultra 2,v18.2.0-b2,GS-LEO-16,GS-TX-A,Messages_Satellite,15.34,47.1,4225.0,0.1229,Degraded,-1,1
SES-112171,2026-08-21 21:58:29+00:00,2026-08-21,Watch Ultra 2,v18.2.0-b2,GS-LEO-16,GS-OR-D,Messages_Satellite,13.64,81.6,4110.0,0.0103,Degraded,-1,1
SES-177334,2026-08-28 11:26:27+00:00,2026-08-28,Watch Ultra 2,v18.2.0-b2,GS-LEO-02,GS-OR-D,Messages_Satellite,20.22,16.6,3674.0,0.0714,Degraded,-1,1
SES-109475,2026-08-07 21:54:37+00:00,2026-08-07,Watch Ultra 2,v18.2.0-b2,GS-LEO-16,GS-TX-A,Emergency_SOS,20.46,59.8,3975.0,0.0784,Degraded,-1,1
SES-107123,2026-08-09 00:14:45+00:00,2026-08-09,Watch Ultra 2,v18.2.0-b2,GS-LEO-16,GS-CA-B,Messages_Satellite,8.56,79.5,3846.0,0.0287,Degraded,-1,1
SES-181540,2026-08-18 10:15:41+00:00,2026-08-18,Watch Ultra 2,v18.2.0-b2,GS-LEO-02,GS-OR-D,Roadside_Assistance,15.94,54.9,3838.0,0.2039,Degraded,-1,1
SES-176528,2026-08-03 16:52:10+00:00,2026-08-03,Watch Ultra 2,v18.2.0-b2,GS-LEO-02,GS-FL-C,Messages_Satellite,8.24,58.3,3878.0,0.0028,Degraded,-1,1
SES-163917,2026-08-02 11:25:50+00:00,2026-08-02,Watch Ultra 2,v18.2.0-b2,GS-LEO-02,GS-TX-A,Roadside_Assistance,8.65,82.5,3889.0,0.0016,Degraded,-1,1
SES-125257,2026-08-22 11:31:52+00:00,2026-08-22,Watch Ultra 2,v18.2.0-b2,GS-LEO-02,GS-FL-C,FindMy_Ping,9.31,70.8,3892.0,0.1736,Degraded,-1,1
SES-154821,2026-08-18 23:23:47+00:00,2026-08-18,Watch Ultra 2,v18.2.0-b2,GS-LEO-16,GS-FL-C,Roadside_Assistance,21.32,84.1,3141.0,0.0249,Degraded,-1,1
SES-140496,2026-08-01 19:18:30+00:00,2026-08-01,Watch Ultra 2,v18.2.0-b2,GS-LEO-02,GS-OR-D,Roadside_Assistance,10.21,79.3,3942.0,0.1031,Degraded,-1,1
SES-103131,2026-08-27 07:31:34+00:00,2026-08-27,Watch Ultra 2,v18.2.0-b2,GS-LEO-02,GS-TX-A,Messages_Satellite,15.0,42.9,3985.0,0.2604,Degraded,-1,1
SES-173978,2026-08-10 07:34:54+00:00,2026-08-10,Watch Ultra 2,v18.2.0-b2,GS-LEO-02,GS-OR-D,Messages_Satellite,18.94,30.2,4040.0,0.0048,Degraded,-1,1
SES-178491,2026-08-21 10:26:49+00:00,2026-08-21,Watch Ultra 2,v18.2.0-b2,GS-LEO-02,GS-CA-B,Messages_Satellite,9.77,20.6,4075.0,0.3782,Degraded,-1,1
SES-166906,2026-08-06 15:18:26+00:00,2026-08-06,Watch Ultra 2,v18.2.0-b2,GS-LEO-02,GS-CA-B,Roadside_Assistance,15.57,23.4,4124.0,0.1428,Degraded,-1,1
SES-188211,2026-08-07 08:51:17+00:00,2026-08-07,Watch Ultra 2,v18.2.0-b2,GS-LEO-02,GS-CA-B,Messages_Satellite,9.01,58.3,4227.0,0.502,Degraded,-1,1
SES-195319,2026-08-07 18:45:42+00:00,2026-08-07,Watch Ultra 2,v18.2.1,GS-LEO-16,GS-CA-B,Messages_Satellite,5.47,66.6,1121.0,0.5768,Degraded,-1,1
SES-157654,2026-08-02 11:53:55+00:00,2026-08-02,Watch Ultra 2,v18.2.1,GS-LEO-13,GS-CA-B,Messages_Satellite,10.49,30.7,935.0,0.6921,Degraded,-1,1
SES-193387,2026-08-29 00:53:09+00:00,2026-08-29,Watch Ultra 2,v18.2.0-b2,GS-LEO-02,GS-OR-D,Messages_Satellite,6.58,56.4,4524.0,0.0404,Degraded,-1,1
SES-195389,2026-08-11 12:34:01+00:00,2026-08-11,Watch Ultra 2,v18.2.1,GS-LEO-03,GS-CA-B,Messages_Satellite,21.52,19.2,623.0,0.5488,Degraded,-1,1
SES-193431,2026-08-21 08:03:50+00:00,2026-08-21,Watch Ultra 2,v18.2.0-b2,GS-LEO-16,GS-CA-B,Messages_Satellite,6.68,70.0,1031.0,0.7621,Degraded,-1,1
SES-111332,2026-08-21 05:15:06+00:00,2026-08-21,Watch Ultra 2,v18.1.0,GS-LEO-03,GS-CA-B,Emergency_SOS,18.44,80.5,668.0,0.5582,Degraded,-1,1
SES-111542,2026-08-28 16:15:14+00:00,2026-08-28,Watch Ultra 2,v18.2.0-b2,GS-LEO-13,GS-FL-C,Roadside_Assistance,17.96,16.1,2260.0,0.1801,Acceptable,-1,1
SES-151934,2026-08-17 18:51:32+00:00,2026-08-17,Watch Ultra 2,v18.2.0-b2,GS-LEO-13,GS-TX-A,FindMy_Ping,7.43,76.1,3628.0,0.0067,Degraded,-1,1
SES-129865,2026-08-03 21:55:18+00:00,2026-08-03,Watch Ultra 2,v18.2.0-b2,GS-LEO-13,GS-CA-B,FindMy_Ping,14.01,78.0,3881.0,0.0268,Degraded,-1,1
SES-199555,2026-08-22 00:52:07+00:00,2026-08-22,Watch Ultra 2,v18.2.0-b2,GS-LEO-13,GS-FL-C,Messages_Satellite,18.33,66.3,4055.0,0.0545,Degraded,-1,1
SES-115975,2026-08-21 00:09:07+00:00,2026-08-21,Watch Ultra 2,v18.2.0-b2,GS-LEO-13,GS-OR-D,Messages_Satellite,16.81,51.5,4085.0,0.089,Degraded,-1,1
SES-131516,2026-08-30 04:07:33+00:00,2026-08-30,Watch Ultra 2,v18.2.0-b2,GS-LEO-13,GS-TX-A,Emergency_SOS,1.13,84.5,4113.0,0.0406,Degraded,-1,1
SES-106908,2026-08-09 17:37:05+00:00,2026-08-09,Watch Ultra 2,v18.2.0-b2,GS-LEO-13,GS-TX-A,Messages_Satellite,10.43,37.2,4178.0,0.1853,Degraded,-1,1
SES-105657,2026-08-12 19:13:10+00:00,2026-08-12,Watch Ultra 2,v18.2.0-b2,GS-LEO-13,GS-OR-D,Roadside_Assistance,15.59,75.4,4251.0,0.0874,Degraded,-1,1
SES-108316,2026-08-05 03:53:34+00:00,2026-08-05,Watch Ultra 2,v18.2.0-b2,GS-LEO-13,GS-FL-C,Messages_Satellite,12.52,65.9,4273.0,0.0939,Degraded,-1,1
SES-153442,2026-08-07 09:58:29+00:00,2026-08-07,Watch Ultra 2,v18.2.0-b2,GS-LEO-13,GS-TX-A,Emergency_SOS,6.53,15.4,4277.0,0.0415,Degraded,-1,1
SES-146516,2026-08-15 10:30:32+00:00,2026-08-15,Watch Ultra 2,v18.2.0-b2,GS-LEO-13,GS-OR-D,FindMy_Ping,10.67,77.1,4298.0,0.0049,Degraded,-1,1
SES-198681,2026-08-22 03:13:06+00:00,2026-08-22,Watch Ultra 2,v18.1.0,GS-LEO-14,GS-CA-B,FindMy_Ping,23.42,66.9,591.0,0.2811,Degraded,-1,1
SES-155831,2026-08-16 09:44:00+00:00,2026-08-16,Watch Ultra 2,v18.2.0-b2,GS-LEO-16,GS-CA-B,Messages_Satellite,9.59,20.1,912.0,0.7212,Degraded,-1,1
SES-112345,2026-08-28 02:16:52+00:00,2026-08-28,Watch Ultra 2,v18.2.1,GS-LEO-03,GS-CA-B,Messages_Satellite,14.46,17.5,771.0,0.6502,Degraded,-1,1
SES-171676,2026-08-21 21:36:14+00:00,2026-08-21,Watch Ultra 2,v18.2.0-b2,GS-LEO-14,GS-CA-B,Emergency_SOS,16.16,48.9,777.0,0.7043,Degraded,-1,1
SES-137017,2026-08-26 12:59:20+00:00,2026-08-26,Watch Ultra 2,v18.2.1,GS-LEO-14,GS-CA-B,Messages_Satellite,14.78,84.4,799.0,0.7229,Degraded,-1,1
SES-166582,2026-08-15 11:42:37+00:00,2026-08-15,Watch Ultra 2,v18.2.0-b2,GS-LEO-15,GS-OR-D,FindMy_Ping,8.25,27.8,4295.0,0.1624,Degraded,-1,1
SES-114391,2026-08-23 06:59:54+00:00,2026-08-23,Watch Ultra 2,v18.1.0,GS-LEO-03,GS-CA-B,Messages_Satellite,6.88,18.5,930.0,0.5771,Degraded,-1,1
SES-110908,2026-08-10 16:36:05+00:00,2026-08-10,Watch Ultra 2,v18.2.0-b2,GS-LEO-15,GS-CA-B,Messages_Satellite,12.85,44.8,3211.0,0.4113,Degraded,-1,1
SES-199789,2026-08-21 04:04:13+00:00,2026-08-21,Watch Ultra 2,v18.2.0-b2,GS-LEO-15,GS-FL-C,FindMy_Ping,23.2,64.0,2992.0,0.0552,Degraded,-1,1
SES-168725,2026-08-17 09:20:48+00:00,2026-08-17,Watch Ultra 2,v18.2.0-b2,GS-LEO-15,GS-CA-B,FindMy_Ping,20.37,78.7,2583.0,0.101,Degraded,-1,1
SES-183382,2026-08-07 11:51:14+00:00,2026-08-07,Watch Ultra 2,v18.2.0-b2,GS-LEO-14,GS-CA-B,Roadside_Assistance,10.08,22.4,913.0,0.7497,Degraded,-1,1
SES-135040,2026-08-29 00:43:32+00:00,2026-08-29,Watch Ultra 2,v18.2.1,GS-LEO-03,GS-CA-B,Messages_Satellite,9.67,77.3,924.0,0.6827,Degraded,-1,1
SES-101552,2026-08-10 13:50:17+00:00,2026-08-10,Watch Ultra 2,v18.2.1,GS-LEO-15,GS-CA-B,Messages_Satellite,7.62,40.2,1062.0,0.7037,Degraded,-1,1
SES-108959,2026-08-08 10:36:45+00:00,2026-08-08,Watch Ultra 2,v18.1.0,GS-LEO-14,GS-CA-B,FindMy_Ping,9.9,43.4,949.0,0.6842,Degraded,-1,1
SES-122843,2026-08-28 12:14:09+00:00,2026-08-28,Watch Ultra 2,v18.2.0-b2,GS-LEO-14,GS-CA-B,Roadside_Assistance,8.11,45.4,967.0,0.6285,Degraded,-1,1
SES-136651,2026-08-25 05:08:34+00:00,2026-08-25,Watch Ultra 2,v18.1.0,GS-LEO-03,GS-CA-B,Messages_Satellite,11.06,40.3,899.0,0.6524,Degraded,-1,1
SES-107653,2026-08-31 21:16:53+00:00,2026-08-31,Watch Ultra 2,v18.2.0-b2,GS-LEO-14,GS-CA-B,Roadside_Assistance,17.62,39.4,3457.0,0.4049,Degraded,-1,1
SES-162136,2026-08-10 10:53:13+00:00,2026-08-10,Watch Ultra 2,v18.2.0-b2,GS-LEO-14,GS-OR-D,Messages_Satellite,8.19,66.0,3562.0,0.1959,Degraded,-1,1
SES-138954,2026-08-10 17:33:37+00:00,2026-08-10,Watch Ultra 2,v18.2.0-b2,GS-LEO-14,GS-CA-B,FindMy_Ping,12.82,17.3,3582.0,0.4462,Degraded,-1,1
SES-114717,2026-08-15 07:27:47+00:00,2026-08-15,Watch Ultra 2,v18.2.0-b2,GS-LEO-14,GS-FL-C,Messages_Satellite,18.91,57.0,3703.0,0.034,Degraded,-1,1
SES-195552,2026-08-23 06:57:26+00:00,2026-08-23,Watch Ultra 2,v18.2.0-b2,GS-LEO-14,GS-FL-C,Roadside_Assistance,6.53,77.2,4424.0,0.0558,Degraded,-1,1
SES-148803,2026-08-09 11:03:42+00:00,2026-08-09,Watch Ultra 2,v18.2.0-b2,GS-LEO-15,GS-FL-C,Messages_Satellite,23.4,84.6,458.0,0.0275,Optimal,-1,1
SES-129120,2026-08-20 23:50:24+00:00,2026-08-20,Watch Ultra 2,v18.2.0-b2,GS-LEO-24,GS-TX-A,Emergency_SOS,15.13,61.2,4116.0,0.0357,Degraded,-1,1
SES-157346,2026-08-23 04:55:29+00:00,2026-08-23,Watch Ultra 2,v18.2.1,GS-LEO-15,GS-CA-B,Roadside_Assistance,12.07,21.1,848.0,0.7528,Degraded,-1,1
SES-190305,2026-08-15 09:36:09+00:00,2026-08-15,Watch Ultra 3,v18.2.1,GS-LEO-15,GS-CA-B,Emergency_SOS,19.91,47.0,681.0,0.6656,Degraded,-1,1
SES-170789,2026-08-06 23:52:43+00:00,2026-08-06,Watch Ultra 3,v18.2.0-b2,GS-LEO-14,GS-TX-A,Messages_Satellite,4.61,62.1,4434.0,0.1353,Degraded,-1,1
SES-124420,2026-08-30 21:50:18+00:00,2026-08-30,Watch Ultra 3,v18.2.0-b2,GS-LEO-14,GS-CA-B,Messages_Satellite,8.83,39.9,4249.0,0.1611,Degraded,-1,1
SES-147408,2026-08-02 17:01:54+00:00,2026-08-02,Watch Ultra 3,v18.2.0-b2,GS-LEO-14,GS-CA-B,Roadside_Assistance,20.02,23.9,3604.0,0.0252,Degraded,-1,1
SES-126234,2026-08-15 06:04:07+00:00,2026-08-15,Watch Ultra 3,v18.2.0-b2,GS-LEO-14,GS-TX-A,Messages_Satellite,21.8,63.0,3248.0,0.1189,Degraded,-1,1
SES-116113,2026-08-13 18:32:57+00:00,2026-08-13,Watch Ultra 3,v18.2.0-b2,GS-LEO-15,GS-CA-B,Messages_Satellite,8.07,69.4,927.0,0.6882,Degraded,-1,1
SES-101061,2026-08-01 17:52:52+00:00,2026-08-01,Watch Ultra 3,v18.1.0,GS-LEO-15,GS-CA-B,Messages_Satellite,10.56,17.8,945.0,0.6211,Degraded,-1,1
SES-110387,2026-08-15 09:49:28+00:00,2026-08-15,Watch Ultra 3,v18.2.0-b2,GS-LEO-03,GS-CA-B,Messages_Satellite,10.81,27.4,908.0,0.6859,Degraded,-1,1
SES-109188,2026-08-16 22:40:49+00:00,2026-08-16,Watch Ultra 3,v18.1.0,GS-LEO-03,GS-CA-B,FindMy_Ping,16.18,82.8,821.0,0.6565,Degraded,-1,1
SES-179554,2026-08-25 00:40:34+00:00,2026-08-25,Watch Ultra 3,v18.2.0-b2,GS-LEO-15,GS-FL-C,FindMy_Ping,1.24,53.2,2779.0,0.0212,Degraded,-1,1
SES-184297,2026-08-22 03:22:24+00:00,2026-08-22,Watch Ultra 3,v18.2.0-b2,GS-LEO-15,GS-FL-C,FindMy_Ping,13.85,41.2,3906.0,0.1838,Degraded,-1,1
SES-117913,2026-08-02 21:56:01+00:00,2026-08-02,Watch Ultra 3,v18.2.0-b2,GS-LEO-15,GS-CA-B,Messages_Satellite,17.87,60.4,3940.0,0.0691,Degraded,-1,1
SES-124797,2026-08-01 21:10:15+00:00,2026-08-01,Watch Ultra 3,v18.2.0-b2,GS-LEO-15,GS-FL-C,FindMy_Ping,18.07,84.3,3942.0,0.0882,Degraded,-1,1
SES-161830,2026-08-09 23:00:54+00:00,2026-08-09,Watch Ultra 3,v18.2.0-b2,GS-LEO-15,GS-OR-D,Messages_Satellite,12.28,82.9,3996.0,0.0096,Degraded,-1,1
SES-106292,2026-08-30 03:10:10+00:00,2026-08-30,Watch Ultra 3,v18.2.0-b2,GS-LEO-15,GS-OR-D,FindMy_Ping,9.45,19.3,4193.0,0.0189,Degraded,-1,1
SES-164594,2026-08-14 14:01:04+00:00,2026-08-14,Watch Ultra 3,v18.2.0-b2,GS-LEO-15,GS-CA-B,Emergency_SOS,10.71,83.3,4239.0,0.1431,Degraded,-1,1
SES-117499,2026-08-26 09:53:14+00:00,2026-08-26,Watch Ultra 3,v18.2.0-b2,GS-LEO-15,GS-TX-A,Messages_Satellite,12.87,72.0,4324.0,0.0555,Degraded,-1,1
SES-151805,2026-08-04 14:56:11+00:00,2026-08-04,Watch Ultra 3,v18.2.0-b2,GS-LEO-15,GS-OR-D,Messages_Satellite,6.74,38.1,4465.0,0.1815,Degraded,-1,1
SES-159007,2026-08-08 21:02:20+00:00,2026-08-08,Watch Ultra 3,v18.2.0-b2,GS-LEO-16,GS-CA-B,Messages_Satellite,20.32,67.8,710.0,0.6434,Degraded,-1,1
SES-119076,2026-08-29 07:07:36+00:00,2026-08-29,Watch Ultra 3,v18.2.0-b2,GS-LEO-16,GS-CA-B,Roadside_Assistance,18.22,20.0,789.0,0.5879,Degraded,-1,1
SES-132313,2026-08-31 23:21:59+00:00,2026-08-31,Watch Ultra 3,v18.1.0,GS-LEO-16,GS-CA-B,Emergency_SOS,12.01,36.8,807.0,0.6495,Degraded,-1,1
SES-149647,2026-08-18 11:22:08+00:00,2026-08-18,Watch Ultra 3,v18.1.0,GS-LEO-03,GS-CA-B,Messages_Satellite,15.25,24.5,782.0,0.6235,Degraded,-1,1
SES-111313,2026-08-02 06:41:46+00:00,2026-08-02,Watch Ultra 3,v18.2.1,GS-LEO-16,GS-CA-B,Emergency_SOS,15.21,25.7,835.0,0.6439,Degraded,-1,1
SES-129091,2026-08-07 11:16:10+00:00,2026-08-07,Watch Ultra 3,v18.2.1,GS-LEO-14,GS-CA-B,Messages_Satellite,16.98,25.5,784.0,0.6533,Degraded,-1,1
SES-173540,2026-08-28 08:14:12+00:00,2026-08-28,Watch Ultra 3,v18.2.1,GS-LEO-16,GS-CA-B,Messages_Satellite,15.84,16.6,852.0,0.6224,Degraded,-1,1
SES-188286,2026-08-25 21:10:57+00:00,2026-08-25,Watch Ultra 3,v18.2.0-b2,GS-LEO-16,GS-CA-B,Messages_Satellite,9.57,28.2,884.0,0.6215,Degraded,-1,1
SES-197499,2026-08-18 12:57:31+00:00,2026-08-18,Watch Ultra 3,v18.2.0-b2,GS-LEO-13,GS-TX-A,Roadside_Assistance,14.02,75.2,4063.0,0.1406,Degraded,-1,1
SES-189870,2026-08-30 01:52:59+00:00,2026-08-30,Watch Ultra 3,v18.2.0-b2,GS-LEO-13,GS-FL-C,FindMy_Ping,14.86,65.4,3954.0,0.083,Degraded,-1,1
SES-153598,2026-08-23 03:23:42+00:00,2026-08-23,Watch Ultra 3,v18.2.0-b2,GS-LEO-13,GS-TX-A,FindMy_Ping,5.01,69.8,3818.0,0.0668,Degraded,-1,1
SES-149971,2026-08-03 00:36:03+00:00,2026-08-03,Watch Ultra 3,v18.2.0-b2,GS-LEO-13,GS-FL-C,Emergency_SOS,19.14,19.7,3705.0,0.0088,Degraded,-1,1
SES-198278,2026-08-29 04:47:55+00:00,2026-08-29,Watch Ultra 3,v18.1.0,GS-LEO-16,GS-CA-B,FindMy_Ping,12.84,40.6,930.0,0.831,Degraded,-1,1
SES-112307,2026-08-10 09:50:32+00:00,2026-08-10,Watch Ultra 3,v18.2.0-b2,GS-LEO-13,GS-CA-B,Emergency_SOS,12.16,31.7,3492.0,0.2819,Degraded,-1,1
SES-198086,2026-08-12 22:29:32+00:00,2026-08-12,Watch Ultra 3,v18.2.0-b2,GS-LEO-13,GS-TX-A,Emergency_SOS,20.17,55.5,3235.0,0.0299,Degraded,-1,1
SES-109971,2026-08-12 06:47:43+00:00,2026-08-12,Watch Ultra 3,v18.2.0-b2,GS-LEO-13,GS-OR-D,FindMy_Ping,25.74,39.5,3138.0,0.1475,Degraded,-1,1
SES-113094,2026-08-22 19:05:08+00:00,2026-08-22,Watch Ultra 3,v18.2.1,GS-LEO-16,GS-CA-B,Roadside_Assistance,10.75,57.4,939.0,0.7075,Degraded,-1,1
SES-137900,2026-08-28 19:07:38+00:00,2026-08-28,Watch Ultra 3,v18.2.0-b2,GS-LEO-13,GS-FL-C,FindMy_Ping,3.88,31.3,2906.0,0.1806,Degraded,-1,1
SES-126660,2026-08-19 02:22:55+00:00,2026-08-19,Watch Ultra 3,v18.2.1,GS-LEO-13,GS-CA-B,Emergency_SOS,5.08,66.6,1147.0,0.5031,Degraded,-1,1
SES-140194,2026-08-02 00:59:45+00:00,2026-08-02,Watch Ultra 3,v18.2.1,GS-LEO-13,GS-CA-B,Messages_Satellite,6.17,81.1,1144.0,0.4248,Degraded,-1,1
SES-104171,2026-08-29 07:54:49+00:00,2026-08-29,Watch Ultra 3,v18.2.1,GS-LEO-13,GS-CA-B,Messages_Satellite,4.49,59.9,1137.0,0.4572,Degraded,-1,1
SES-165263,2026-08-09 06:01:11+00:00,2026-08-09,Watch Ultra 3,v18.2.1,GS-LEO-03,GS-CA-B,Emergency_SOS,5.3,55.2,989.0,0.5855,Degraded,-1,1
SES-170675,2026-08-13 14:23:05+00:00,2026-08-13,Watch Ultra 3,v18.2.1,GS-LEO-16,GS-CA-B,FindMy_Ping,7.37,70.8,996.0,0.7808,Degraded,-1,1
SES-120829,2026-08-26 17:54:21+00:00,2026-08-26,Watch Ultra 3,v18.1.0,GS-LEO-16,GS-CA-B,Messages_Satellite,9.55,18.5,1016.0,0.6263,Degraded,-1,1
SES-140627,2026-08-20 09:17:17+00:00,2026-08-20,Watch Ultra 3,v18.1.0,GS-LEO-13,GS-CA-B,Roadside_Assistance,7.78,60.2,966.0,0.6284,Degraded,-1,1
SES-118708,2026-08-18 18:39:58+00:00,2026-08-18,Watch Ultra 3,v18.1.0,GS-LEO-03,GS-CA-B,Emergency_SOS,21.54,55.3,616.0,0.751,Degraded,-1,1
SES-121327,2026-08-23 01:35:29+00:00,2026-08-23,Watch Ultra 3,v18.2.0-b2,GS-LEO-02,GS-OR-D,Emergency_SOS,4.18,50.0,4442.0,0.0544,Degraded,-1,1
SES-164803,2026-08-01 09:21:07+00:00,2026-08-01,Watch Ultra 3,v18.2.0-b2,GS-LEO-02,GS-FL-C,FindMy_Ping,14.86,58.5,4181.0,0.1324,Degraded,-1,1
SES-130903,2026-08-25 17:18:00+00:00,2026-08-25,Watch Ultra 3,v18.2.0-b2,GS-LEO-02,GS-FL-C,Messages_Satellite,8.13,19.8,4170.0,0.0085,Degraded,-1,1
SES-122274,2026-08-18 07:04:55+00:00,2026-08-18,Watch Ultra 3,v18.2.0-b2,GS-LEO-02,GS-CA-B,Emergency_SOS,6.03,40.8,4149.0,0.0263,Degraded,-1,1
SES-189064,2026-08-11 05:31:37+00:00,2026-08-11,Watch Ultra 3,v18.2.0-b2,GS-LEO-16,GS-CA-B,Messages_Satellite,15.85,78.6,2667.0,0.3477,Degraded,-1,1
SES-147401,2026-08-31 21:03:13+00:00,2026-08-31,Watch Ultra 3,v18.2.0-b2,GS-LEO-16,GS-TX-A,Messages_Satellite,22.58,52.6,3398.0,0.2374,Degraded,-1,1
SES-140484,2026-08-10 16:23:46+00:00,2026-08-10,Watch Ultra 3,v18.2.0-b2,GS-LEO-02,GS-FL-C,Roadside_Assistance,19.37,43.7,3839.0,0.0541,Degraded,-1,1
SES-130540,2026-08-28 21:00:43+00:00,2026-08-28,Watch Ultra 3,v18.2.0-b2,GS-LEO-02,GS-OR-D,Messages_Satellite,3.75,72.2,3780.0,0.0247,Degraded,-1,1
SES-185468,2026-08-30 13:43:10+00:00,2026-08-30,Watch Ultra 3,v18.2.0-b2,GS-LEO-16,GS-TX-A,Messages_Satellite,16.05,25.5,3578.0,0.1824,Degraded,-1,1
SES-183833,2026-08-03 10:49:58+00:00,2026-08-03,Watch Ultra 3,v18.2.0-b2,GS-LEO-16,GS-OR-D,Roadside_Assistance,15.63,84.6,3614.0,0.1045,Degraded,-1,1
SES-100112,2026-08-11 15:31:37+00:00,2026-08-11,Watch Ultra 3,v18.2.0-b2,GS-LEO-16,GS-OR-D,Roadside_Assistance,6.33,21.4,3964.0,0.1678,Degraded,-1,1
SES-123134,2026-08-24 23:32:31+00:00,2026-08-24,Watch Ultra 3,v18.2.0-b2,GS-LEO-16,GS-TX-A,Messages_Satellite,16.13,79.3,3990.0,0.0758,Degraded,-1,1
SES-140356,2026-08-29 01:20:13+00:00,2026-08-29,Watch Ultra 3,v18.2.0-b2,GS-LEO-16,GS-FL-C,Messages_Satellite,13.44,71.6,4315.0,0.0237,Degraded,-1,1
SES-171569,2026-08-31 17:48:00+00:00,2026-08-31,Watch Ultra 3,v18.2.0-b2,GS-LEO-16,GS-CA-B,Emergency_SOS,12.59,82.5,4321.0,0.0114,Degraded,-1,1
SES-187929,2026-08-07 11:02:38+00:00,2026-08-07,Watch Ultra 3,v18.2.0-b2,GS-LEO-16,GS-FL-C,Messages_Satellite,6.92,28.0,4333.0,0.1651,Degraded,-1,1
SES-179656,2026-08-31 22:16:31+00:00,2026-08-31,Watch Ultra 3,v18.1.0,GS-LEO-17,GS-CA-B,Messages_Satellite,23.62,26.5,540.0,0.5395,Degraded,-1,1
SES-192483,2026-08-13 08:27:09+00:00,2026-08-13,Watch Ultra 3,v18.2.0-b2,GS-LEO-13,GS-CA-B,Emergency_SOS,13.86,81.7,904.0,0.6046,Degraded,-1,1
SES-181685,2026-08-11 05:38:03+00:00,2026-08-11,Watch Ultra 3,v18.2.0-b2,GS-LEO-02,GS-CA-B,Messages_Satellite,16.72,69.5,3491.0,0.4699,Degraded,-1,1
SES-136313,2026-08-15 07:35:46+00:00,2026-08-15,Watch Ultra 3,v18.2.1,GS-LEO-17,GS-CA-B,Messages_Satellite,18.44,54.0,661.0,0.7148,Degraded,-1,1
SES-194721,2026-08-29 22:53:57+00:00,2026-08-29,Watch Ultra 3,v18.2.0-b2,GS-LEO-02,GS-CA-B,Emergency_SOS,10.16,43.1,3351.0,0.6063,Degraded,-1,1
SES-197891,2026-08-26 06:28:34+00:00,2026-08-26,Watch Ultra 3,v18.2.0-b2,GS-LEO-02,GS-FL-C,Emergency_SOS,7.25,24.0,3064.0,0.2368,Degraded,-1,1
SES-138507,2026-08-26 14:18:39+00:00,2026-08-26,Watch Ultra 3,v18.2.0-b2,GS-LEO-02,GS-CA-B,Messages_Satellite,4.5,43.6,2572.0,0.4503,Degraded,-1,1
SES-125637,2026-08-13 15:02:58+00:00,2026-08-13,Watch Ultra 3,v18.2.0-b2,GS-LEO-13,GS-CA-B,Messages_Satellite,12.8,29.7,818.0,0.6762,Degraded,-1,1
SES-156358,2026-08-24 07:20:38+00:00,2026-08-24,Watch Ultra 3,v18.2.0-b2,GS-LEO-13,GS-CA-B,Messages_Satellite,17.94,18.0,748.0,0.5318,Degraded,-1,1
SES-125918,2026-08-31 18:43:07+00:00,2026-08-31,Watch Ultra 3,v18.2.0-b2,GS-LEO-03,GS-FL-C,Messages_Satellite,24.6,35.5,2581.0,0.0984,Degraded,-1,1
SES-188078,2026-08-11 03:32:47+00:00,2026-08-11,Watch Ultra 3,v18.2.1,GS-LEO-02,GS-CA-B,Roadside_Assistance,8.94,48.4,1042.0,0.6662,Degraded,-1,1
SES-183410,2026-08-30 15:57:24+00:00,2026-08-30,Watch Ultra 3,v18.2.0-b2,GS-LEO-03,GS-CA-B,Messages_Satellite,20.83,84.7,2947.0,0.0415,Degraded,-1,1
SES-191451,2026-08-02 06:42:11+00:00,2026-08-02,Watch Ultra 3,v18.1.0,GS-LEO-02,GS-CA-B,Messages_Satellite,7.53,34.4,1032.0,0.5853,Degraded,-1,1
SES-106765,2026-08-24 11:02:53+00:00,2026-08-24,Watch Ultra 3,v18.2.0-b2,GS-LEO-12,GS-TX-A,Emergency_SOS,7.41,40.5,4388.0,0.0143,Degraded,-1,1
SES-195593,2026-08-23 13:53:36+00:00,2026-08-23,Watch Ultra 3,v18.2.0-b2,GS-LEO-12,GS-OR-D,Messages_Satellite,15.1,16.4,4238.0,0.0389,Degraded,-1,1
SES-119184,2026-08-01 17:23:53+00:00,2026-08-01,Watch Ultra 3,v18.2.0-b2,GS-LEO-12,GS-CA-B,Messages_Satellite,17.74,69.6,4108.0,0.5755,Degraded,-1,1
SES-173065,2026-08-14 09:01:12+00:00,2026-08-14,Watch Ultra 3,v18.2.0-b2,GS-LEO-12,GS-TX-A,Messages_Satellite,17.92,26.6,3792.0,0.1366,Degraded,-1,1
SES-175817,2026-08-10 19:27:22+00:00,2026-08-10,Watch Ultra 3,v18.2.1,GS-LEO-02,GS-CA-B,Roadside_Assistance,6.4,40.8,1022.0,0.7159,Degraded,-1,1
SES-113189,2026-08-26 11:53:41+00:00,2026-08-26,Watch Ultra 3,v18.2.0-b2,GS-LEO-03,GS-CA-B,FindMy_Ping,17.48,83.8,3461.0,0.0515,Degraded,-1,1
SES-126966,2026-08-27 12:03:23+00:00,2026-08-27,Watch Ultra 3,v18.2.0-b2,GS-LEO-03,GS-FL-C,Messages_Satellite,15.15,81.9,3486.0,0.1306,Degraded,-1,1
SES-162537,2026-08-03 00:20:27+00:00,2026-08-03,Watch Ultra 3,v18.2.0-b2,GS-LEO-03,GS-CA-B,Messages_Satellite,18.53,38.9,3678.0,0.7069,Degraded,-1,1
SES-122907,2026-08-10 11:04:41+00:00,2026-08-10,Watch Ultra 3,v18.2.0-b2,GS-LEO-03,GS-CA-B,Messages_Satellite,9.09,24.8,3710.0,0.4783,Degraded,-1,1
SES-165989,2026-08-20 15:08:21+00:00,2026-08-20,Watch Ultra 3,v18.1.0,GS-LEO-12,GS-CA-B,Messages_Satellite,12.44,70.6,1073.0,0.6414,Degraded,-1,1
SES-158199,2026-08-14 14:47:41+00:00,2026-08-14,Watch Ultra 3,v18.2.0-b2,GS-LEO-03,GS-CA-B,Emergency_SOS,15.46,16.5,3914.0,0.6937,Degraded,-1,1
SES-101955,2026-08-09 09:09:33+00:00,2026-08-09,Watch Ultra 3,v18.2.0-b2,GS-LEO-03,GS-CA-B,Messages_Satellite,13.51,76.6,3919.0,0.2784,Degraded,-1,1
SES-117335,2026-08-19 19:56:13+00:00,2026-08-19,Watch Ultra 3,v18.2.0-b2,GS-LEO-03,GS-CA-B,Messages_Satellite,4.56,73.9,4107.0,0.0973,Degraded,-1,1
SES-160580,2026-08-22 04:32:27+00:00,2026-08-22,Watch Ultra 3,v18.2.1,GS-LEO-12,GS-CA-B,Messages_Satellite,5.92,24.6,1036.0,0.5881,Degraded,-1,1
SES-167278,2026-08-09 14:42:10+00:00,2026-08-09,Watch Ultra 3,v18.1.0,GS-LEO-12,GS-CA-B,Messages_Satellite,10.67,52.3,1019.0,0.6016,Degraded,-1,1
SES-195244,2026-08-05 12:28:48+00:00,2026-08-05,Watch Ultra 3,v18.2.0-b2,GS-LEO-03,GS-TX-A,Messages_Satellite,4.03,78.3,4408.0,0.0996,Degraded,-1,1
SES-176670,2026-08-06 08:11:10+00:00,2026-08-06,Watch Ultra 3,v18.2.1,GS-LEO-17,GS-CA-B,Messages_Satellite,7.88,27.7,1039.0,0.6816,Degraded,-1,1
SES-114360,2026-08-02 02:36:11+00:00,2026-08-02,Watch Ultra 3,v18.2.1,GS-LEO-17,GS-CA-B,Messages_Satellite,9.76,69.3,1040.0,0.6958,Degraded,-1,1
SES-120517,2026-08-04 10:15:57+00:00,2026-08-04,Watch Ultra 3,v18.1.0,GS-LEO-17,GS-CA-B,Messages_Satellite,8.92,38.0,1046.0,0.6421,Degraded,-1,1
SES-136904,2026-08-04 08:37:45+00:00,2026-08-04,Watch Ultra 3,v18.2.0-b2,GS-LEO-12,GS-CA-B,FindMy_Ping,8.44,16.4,965.0,0.5168,Degraded,-1,1
SES-144865,2026-08-18 15:29:40+00:00,2026-08-18,Watch Ultra 3,v18.2.1,GS-LEO-12,GS-CA-B,Messages_Satellite,11.87,26.6,962.0,0.628,Degraded,-1,1
SES-121701,2026-08-11 09:55:32+00:00,2026-08-11,Watch Ultra 3,v18.1.0,GS-LEO-17,GS-CA-B,FindMy_Ping,4.31,33.4,1106.0,0.5833,Degraded,-1,1
SES-126412,2026-08-11 00:17:41+00:00,2026-08-11,Watch Ultra 3,v18.2.1,GS-LEO-17,GS-CA-B,Messages_Satellite,7.79,72.6,1116.0,0.6521,Degraded,-1,1
SES-135384,2026-08-23 03:18:44+00:00,2026-08-23,Watch Ultra 3,v18.2.1,GS-LEO-17,GS-CA-B,FindMy_Ping,-2.21,29.2,1225.0,0.7965,Degraded,-1,1
SES-150734,2026-08-20 12:34:27+00:00,2026-08-20,Watch Ultra 3,v18.2.0-b2,GS-LEO-02,GS-CA-B,Emergency_SOS,7.46,19.1,985.0,0.7209,Degraded,-1,1
SES-133050,2026-08-25 22:27:52+00:00,2026-08-25,Watch Ultra 3,v18.2.0-b2,GS-LEO-17,GS-FL-C,Messages_Satellite,8.23,39.1,3782.0,0.1904,Degraded,-1,1
SES-144126,2026-08-07 05:20:04+00:00,2026-08-07,Watch Ultra 3,v18.2.0-b2,GS-LEO-17,GS-TX-A,Messages_Satellite,14.66,56.2,3966.0,0.0067,Degraded,-1,1
SES-123056,2026-08-31 05:01:49+00:00,2026-08-31,Watch Ultra 3,v18.2.0-b2,GS-LEO-17,GS-FL-C,Roadside_Assistance,7.44,24.0,4241.0,0.1577,Degraded,-1,1
SES-118317,2026-08-29 11:18:14+00:00,2026-08-29,Watch Ultra 3,v18.2.0-b2,GS-LEO-17,GS-FL-C,Messages_Satellite,14.8,21.2,4284.0,0.1193,Degraded,-1,1
SES-186008,2026-08-22 11:56:39+00:00,2026-08-22,Watch Ultra 3,v18.1.0,GS-LEO-12,GS-CA-B,Emergency_SOS,8.33,43.7,914.0,0.7575,Degraded,-1,1
SES-196159,2026-08-30 10:25:48+00:00,2026-08-30,Watch Ultra 3,v18.1.0,GS-LEO-04,GS-CA-B,Messages_Satellite,19.88,69.2,728.0,0.6456,Degraded,-1,1
SES-168415,2026-08-19 04:55:32+00:00,2026-08-19,Watch Ultra 3,v18.1.0,GS-LEO-12,GS-CA-B,Messages_Satellite,10.52,32.2,896.0,0.7045,Degraded,-1,1
SES-146353,2026-08-21 23:17:18+00:00,2026-08-21,Watch Ultra 3,v18.1.0,GS-LEO-18,GS-CA-B,Emergency_SOS,11.38,72.1,852.0,0.8858,Degraded,-1,1
SES-145152,2026-08-14 07:22:29+00:00,2026-08-14,Watch Ultra 3,v18.2.0-b2,GS-LEO-12,GS-CA-B,Roadside_Assistance,13.85,72.2,809.0,0.73,Degraded,-1,1
SES-112047,2026-08-30 23:59:43+00:00,2026-08-30,Watch Ultra 3,v18.2.0-b2,GS-LEO-12,GS-CA-B,Emergency_SOS,18.59,18.0,751.0,0.4272,Degraded,-1,1
SES-134804,2026-08-08 20:27:44+00:00,2026-08-08,Watch Ultra 3,v18.2.0-b2,GS-LEO-12,GS-CA-B,FindMy_Ping,19.03,20.0,704.0,0.686,Degraded,-1,1
SES-120058,2026-08-28 16:41:58+00:00,2026-08-28,Watch Ultra 3,v18.2.0-b2,GS-LEO-11,GS-FL-C,Messages_Satellite,9.58,63.7,4340.0,0.1586,Degraded,-1,1
SES-181373,2026-08-30 04:51:02+00:00,2026-08-30,Watch Ultra 3,v18.2.0-b2,GS-LEO-11,GS-OR-D,Messages_Satellite,12.85,16.8,3965.0,0.1329,Degraded,-1,1
SES-146961,2026-08-29 21:55:13+00:00,2026-08-29,Watch Ultra 3,v18.2.0-b2,GS-LEO-11,GS-FL-C,Messages_Satellite,4.08,79.4,3937.0,0.0405,Degraded,-1,1
SES-111994,2026-08-10 13:39:54+00:00,2026-08-10,Watch Ultra 3,v18.2.0-b2,GS-LEO-11,GS-CA-B,Roadside_Assistance,5.01,17.7,3900.0,0.054,Degraded,-1,1
SES-101906,2026-08-08 18:23:52+00:00,2026-08-08,Watch Ultra 3,v18.2.0-b2,GS-LEO-11,GS-CA-B,Messages_Satellite,20.43,27.2,3770.0,0.0485,Degraded,-1,1
SES-192139,2026-08-16 19:36:06+00:00,2026-08-16,Watch Ultra 3,v18.2.0-b2,GS-LEO-11,GS-FL-C,Messages_Satellite,7.69,77.4,3732.0,0.0045,Degraded,-1,1
SES-193841,2026-08-17 05:23:17+00:00,2026-08-17,Watch Ultra 3,v18.2.0-b2,GS-LEO-18,GS-CA-B,Emergency_SOS,12.22,47.8,952.0,0.6553,Degraded,-1,1
SES-167206,2026-08-15 10:08:27+00:00,2026-08-15,Watch Ultra 3,v18.2.0-b2,GS-LEO-11,GS-CA-B,Emergency_SOS,13.97,60.6,3066.0,0.3683,Degraded,-1,1
SES-159158,2026-08-07 10:22:53+00:00,2026-08-07,Watch Ultra 3,v18.2.0-b2,GS-LEO-11,GS-TX-A,Messages_Satellite,20.67,51.8,2938.0,0.1285,Degraded,-1,1
SES-147246,2026-08-28 03:35:37+00:00,2026-08-28,Watch Ultra 3,v18.2.0-b2,GS-LEO-11,GS-CA-B,Messages_Satellite,5.77,80.1,2676.0,0.6097,Degraded,-1,1
SES-127841,2026-08-26 06:31:29+00:00,2026-08-26,Watch Ultra 3,v18.2.1,GS-LEO-18,GS-CA-B,Messages_Satellite,7.27,27.5,987.0,0.7307,Degraded,-1,1
SES-130434,2026-08-02 05:03:15+00:00,2026-08-02,Watch Ultra 3,v18.1.0,GS-LEO-11,GS-CA-B,Messages_Satellite,7.55,42.6,1032.0,0.6468,Degraded,-1,1
SES-131137,2026-08-10 11:53:14+00:00,2026-08-10,Watch Ultra 3,v18.1.0,GS-LEO-11,GS-CA-B,Messages_Satellite,7.76,20.5,984.0,0.5697,Degraded,-1,1
SES-123548,2026-08-10 21:50:25+00:00,2026-08-10,Watch Ultra 3,v18.2.0-b2,GS-LEO-18,GS-FL-C,Messages_Satellite,20.72,68.4,2882.0,0.068,Degraded,-1,1
SES-154232,2026-08-26 00:33:12+00:00,2026-08-26,Watch Ultra 3,v18.2.0-b2,GS-LEO-18,GS-CA-B,Emergency_SOS,2.63,44.6,3541.0,0.0122,Degraded,-1,1
SES-121499,2026-08-23 17:38:18+00:00,2026-08-23,Watch Ultra 3,v18.2.0-b2,GS-LEO-18,GS-OR-D,Messages_Satellite,15.53,69.8,3736.0,0.1309,Degraded,-1,1
SES-116399,2026-08-28 08:17:23+00:00,2026-08-28,Watch Ultra 3,v18.2.0-b2,GS-LEO-18,GS-CA-B,Messages_Satellite,8.44,58.1,3754.0,0.1751,Degraded,-1,1
SES-122933,2026-08-29 06:44:21+00:00,2026-08-29,Watch Ultra 3,v18.2.0-b2,GS-LEO-18,GS-TX-A,Emergency_SOS,18.28,56.2,4127.0,0.0647,Degraded,-1,1
SES-130295,2026-08-03 10:55:15+00:00,2026-08-03,Watch Ultra 3,v18.2.0-b2,GS-LEO-18,GS-CA-B,Roadside_Assistance,13.37,82.8,4218.0,0.0772,Degraded,-1,1
SES-185690,2026-08-13 21:32:03+00:00,2026-08-13,Watch Ultra 3,v18.2.0-b2,GS-LEO-18,GS-TX-A,Roadside_Assistance,8.23,25.8,4395.0,0.0229,Degraded,-1,1
SES-167265,2026-08-25 23:51:19+00:00,2026-08-25,Watch Ultra 3,v18.2.1,GS-LEO-11,GS-CA-B,FindMy_Ping,13.96,66.2,886.0,0.752,Degraded,-1,1
SES-106758,2026-08-20 22:39:38+00:00,2026-08-20,Watch Ultra 3,v18.2.1,GS-LEO-02,GS-CA-B,Messages_Satellite,9.13,17.7,873.0,0.6813,Degraded,-1,1
SES-128490,2026-08-22 00:38:16+00:00,2026-08-22,Watch Ultra 3,v18.2.1,GS-LEO-19,GS-CA-B,Messages_Satellite,14.66,73.2,887.0,0.7491,Degraded,-1,1
SES-106451,2026-08-28 17:14:30+00:00,2026-08-28,Watch Ultra 3,v18.2.0-b2,GS-LEO-19,GS-CA-B,Emergency_SOS,14.41,21.7,903.0,0.7128,Degraded,-1,1
SES-124850,2026-08-25 07:28:15+00:00,2026-08-25,Watch Ultra 3,v18.1.0,GS-LEO-11,GS-CA-B,Emergency_SOS,18.6,38.9,741.0,0.6318,Degraded,-1,1
SES-143699,2026-08-22 02:17:08+00:00,2026-08-22,Watch Ultra 3,v18.2.0-b2,GS-LEO-10,GS-TX-A,Messages_Satellite,9.7,38.5,4437.0,0.2142,Degraded,-1,1
SES-199328,2026-08-28 07:51:40+00:00,2026-08-28,Watch Ultra 3,v18.2.0-b2,GS-LEO-10,GS-CA-B,Messages_Satellite,6.46,45.2,4342.0,0.0607,Degraded,-1,1
SES-198618,2026-08-14 09:35:03+00:00,2026-08-14,Watch Ultra 3,v18.2.0-b2,GS-LEO-10,GS-CA-B,Emergency_SOS,8.75,31.6,4292.0,0.1222,Degraded,-1,1
SES-199512,2026-08-02 20:56:36+00:00,2026-08-02,Watch Ultra 3,v18.2.0-b2,GS-LEO-10,GS-FL-C,Emergency_SOS,9.61,17.3,4286.0,0.2368,Degraded,-1,1
SES-102571,2026-08-28 07:13:37+00:00,2026-08-28,Watch Ultra 3,v18.2.0-b2,GS-LEO-10,GS-FL-C,Messages_Satellite,14.62,61.1,4219.0,0.0892,Degraded,-1,1
SES-108550,2026-08-29 10:14:09+00:00,2026-08-29,Watch Ultra 3,v18.2.0-b2,GS-LEO-10,GS-FL-C,FindMy_Ping,17.72,60.5,4013.0,0.2371,Degraded,-1,1
SES-144125,2026-08-03 03:48:03+00:00,2026-08-03,Watch Ultra 3,v18.2.0-b2,GS-LEO-10,GS-CA-B,Messages_Satellite,21.17,34.1,3605.0,0.0581,Degraded,-1,1
SES-185396,2026-08-12 20:03:47+00:00,2026-08-12,Watch Ultra 3,v18.1.0,GS-LEO-19,GS-CA-B,Emergency_SOS,9.32,80.5,984.0,0.5897,Degraded,-1,1
SES-106123,2026-08-14 06:59:44+00:00,2026-08-14,Watch Ultra 3,v18.2.0-b2,GS-LEO-19,GS-CA-B,Messages_Satellite,11.89,26.1,990.0,0.7923,Degraded,-1,1
SES-145493,2026-08-30 14:29:05+00:00,2026-08-30,Watch Ultra 3,v18.2.1,GS-LEO-19,GS-CA-B,Emergency_SOS,4.91,67.4,1122.0,0.5445,Degraded,-1,1
SES-186827,2026-08-15 23:04:47+00:00,2026-08-15,Watch Ultra 3,v18.2.1,GS-LEO-19,GS-CA-B,Messages_Satellite,6.69,48.7,1134.0,0.5845,Degraded,-1,1
SES-179807,2026-08-06 07:21:26+00:00,2026-08-06,Watch Ultra 3,v18.2.0-b2,GS-LEO-19,GS-FL-C,Messages_Satellite,20.1,77.9,3159.0,0.1758,Degraded,-1,1
SES-111499,2026-08-18 15:18:29+00:00,2026-08-18,Watch Ultra 3,v18.2.0-b2,GS-LEO-19,GS-TX-A,FindMy_Ping,14.81,17.6,3219.0,0.2214,Degraded,-1,1
SES-133002,2026-08-11 09:47:33+00:00,2026-08-11,Watch Ultra 3,v18.2.0-b2,GS-LEO-19,GS-TX-A,Emergency_SOS,15.93,79.9,3610.0,0.1257,Degraded,-1,1
SES-168517,2026-08-21 03:05:42+00:00,2026-08-21,Watch Ultra 3,v18.2.0-b2,GS-LEO-19,GS-CA-B,FindMy_Ping,17.33,35.7,3754.0,0.195,Degraded,-1,1
SES-196086,2026-08-28 06:43:51+00:00,2026-08-28,Watch Ultra 3,v18.2.1,GS-LEO-10,GS-CA-B,FindMy_Ping,11.7,63.2,958.0,0.6696,Degraded,-1,1
SES-187374,2026-08-15 08:50:25+00:00,2026-08-15,Watch Ultra 3,v18.2.0-b2,GS-LEO-19,GS-CA-B,FindMy_Ping,5.21,78.0,3845.0,0.053,Degraded,-1,1
SES-144767,2026-08-23 09:15:42+00:00,2026-08-23,Watch Ultra 3,v18.2.0-b2,GS-LEO-19,GS-TX-A,Messages_Satellite,17.74,43.2,3867.0,0.0098,Degraded,-1,1
SES-168463,2026-08-16 03:27:51+00:00,2026-08-16,Watch Ultra 3,v18.2.0-b2,GS-LEO-19,GS-FL-C,Emergency_SOS,0.57,22.1,4017.0,0.0803,Degraded,-1,1
SES-179417,2026-08-01 19:24:35+00:00,2026-08-01,Watch Ultra 3,v18.2.0-b2,GS-LEO-19,GS-TX-A,Messages_Satellite,19.04,17.6,4120.0,0.1225,Degraded,-1,1
SES-159617,2026-08-29 21:38:40+00:00,2026-08-29,Watch Ultra 3,v18.2.0-b2,GS-LEO-19,GS-OR-D,Roadside_Assistance,14.58,67.4,4163.0,0.0555,Degraded,-1,1
SES-129760,2026-08-03 12:30:50+00:00,2026-08-03,Watch Ultra 3,v18.2.0-b2,GS-LEO-19,GS-OR-D,Messages_Satellite,6.4,78.9,4215.0,0.0384,Degraded,-1,1
SES-161880,2026-08-09 07:00:32+00:00,2026-08-09,Watch Ultra 3,v18.2.0-b2,GS-LEO-19,GS-CA-B,Emergency_SOS,12.07,76.1,4222.0,0.4587,Degraded,-1,1
SES-164131,2026-08-07 22:53:07+00:00,2026-08-07,Watch Ultra 3,v18.2.0-b2,GS-LEO-19,GS-CA-B,Roadside_Assistance,12.19,49.3,4260.0,0.1571,Degraded,-1,1
SES-172818,2026-08-24 10:19:13+00:00,2026-08-24,Watch Ultra 3,v18.1.0,GS-LEO-04,GS-CA-B,Roadside_Assistance,12.66,45.9,945.0,0.6664,Degraded,-1,1
SES-141024,2026-08-15 20:17:53+00:00,2026-08-15,Watch Ultra 3,v18.1.0,GS-LEO-20,GS-CA-B,Messages_Satellite,12.2,52.2,916.0,0.7917,Degraded,-1,1
SES-150429,2026-08-18 17:59:33+00:00,2026-08-18,Watch Ultra 3,v18.2.1,GS-LEO-20,GS-CA-B,Messages_Satellite,14.81,35.5,916.0,0.7973,Degraded,-1,1
SES-172619,2026-08-15 21:31:56+00:00,2026-08-15,Watch Ultra 3,v18.2.1,GS-LEO-02,GS-CA-B,Emergency_SOS,15.22,16.8,750.0,0.7456,Degraded,-1,1
SES-184673,2026-08-11 13:54:11+00:00,2026-08-11,Watch Ultra 3,v18.2.0-b2,GS-LEO-10,GS-CA-B,Messages_Satellite,19.92,54.8,729.0,0.571,Degraded,-1,1
SES-138934,2026-08-31 08:35:09+00:00,2026-08-31,Watch Ultra 3,v18.1.0,GS-LEO-10,GS-CA-B,Messages_Satellite,19.57,75.7,640.0,0.55,Degraded,-1,1
SES-162867,2026-08-10 20:09:41+00:00,2026-08-10,Watch Ultra 3,v18.2.1,GS-LEO-02,GS-CA-B,Messages_Satellite,17.42,48.4,729.0,0.6719,Degraded,-1,1
SES-181617,2026-08-08 00:48:30+00:00,2026-08-08,Watch Ultra 3,v18.2.0-b2,GS-LEO-09,GS-CA-B,Messages_Satellite,8.51,54.4,4444.0,0.0255,Degraded,-1,1
SES-111432,2026-08-16 06:23:13+00:00,2026-08-16,Watch Ultra 3,v18.2.0-b2,GS-LEO-09,GS-FL-C,Emergency_SOS,13.67,83.2,4305.0,0.0091,Degraded,-1,1
SES-143950,2026-08-23 02:01:10+00:00,2026-08-23,Watch Ultra 3,v18.2.0-b2,GS-LEO-09,GS-FL-C,Emergency_SOS,13.24,69.5,4298.0,0.1459,Degraded,-1,1
SES-158439,2026-08-06 10:22:36+00:00,2026-08-06,Watch Ultra 3,v18.2.0-b2,GS-LEO-09,GS-TX-A,Messages_Satellite,16.94,80.3,4049.0,0.0885,Degraded,-1,1
SES-132793,2026-08-16 11:56:26+00:00,2026-08-16,Watch Ultra 3,v18.2.0-b2,GS-LEO-09,GS-OR-D,FindMy_Ping,4.78,44.3,3910.0,0.0215,Degraded,-1,1
SES-118877,2026-08-11 22:58:48+00:00,2026-08-11,Watch Ultra 3,v18.2.0-b2,GS-LEO-09,GS-FL-C,Messages_Satellite,15.1,76.6,3909.0,0.0037,Degraded,-1,1
SES-101889,2026-08-30 06:06:18+00:00,2026-08-30,Watch Ultra 3,v18.2.0-b2,GS-LEO-09,GS-OR-D,Messages_Satellite,19.02,28.1,3450.0,0.1253,Degraded,-1,1
SES-185164,2026-08-11 04:26:29+00:00,2026-08-11,Watch Ultra 3,v18.1.0,GS-LEO-02,GS-CA-B,Messages_Satellite,22.06,23.3,717.0,0.5,Degraded,-1,1
SES-145161,2026-08-17 01:58:53+00:00,2026-08-17,Watch Ultra 3,v18.2.1,GS-LEO-09,GS-CA-B,Messages_Satellite,1.37,82.5,1183.0,0.6424,Degraded,-1,1
SES-133375,2026-08-13 13:36:09+00:00,2026-08-13,Watch Ultra 3,v18.2.1,GS-LEO-09,GS-CA-B,Messages_Satellite,6.26,73.3,1045.0,0.7203,Degraded,-1,1
SES-178119,2026-08-28 11:27:44+00:00,2026-08-28,Watch Ultra 3,v18.1.0,GS-LEO-02,GS-CA-B,Messages_Satellite,22.56,15.1,618.0,0.594,Degraded,-1,1
SES-124999,2026-08-15 05:53:46+00:00,2026-08-15,Watch Ultra 3,v18.2.0-b2,GS-LEO-20,GS-OR-D,Messages_Satellite,9.46,75.9,4221.0,0.0194,Degraded,-1,1
SES-183553,2026-08-16 09:12:52+00:00,2026-08-16,Watch Ultra 3,v18.2.1,GS-LEO-21,GS-CA-B,Emergency_SOS,20.07,32.9,684.0,0.5509,Degraded,-1,1
SES-188990,2026-08-08 08:26:17+00:00,2026-08-08,Watch Ultra 3,v18.2.0-b2,GS-LEO-01,GS-FL-C,Roadside_Assistance,17.5,53.9,4250.0,0.1207,Degraded,-1,1
SES-163857,2026-08-27 03:00:08+00:00,2026-08-27,Watch Ultra 3,v18.2.0-b2,GS-LEO-01,GS-FL-C,Messages_Satellite,15.64,45.6,4231.0,0.0026,Degraded,-1,1
SES-116397,2026-08-13 02:13:17+00:00,2026-08-13,Watch Ultra 3,v18.2.1,GS-LEO-09,GS-CA-B,Emergency_SOS,9.88,18.8,958.0,0.6729,Degraded,-1,1
SES-146348,2026-08-05 12:37:33+00:00,2026-08-05,Watch Ultra 3,v18.2.0-b2,GS-LEO-01,GS-CA-B,Messages_Satellite,5.36,47.8,3948.0,0.1496,Degraded,-1,1
SES-190889,2026-08-18 23:09:57+00:00,2026-08-18,Watch Ultra 3,v18.2.0-b2,GS-LEO-21,GS-CA-B,Messages_Satellite,18.72,84.3,749.0,0.6784,Degraded,-1,1
SES-177336,2026-08-28 02:45:27+00:00,2026-08-28,Watch Ultra 3,v18.2.0-b2,GS-LEO-01,GS-FL-C,Messages_Satellite,10.82,19.8,3885.0,0.1678,Degraded,-1,1
SES-130660,2026-08-31 12:42:18+00:00,2026-08-31,Watch Ultra 3,v18.1.0,GS-LEO-09,GS-CA-B,Messages_Satellite,8.65,51.8,940.0,0.6581,Degraded,-1,1
SES-112985,2026-08-22 08:59:49+00:00,2026-08-22,Watch Ultra 3,v18.2.0-b2,GS-LEO-01,GS-TX-A,Emergency_SOS,15.02,16.6,3130.0,0.212,Degraded,-1,1
SES-198010,2026-08-13 16:24:12+00:00,2026-08-13,Watch Ultra 3,v18.2.0-b2,GS-LEO-01,GS-CA-B,Roadside_Assistance,14.2,24.0,3091.0,0.4241,Degraded,-1,1
SES-172312,2026-08-18 12:57:42+00:00,2026-08-18,Watch Ultra 3,v18.2.0-b2,GS-LEO-01,GS-OR-D,Roadside_Assistance,22.15,78.2,3035.0,0.0657,Degraded,-1,1
SES-187449,2026-08-20 01:05:41+00:00,2026-08-20,Watch Ultra 3,v18.2.1,GS-LEO-04,GS-CA-B,Roadside_Assistance,7.71,35.8,1056.0,0.5981,Degraded,-1,1
SES-128172,2026-08-12 06:11:09+00:00,2026-08-12,Watch Ultra 3,v18.2.1,GS-LEO-04,GS-CA-B,Messages_Satellite,8.68,50.3,1066.0,0.6445,Degraded,-1,1
SES-196685,2026-08-03 22:06:43+00:00,2026-08-03,Watch Ultra 3,v18.2.1,GS-LEO-21,GS-CA-B,FindMy_Ping,11.06,43.7,871.0,0.7463,Degraded,-1,1
SES-145612,2026-08-16 21:47:19+00:00,2026-08-16,Watch Ultra 3,v18.2.0-b2,GS-LEO-04,GS-CA-B,Emergency_SOS,2.0,50.7,1176.0,0.494,Degraded,-1,1
SES-147275,2026-08-01 03:30:05+00:00,2026-08-01,Watch Ultra 3,v18.2.0-b2,GS-LEO-04,GS-FL-C,Messages_Satellite,17.21,84.1,3308.0,0.1084,Degraded,-1,1
SES-142445,2026-08-14 23:29:05+00:00,2026-08-14,Watch Ultra 3,v18.2.0-b2,GS-LEO-04,GS-TX-A,FindMy_Ping,18.84,62.2,3742.0,0.1143,Degraded,-1,1
SES-186553,2026-08-09 22:04:45+00:00,2026-08-09,Watch Ultra 3,v18.2.0-b2,GS-LEO-08,GS-FL-C,Messages_Satellite,6.34,54.1,4575.0,0.0455,Degraded,-1,1
SES-156005,2026-08-21 05:20:44+00:00,2026-08-21,Watch Ultra 3,v18.2.0-b2,GS-LEO-08,GS-CA-B,Emergency_SOS,5.14,77.5,4515.0,0.506,Degraded,-1,1
SES-180711,2026-08-19 07:52:54+00:00,2026-08-19,Watch Ultra 3,v18.2.0-b2,GS-LEO-08,GS-TX-A,Emergency_SOS,10.02,74.5,4403.0,0.0339,Degraded,-1,1
SES-113967,2026-08-29 23:22:55+00:00,2026-08-29,Watch Ultra 3,v18.2.0-b2,GS-LEO-08,GS-CA-B,Messages_Satellite,13.38,61.3,4112.0,0.0867,Degraded,-1,1
SES-168074,2026-08-14 05:43:50+00:00,2026-08-14,Watch Ultra 3,v18.2.0-b2,GS-LEO-08,GS-CA-B,Messages_Satellite,19.22,57.6,4035.0,0.0346,Degraded,-1,1
SES-108434,2026-08-14 19:12:41+00:00,2026-08-14,Watch Ultra 3,v18.2.0-b2,GS-LEO-04,GS-TX-A,Messages_Satellite,22.18,48.1,3979.0,0.0679,Degraded,-1,1
SES-123342,2026-08-07 06:38:48+00:00,2026-08-07,Watch Ultra 3,v18.2.0-b2,GS-LEO-04,GS-FL-C,Roadside_Assistance,11.56,82.0,4096.0,0.1856,Degraded,-1,1
SES-130141,2026-08-01 15:28:42+00:00,2026-08-01,Watch Ultra 3,v18.2.0-b2,GS-LEO-04,GS-CA-B,FindMy_Ping,19.57,58.5,4111.0,0.2947,Degraded,-1,1
SES-106542,2026-08-12 21:14:30+00:00,2026-08-12,Watch Ultra 3,v18.2.0-b2,GS-LEO-04,GS-TX-A,Messages_Satellite,7.07,35.6,4238.0,0.0239,Degraded,-1,1
SES-152956,2026-08-19 23:22:15+00:00,2026-08-19,Watch Ultra 3,v18.2.0-b2,GS-LEO-04,GS-CA-B,Roadside_Assistance,11.38,19.5,4448.0,0.555,Degraded,-1,1
SES-132423,2026-08-26 18:28:37+00:00,2026-08-26,Watch Ultra 3,v18.2.0-b2,GS-LEO-05,GS-OR-D,Messages_Satellite,24.08,15.0,594.0,0.1608,Acceptable,-1,1
SES-164703,2026-08-21 04:43:51+00:00,2026-08-21,Watch Ultra 3,v18.2.1,GS-LEO-21,GS-CA-B,Roadside_Assistance,3.36,71.0,1136.0,0.6117,Degraded,-1,1
SES-161671,2026-08-01 21:17:48+00:00,2026-08-01,Watch Ultra 3,v18.2.0-b2,GS-LEO-21,GS-TX-A,FindMy_Ping,21.07,77.8,2708.0,0.1288,Degraded,-1,1
SES-154427,2026-08-17 17:02:52+00:00,2026-08-17,Watch Ultra 3,v18.2.0-b2,GS-LEO-21,GS-OR-D,Messages_Satellite,0.87,43.0,2758.0,0.0506,Degraded,-1,1
SES-167608,2026-08-11 08:18:06+00:00,2026-08-11,Watch Ultra 3,v18.2.1,GS-LEO-08,GS-CA-B,Emergency_SOS,11.4,33.4,981.0,0.632,Degraded,-1,1
SES-115779,2026-08-04 10:10:00+00:00,2026-08-04,Watch Ultra 3,v18.2.0-b2,GS-LEO-21,GS-TX-A,Messages_Satellite,15.11,28.4,4039.0,0.1547,Degraded,-1,1
SES-121056,2026-08-01 13:45:56+00:00,2026-08-01,Watch Ultra 3,v18.2.0-b2,GS-LEO-21,GS-OR-D,FindMy_Ping,11.93,77.7,4074.0,0.1335,Degraded,-1,1
SES-163875,2026-08-24 07:52:23+00:00,2026-08-24,Watch Ultra 3,v18.2.0-b2,GS-LEO-21,GS-TX-A,FindMy_Ping,15.53,67.5,4075.0,0.0718,Degraded,-1,1
SES-111458,2026-08-07 20:07:00+00:00,2026-08-07,Watch Ultra 3,v18.2.0-b2,GS-LEO-21,GS-FL-C,Messages_Satellite,7.24,84.8,4172.0,0.0424,Degraded,-1,1
SES-152679,2026-08-01 02:58:32+00:00,2026-08-01,Watch Ultra 3,v18.2.0-b2,GS-LEO-21,GS-CA-B,Roadside_Assistance,16.11,23.4,4245.0,0.0124,Degraded,-1,1
SES-195158,2026-08-16 07:44:11+00:00,2026-08-16,Watch Ultra 3,v18.2.0-b2,GS-LEO-21,GS-OR-D,Messages_Satellite,13.23,64.2,4340.0,0.1022,Degraded,-1,1
SES-114659,2026-08-10 09:33:18+00:00,2026-08-10,Watch Ultra 3,v18.2.0-b2,GS-LEO-21,GS-TX-A,FindMy_Ping,4.56,41.3,4454.0,0.3173,Degraded,-1,1
SES-187793,2026-08-07 11:40:07+00:00,2026-08-07,Watch Ultra 3,v18.2.1,GS-LEO-22,GS-CA-B,Messages_Satellite,18.65,55.7,660.0,0.6054,Degraded,-1,1
SES-157641,2026-08-05 03:34:57+00:00,2026-08-05,Watch Ultra 3,v18.1.0,GS-LEO-22,GS-CA-B,Roadside_Assistance,23.51,15.1,668.0,0.6935,Degraded,-1,1
SES-130685,2026-08-17 16:06:38+00:00,2026-08-17,Watch Ultra 3,v18.2.1,GS-LEO-22,GS-CA-B,Messages_Satellite,17.19,63.8,714.0,0.6831,Degraded,-1,1
SES-109777,2026-08-26 12:40:02+00:00,2026-08-26,Watch Ultra 3,v18.2.0-b2,GS-LEO-08,GS-CA-B,Messages_Satellite,9.23,15.3,938.0,0.5872,Degraded,-1,1
SES-131133,2026-08-25 00:02:23+00:00,2026-08-25,Watch Ultra 3,v18.2.0-b2,GS-LEO-22,GS-CA-B,Messages_Satellite,18.42,69.5,731.0,0.6201,Degraded,-1,1
SES-128251,2026-08-30 14:25:16+00:00,2026-08-30,Watch Ultra 3,v18.1.0,GS-LEO-01,GS-CA-B,Messages_Satellite,10.34,49.7,979.0,0.6855,Degraded,-1,1
SES-177019,2026-08-31 17:39:27+00:00,2026-08-31,Watch Ultra 3,v18.2.1,GS-LEO-22,GS-CA-B,Messages_Satellite,18.75,18.0,770.0,0.75,Degraded,-1,1
SES-122242,2026-08-13 21:33:25+00:00,2026-08-13,Watch Ultra 3,v18.1.0,GS-LEO-01,GS-CA-B,Messages_Satellite,13.06,15.7,968.0,0.5864,Degraded,-1,1
SES-120698,2026-08-05 13:58:43+00:00,2026-08-05,Watch Ultra 3,v18.1.0,GS-LEO-22,GS-CA-B,Roadside_Assistance,11.2,17.8,898.0,0.6095,Degraded,-1,1
SES-184860,2026-08-10 04:31:34+00:00,2026-08-10,Watch Ultra 3,v18.1.0,GS-LEO-01,GS-CA-B,Messages_Satellite,10.1,54.6,932.0,0.7066,Degraded,-1,1
SES-168381,2026-08-21 14:25:24+00:00,2026-08-21,Watch Ultra 3,v18.1.0,GS-LEO-08,GS-CA-B,FindMy_Ping,19.34,36.3,769.0,0.6729,Degraded,-1,1
SES-190088,2026-08-27 12:29:22+00:00,2026-08-27,Watch Ultra 3,v18.1.0,GS-LEO-08,GS-CA-B,FindMy_Ping,16.06,15.7,744.0,0.4983,Degraded,-1,1
SES-161152,2026-08-13 07:02:31+00:00,2026-08-13,Watch Ultra 3,v18.2.0-b2,GS-LEO-07,GS-FL-C,Roadside_Assistance,8.36,51.1,4185.0,0.0052,Degraded,-1,1
SES-162228,2026-08-17 04:07:26+00:00,2026-08-17,Watch Ultra 3,v18.2.0-b2,GS-LEO-07,GS-CA-B,FindMy_Ping,12.55,35.7,4171.0,0.6159,Degraded,-1,1
SES-136102,2026-08-14 01:26:35+00:00,2026-08-14,Watch Ultra 3,v18.2.0-b2,GS-LEO-07,GS-FL-C,Messages_Satellite,19.97,26.1,4145.0,0.1721,Degraded,-1,1
SES-137664,2026-08-18 22:31:57+00:00,2026-08-18,Watch Ultra 3,v18.2.0-b2,GS-LEO-07,GS-TX-A,Messages_Satellite,11.89,77.2,3874.0,0.016,Degraded,-1,1
SES-150905,2026-08-16 01:44:11+00:00,2026-08-16,Watch Ultra 3,v18.2.0-b2,GS-LEO-07,GS-CA-B,Messages_Satellite,14.86,31.1,3324.0,0.6321,Degraded,-1,1
SES-143676,2026-08-23 04:23:37+00:00,2026-08-23,Watch Ultra 3,v18.2.1,GS-LEO-05,GS-CA-B,Emergency_SOS,11.06,46.7,813.0,0.8307,Degraded,-1,1
SES-118090,2026-08-26 06:26:34+00:00,2026-08-26,Watch Ultra 3,v18.2.0-b2,GS-LEO-22,GS-CA-B,FindMy_Ping,10.74,71.4,1055.0,0.6786,Degraded,-1,1
SES-146862,2026-08-26 19:06:53+00:00,2026-08-26,Watch Ultra 3,v18.2.1,GS-LEO-22,GS-CA-B,FindMy_Ping,1.89,73.9,1182.0,0.3978,Degraded,-1,1
SES-135847,2026-08-12 05:22:48+00:00,2026-08-12,Watch Ultra 3,v18.2.0-b2,GS-LEO-22,GS-CA-B,Messages_Satellite,11.77,45.7,2536.0,0.552,Degraded,-1,1
SES-109551,2026-08-25 16:34:40+00:00,2026-08-25,Watch Ultra 3,v18.2.0-b2,GS-LEO-22,GS-FL-C,FindMy_Ping,19.8,78.7,2929.0,0.0762,Degraded,-1,1
SES-111910,2026-08-13 03:22:46+00:00,2026-08-13,Watch Ultra 3,v18.2.0-b2,GS-LEO-22,GS-FL-C,Roadside_Assistance,2.8,83.8,3568.0,0.06,Degraded,-1,1
SES-125366,2026-08-05 18:43:01+00:00,2026-08-05,Watch Ultra 3,v18.2.0-b2,GS-LEO-22,GS-CA-B,Messages_Satellite,15.82,17.1,3846.0,0.009,Degraded,-1,1
SES-124957,2026-08-31 09:15:05+00:00,2026-08-31,Watch Ultra 3,v18.2.0-b2,GS-LEO-22,GS-CA-B,FindMy_Ping,3.81,26.5,3851.0,0.0372,Degraded,-1,1
SES-196310,2026-08-03 07:00:05+00:00,2026-08-03,Watch Ultra 3,v18.2.0-b2,GS-LEO-22,GS-TX-A,Messages_Satellite,16.0,64.3,4279.0,0.0667,Degraded,-1,1
SES-152400,2026-08-10 18:40:27+00:00,2026-08-10,Watch Ultra 3,v18.2.0-b2,GS-LEO-22,GS-CA-B,Emergency_SOS,9.51,80.7,4300.0,0.2166,Degraded,-1,1
SES-174187,2026-08-22 12:15:01+00:00,2026-08-22,Watch Ultra 3,v18.2.0-b2,GS-LEO-22,GS-OR-D,Roadside_Assistance,4.5,19.0,4345.0,0.1,Degraded,-1,1
SES-163103,2026-08-14 13:42:58+00:00,2026-08-14,Watch Ultra 3,v18.2.1,GS-LEO-01,GS-CA-B,Emergency_SOS,13.71,53.4,893.0,0.7898,Degraded,-1,1
SES-126312,2026-08-07 14:01:52+00:00,2026-08-07,Watch Ultra 3,v18.1.0,GS-LEO-07,GS-CA-B,Messages_Satellite,10.89,62.8,929.0,0.6927,Degraded,-1,1
SES-172110,2026-08-28 13:34:52+00:00,2026-08-28,Watch Ultra 3,v18.2.1,GS-LEO-23,GS-CA-B,Messages_Satellite,15.69,84.7,801.0,0.7027,Degraded,-1,1
SES-168353,2026-08-23 16:44:52+00:00,2026-08-23,Watch Ultra 3,v18.2.1,GS-LEO-07,GS-CA-B,FindMy_Ping,10.11,20.7,900.0,0.752,Degraded,-1,1
SES-154123,2026-08-09 04:26:00+00:00,2026-08-09,Watch Ultra 3,v18.2.0-b2,GS-LEO-05,GS-CA-B,Messages_Satellite,14.74,25.0,853.0,0.6852,Degraded,-1,1
SES-123537,2026-08-20 09:09:51+00:00,2026-08-20,Watch Ultra 3,v18.2.0-b2,GS-LEO-23,GS-CA-B,Messages_Satellite,13.31,31.5,879.0,0.6623,Degraded,-1,1
SES-197495,2026-08-17 08:57:49+00:00,2026-08-17,Watch Ultra 3,v18.2.0-b2,GS-LEO-01,GS-CA-B,Emergency_SOS,15.28,41.0,856.0,0.7296,Degraded,-1,1
SES-124489,2026-08-20 20:50:03+00:00,2026-08-20,Watch Ultra 3,v18.2.1,GS-LEO-07,GS-CA-B,Messages_Satellite,18.85,52.9,757.0,0.6495,Degraded,-1,1
SES-127500,2026-08-15 10:37:32+00:00,2026-08-15,Watch Ultra 3,v18.1.0,GS-LEO-07,GS-CA-B,Messages_Satellite,20.25,82.6,703.0,0.6614,Degraded,-1,1
SES-163565,2026-08-21 09:18:24+00:00,2026-08-21,Watch Ultra 3,v18.2.0-b2,GS-LEO-06,GS-TX-A,Roadside_Assistance,14.28,79.9,4349.0,0.0737,Degraded,-1,1
SES-138247,2026-08-25 08:17:32+00:00,2026-08-25,Watch Ultra 3,v18.2.0-b2,GS-LEO-06,GS-TX-A,Roadside_Assistance,10.7,81.5,4258.0,0.0825,Degraded,-1,1
SES-194361,2026-08-09 18:42:49+00:00,2026-08-09,Watch Ultra 3,v18.2.0-b2,GS-LEO-06,GS-FL-C,Messages_Satellite,15.92,64.5,4086.0,0.0024,Degraded,-1,1
SES-138330,2026-08-26 08:16:58+00:00,2026-08-26,Watch Ultra 3,v18.2.0-b2,GS-LEO-06,GS-TX-A,Roadside_Assistance,15.98,67.7,4054.0,0.1101,Degraded,-1,1
SES-106994,2026-08-13 22:25:15+00:00,2026-08-13,Watch Ultra 3,v18.2.0-b2,GS-LEO-06,GS-OR-D,Messages_Satellite,-0.05,39.0,4016.0,0.1398,Degraded,-1,1
SES-179622,2026-08-20 08:53:57+00:00,2026-08-20,Watch Ultra 3,v18.2.0-b2,GS-LEO-06,GS-FL-C,Messages_Satellite,12.72,65.3,4001.0,0.1979,Degraded,-1,1
SES-124951,2026-08-05 06:39:30+00:00,2026-08-05,Watch Ultra 3,v18.2.0-b2,GS-LEO-06,GS-CA-B,FindMy_Ping,10.67,26.8,3964.0,0.7248,Degraded,-1,1
SES-176464,2026-08-31 12:44:30+00:00,2026-08-31,Watch Ultra 3,v18.2.0-b2,GS-LEO-06,GS-TX-A,FindMy_Ping,6.61,18.8,3962.0,0.0902,Degraded,-1,1
SES-176881,2026-08-06 19:11:34+00:00,2026-08-06,Watch Ultra 3,v18.2.0-b2,GS-LEO-06,GS-FL-C,Emergency_SOS,9.3,68.3,3925.0,0.1078,Degraded,-1,1
SES-151683,2026-08-03 18:42:53+00:00,2026-08-03,Watch Ultra 3,v18.2.0-b2,GS-LEO-06,GS-TX-A,Emergency_SOS,19.18,67.9,3131.0,0.0912,Degraded,-1,1
SES-189743,2026-08-10 13:25:03+00:00,2026-08-10,Watch Ultra 3,v18.2.0-b2,GS-LEO-06,GS-TX-A,Messages_Satellite,0.45,65.8,3034.0,0.1387,Degraded,-1,1
SES-159418,2026-08-07 12:14:10+00:00,2026-08-07,Watch Ultra 3,v18.2.1,GS-LEO-06,GS-CA-B,Roadside_Assistance,7.45,41.7,1083.0,0.7024,Degraded,-1,1
SES-151876,2026-08-31 17:38:38+00:00,2026-08-31,Watch Ultra 3,v18.1.0,GS-LEO-06,GS-CA-B,Roadside_Assistance,8.69,34.7,1024.0,0.6986,Degraded,-1,1
SES-110272,2026-08-31 00:25:54+00:00,2026-08-31,Watch Ultra 3,v18.1.0,GS-LEO-23,GS-CA-B,Messages_Satellite,4.5,69.5,1086.0,0.6861,Degraded,-1,1
SES-119302,2026-08-23 00:47:33+00:00,2026-08-23,Watch Ultra 3,v18.1.0,GS-LEO-06,GS-CA-B,Emergency_SOS,6.05,24.9,992.0,0.7141,Degraded,-1,1
SES-138712,2026-08-18 11:36:31+00:00,2026-08-18,Watch Ultra 3,v18.2.1,GS-LEO-06,GS-CA-B,Emergency_SOS,13.22,51.2,980.0,0.7571,Degraded,-1,1
SES-107818,2026-08-11 23:09:41+00:00,2026-08-11,Watch Ultra 3,v18.2.0-b2,GS-LEO-23,GS-OR-D,Roadside_Assistance,3.52,76.3,3440.0,0.0235,Degraded,-1,1
SES-126486,2026-08-30 01:58:31+00:00,2026-08-30,Watch Ultra 3,v18.2.0-b2,GS-LEO-23,GS-TX-A,Roadside_Assistance,20.47,69.8,3703.0,0.0211,Degraded,-1,1
SES-174118,2026-08-29 08:27:18+00:00,2026-08-29,Watch Ultra 3,v18.2.0-b2,GS-LEO-23,GS-CA-B,Messages_Satellite,5.88,55.2,3976.0,0.107,Degraded,-1,1
SES-180350,2026-08-09 08:04:45+00:00,2026-08-09,Watch Ultra 3,v18.2.0-b2,GS-LEO-23,GS-CA-B,Roadside_Assistance,6.04,61.7,4211.0,0.4468,Degraded,-1,1
SES-150685,2026-08-15 04:44:23+00:00,2026-08-15,Watch Ultra 3,v18.2.0-b2,GS-LEO-23,GS-OR-D,Roadside_Assistance,11.78,27.8,4323.0,0.2104,Degraded,-1,1
SES-160662,2026-08-06 13:52:07+00:00,2026-08-06,Watch Ultra 3,v18.2.0-b2,GS-LEO-23,GS-OR-D,Messages_Satellite,12.44,24.5,4383.0,0.2071,Degraded,-1,1
SES-142841,2026-08-15 23:33:14+00:00,2026-08-15,Watch Ultra 3,v18.2.1,GS-LEO-24,GS-CA-B,FindMy_Ping,17.49,44.2,644.0,0.6068,Degraded,-1,1
SES-145492,2026-08-08 14:36:21+00:00,2026-08-08,Watch Ultra 3,v18.2.0-b2,GS-LEO-06,GS-CA-B,Messages_Satellite,9.05,41.7,891.0,0.6352,Degraded,-1,1
SES-139049,2026-08-15 16:57:18+00:00,2026-08-15,Watch Ultra 3,v18.2.0-b2,GS-LEO-24,GS-CA-B,Messages_Satellite,11.21,42.1,913.0,0.6611,Degraded,-1,1
SES-159539,2026-08-14 14:10:34+00:00,2026-08-14,Watch Ultra 3,v18.2.1,GS-LEO-01,GS-CA-B,Messages_Satellite,18.2,15.0,742.0,0.492,Degraded,-1,1
SES-134808,2026-08-24 07:17:34+00:00,2026-08-24,Watch Ultra 3,v18.2.1,GS-LEO-05,GS-CA-B,Messages_Satellite,10.39,78.9,954.0,0.6904,Degraded,-1,1
SES-139879,2026-08-25 07:21:45+00:00,2026-08-25,Watch Ultra 3,v18.2.0-b2,GS-LEO-06,GS-TX-A,Messages_Satellite,23.43,84.7,542.0,0.0329,Optimal,-1,1
SES-116321,2026-08-20 00:58:59+00:00,2026-08-20,Watch Ultra 3,v18.2.0-b2,GS-LEO-05,GS-TX-A,FindMy_Ping,12.48,74.8,4361.0,0.025,Degraded,-1,1
SES-182123,2026-08-19 02:39:29+00:00,2026-08-19,Watch Ultra 3,v18.2.0-b2,GS-LEO-05,GS-FL-C,Messages_Satellite,8.89,61.7,4128.0,0.2016,Degraded,-1,1
SES-101455,2026-08-03 09:58:39+00:00,2026-08-03,Watch Ultra 3,v18.2.0-b2,GS-LEO-05,GS-OR-D,FindMy_Ping,5.42,77.3,4088.0,0.0581,Degraded,-1,1
SES-142629,2026-08-08 03:40:48+00:00,2026-08-08,Watch Ultra 3,v18.2.0-b2,GS-LEO-05,GS-CA-B,FindMy_Ping,15.79,41.2,2551.0,0.4194,Degraded,-1,1
SES-162618,2026-08-17 12:47:42+00:00,2026-08-17,Watch Ultra 3,v18.2.1,GS-LEO-05,GS-CA-B,Messages_Satellite,2.09,23.4,1205.0,0.3327,Degraded,-1,1
SES-178651,2026-08-04 15:06:58+00:00,2026-08-04,Watch Ultra 3,v18.1.0,GS-LEO-05,GS-CA-B,Messages_Satellite,5.75,15.0,1059.0,0.3571,Degraded,-1,1
SES-131105,2026-08-10 00:46:50+00:00,2026-08-10,Watch Ultra 3,v18.2.0-b2,GS-LEO-24,GS-CA-B,FindMy_Ping,16.17,51.5,2562.0,0.3382,Degraded,-1,1
SES-169522,2026-08-15 23:32:26+00:00,2026-08-15,Watch Ultra 3,v18.2.0-b2,GS-LEO-24,GS-CA-B,Messages_Satellite,6.77,35.5,3213.0,0.2432,Degraded,-1,1
SES-146859,2026-08-29 13:23:11+00:00,2026-08-29,Watch Ultra 3,v18.2.0-b2,GS-LEO-24,GS-OR-D,Messages_Satellite,17.12,21.5,3582.0,0.1593,Degraded,-1,1
SES-142614,2026-08-10 04:53:17+00:00,2026-08-10,Watch Ultra 3,v18.2.0-b2,GS-LEO-24,GS-CA-B,FindMy_Ping,14.43,80.6,3960.0,0.0418,Degraded,-1,1
SES-188743,2026-08-01 03:35:56+00:00,2026-08-01,Watch Ultra 3,v18.2.0-b2,GS-LEO-24,GS-CA-B,Messages_Satellite,9.74,76.6,4052.0,0.0966,Degraded,-1,1
SES-185230,2026-08-28 15:45:11+00:00,2026-08-28,Watch Ultra 3,v18.2.0-b2,GS-LEO-24,GS-TX-A,Emergency_SOS,15.17,15.4,4070.0,0.0544,Degraded,-1,1
SES-142147,2026-08-30 08:07:58+00:00,2026-08-30,Watch Ultra 3,v18.2.0-b2,GS-LEO-24,GS-CA-B,FindMy_Ping,8.74,83.4,4081.0,0.0321,Degraded,-1,1
SES-103059,2026-08-30 19:55:34+00:00,2026-08-30,Watch Ultra 3,v18.2.0-b2,GS-LEO-24,GS-OR-D,Messages_Satellite,2.99,56.2,4088.0,0.0315,Degraded,-1,1
SES-123383,2026-08-26 13:49:12+00:00,2026-08-26,Watch Ultra 3,v18.2.0-b2,GS-LEO-24,GS-CA-B,Messages_Satellite,9.09,58.1,4169.0,0.5122,Degraded,-1,1
SES-119811,2026-08-27 23:15:29+00:00,2026-08-27,Watch Ultra 3,v18.2.0-b2,GS-LEO-24,GS-FL-C,Messages_Satellite,9.82,31.4,4303.0,0.1934,Degraded,-1,1
SES-149788,2026-08-28 19:03:29+00:00,2026-08-28,iPhone 15 Pro,v18.2.0-b2,GS-LEO-24,GS-OR-D,Emergency_SOS,12.66,51.6,4285.0,0.1549,Degraded,-1,1
SES-191830,2026-08-28 00:59:53+00:00,2026-08-28,iPhone 15 Pro,v18.2.0-b2,GS-LEO-24,GS-CA-B,Messages_Satellite,13.15,62.9,4255.0,0.0114,Degraded,-1,1
SES-161731,2026-08-20 14:00:30+00:00,2026-08-20,iPhone 15 Pro,v18.2.0-b2,GS-LEO-24,GS-TX-A,Messages_Satellite,12.32,79.6,4251.0,0.0178,Degraded,-1,1
SES-158909,2026-08-12 09:56:40+00:00,2026-08-12,iPhone 15 Pro,v18.2.0-b2,GS-LEO-24,GS-OR-D,Messages_Satellite,9.03,62.7,4244.0,0.1134,Degraded,-1,1
SES-162728,2026-08-13 04:55:46+00:00,2026-08-13,iPhone 15 Pro,v18.2.0-b2,GS-LEO-24,GS-OR-D,Messages_Satellite,11.11,72.0,4204.0,0.0869,Degraded,-1,1
SES-154440,2026-08-18 11:32:05+00:00,2026-08-18,iPhone 15 Pro,v18.2.1,GS-LEO-05,GS-CA-B,Messages_Satellite,7.11,25.0,992.0,0.6047,Degraded,-1,1
SES-149128,2026-08-23 19:45:48+00:00,2026-08-23,iPhone 15 Pro,v18.2.0-b2,GS-LEO-24,GS-TX-A,Roadside_Assistance,13.15,76.4,4183.0,0.0882,Degraded,-1,1
SES-114825,2026-08-05 11:21:17+00:00,2026-08-05,iPhone 15 Pro,v18.2.0-b2,GS-LEO-24,GS-OR-D,Messages_Satellite,6.19,29.1,4177.0,0.038,Degraded,-1,1
SES-107000,2026-08-26 00:27:52+00:00,2026-08-26,iPhone 15 Pro,v18.1.0,GS-LEO-01,GS-CA-B,Messages_Satellite,22.2,27.5,591.0,0.3979,Degraded,-1,1
SES-170128,2026-08-11 00:09:06+00:00,2026-08-11,iPhone 15 Pro,v18.2.0-b2,GS-LEO-24,GS-CA-B,FindMy_Ping,13.13,53.5,3961.0,0.1762,Degraded,-1,1
SES-161733,2026-08-20 01:30:44+00:00,2026-08-20,iPhone 15 Pro,v18.2.0-b2,GS-LEO-24,GS-OR-D,FindMy_Ping,14.46,30.8,3871.0,0.1888,Degraded,-1,1
SES-165925,2026-08-16 07:39:42+00:00,2026-08-16,iPhone 15 Pro,v18.2.0-b2,GS-LEO-24,GS-FL-C,Roadside_Assistance,8.92,44.3,3716.0,0.2487,Degraded,-1,1
SES-123930,2026-08-10 12:42:18+00:00,2026-08-10,iPhone 15 Pro,v18.2.0-b2,GS-LEO-24,GS-CA-B,Roadside_Assistance,9.62,80.2,3631.0,0.0012,Degraded,-1,1
SES-194034,2026-08-08 08:36:32+00:00,2026-08-08,iPhone 15 Pro,v18.2.0-b2,GS-LEO-24,GS-TX-A,Messages_Satellite,11.63,79.7,3621.0,0.1494,Degraded,-1,1
SES-147404,2026-08-20 18:09:22+00:00,2026-08-20,iPhone 15 Pro,v18.1.0,GS-LEO-24,GS-CA-B,FindMy_Ping,3.42,19.2,1174.0,0.5456,Degraded,-1,1
SES-130357,2026-08-20 19:34:40+00:00,2026-08-20,iPhone 15 Pro,v18.1.0,GS-LEO-24,GS-CA-B,Messages_Satellite,2.41,56.6,1161.0,0.4851,Degraded,-1,1
SES-148252,2026-08-21 12:19:44+00:00,2026-08-21,iPhone 15 Pro,v18.2.1,GS-LEO-24,GS-CA-B,Emergency_SOS,7.21,19.3,1136.0,0.5479,Degraded,-1,1
SES-152987,2026-08-18 14:06:41+00:00,2026-08-18,iPhone 15 Pro,v18.2.1,GS-LEO-24,GS-CA-B,Messages_Satellite,9.66,61.6,1014.0,0.6688,Degraded,-1,1
SES-199357,2026-08-11 06:13:50+00:00,2026-08-11,iPhone 15 Pro,v18.2.1,GS-LEO-01,GS-CA-B,Messages_Satellite,20.07,81.9,709.0,0.6911,Degraded,-1,1
SES-186186,2026-08-31 20:27:24+00:00,2026-08-31,iPhone 15 Pro,v18.1.0,GS-LEO-05,GS-CA-B,Messages_Satellite,6.28,57.6,1051.0,0.657,Degraded,-1,1
SES-121729,2026-08-19 19:57:44+00:00,2026-08-19,iPhone 15 Pro,v18.2.1,GS-LEO-05,GS-CA-B,FindMy_Ping,5.32,18.6,1055.0,0.5636,Degraded,-1,1
SES-127906,2026-08-01 02:53:54+00:00,2026-08-01,iPhone 15 Pro,v18.2.1,GS-LEO-05,GS-CA-B,Roadside_Assistance,6.45,49.9,1059.0,0.8055,Degraded,-1,1
SES-174288,2026-08-01 21:43:20+00:00,2026-08-01,iPhone 15 Pro,v18.1.0,GS-LEO-24,GS-CA-B,Roadside_Assistance,11.22,41.3,958.0,0.6331,Degraded,-1,1
SES-179441,2026-08-13 12:41:18+00:00,2026-08-13,iPhone 15 Pro,v18.2.0-b2,GS-LEO-01,GS-CA-B,Emergency_SOS,18.69,73.6,736.0,0.5758,Degraded,-1,1
SES-105994,2026-08-06 09:38:53+00:00,2026-08-06,iPhone 15 Pro,v18.2.1,GS-LEO-05,GS-CA-B,Messages_Satellite,9.23,16.3,977.0,0.7901,Degraded,-1,1
SES-152497,2026-08-30 05:04:29+00:00,2026-08-30,iPhone 15 Pro,v18.2.1,GS-LEO-24,GS-CA-B,Emergency_SOS,9.01,20.3,935.0,0.689,Degraded,-1,1
SES-183555,2026-08-10 08:50:18+00:00,2026-08-10,iPhone 15 Pro,v18.2.0-b2,GS-LEO-05,GS-FL-C,FindMy_Ping,20.74,63.0,2662.0,0.0765,Degraded,-1,1
SES-166291,2026-08-18 02:42:05+00:00,2026-08-18,iPhone 15 Pro,v18.2.0-b2,GS-LEO-05,GS-CA-B,Messages_Satellite,10.9,15.1,2989.0,0.4574,Degraded,-1,1
SES-104838,2026-08-31 01:47:17+00:00,2026-08-31,iPhone 15 Pro,v18.2.1,GS-LEO-24,GS-CA-B,FindMy_Ping,11.54,56.5,887.0,0.6909,Degraded,-1,1
SES-163417,2026-08-25 22:23:03+00:00,2026-08-25,iPhone 15 Pro,v18.2.0-b2,GS-LEO-05,GS-CA-B,Messages_Satellite,2.27,73.1,3056.0,0.0418,Degraded,-1,1
SES-104086,2026-08-21 13:46:14+00:00,2026-08-21,iPhone 15 Pro,v18.2.1,GS-LEO-05,GS-CA-B,FindMy_Ping,11.67,31.0,971.0,0.6567,Degraded,-1,1
SES-145144,2026-08-19 20:16:23+00:00,2026-08-19,iPhone 15 Pro,v18.2.0-b2,GS-LEO-05,GS-TX-A,FindMy_Ping,14.15,42.5,3557.0,0.2797,Degraded,-1,1
SES-186431,2026-08-04 03:19:03+00:00,2026-08-04,iPhone 15 Pro,v18.2.0-b2,GS-LEO-05,GS-OR-D,Emergency_SOS,21.08,33.3,3562.0,0.0837,Degraded,-1,1
SES-106596,2026-08-04 04:09:21+00:00,2026-08-04,iPhone 15 Pro,v18.2.0-b2,GS-LEO-05,GS-OR-D,Messages_Satellite,17.79,15.2,3835.0,0.142,Degraded,-1,1
SES-100650,2026-08-04 23:25:39+00:00,2026-08-04,iPhone 15 Pro,v18.2.0-b2,GS-LEO-05,GS-CA-B,Roadside_Assistance,21.64,15.0,3979.0,0.1162,Degraded,-1,1
SES-142105,2026-08-10 13:29:34+00:00,2026-08-10,iPhone 15 Pro,v18.2.0-b2,GS-LEO-05,GS-OR-D,Emergency_SOS,12.73,76.8,4183.0,0.1446,Degraded,-1,1
SES-183255,2026-08-07 08:32:56+00:00,2026-08-07,iPhone 15 Pro,v18.2.0-b2,GS-LEO-24,GS-CA-B,Messages_Satellite,12.66,37.7,843.0,0.6715,Degraded,-1,1
SES-180445,2026-08-04 13:23:26+00:00,2026-08-04,iPhone 15 Pro,v18.2.0-b2,GS-LEO-05,GS-OR-D,Roadside_Assistance,7.1,37.6,4453.0,0.1201,Degraded,-1,1
SES-122030,2026-08-30 00:58:15+00:00,2026-08-30,iPhone 15 Pro,v18.2.0-b2,GS-LEO-05,GS-FL-C,Roadside_Assistance,5.08,23.9,4542.0,0.0468,Degraded,-1,1
SES-114928,2026-08-30 08:41:58+00:00,2026-08-30,iPhone 15 Pro,v18.2.1,GS-LEO-24,GS-CA-B,Roadside_Assistance,17.98,48.0,812.0,0.7225,Degraded,-1,1
SES-192130,2026-08-06 05:31:12+00:00,2026-08-06,iPhone 15 Pro,v18.2.1,GS-LEO-24,GS-CA-B,Messages_Satellite,14.43,29.5,803.0,0.6622,Degraded,-1,1
SES-125847,2026-08-02 05:35:55+00:00,2026-08-02,iPhone 15 Pro,v18.2.1,GS-LEO-24,GS-CA-B,Messages_Satellite,14.9,33.2,799.0,0.6846,Degraded,-1,1
SES-191829,2026-08-09 09:03:38+00:00,2026-08-09,iPhone 15 Pro,v18.2.1,GS-LEO-01,GS-CA-B,Roadside_Assistance,15.28,44.4,804.0,0.6903,Degraded,-1,1
SES-190022,2026-08-16 03:38:13+00:00,2026-08-16,iPhone 15 Pro,v18.1.0,GS-LEO-06,GS-CA-B,FindMy_Ping,17.89,66.0,719.0,0.7065,Degraded,-1,1
SES-195636,2026-08-28 20:35:36+00:00,2026-08-28,iPhone 15 Pro,v18.2.1,GS-LEO-24,GS-CA-B,Messages_Satellite,16.72,54.3,749.0,0.6574,Degraded,-1,1
SES-102971,2026-08-19 23:42:15+00:00,2026-08-19,iPhone 15 Pro,v18.2.0-b2,GS-LEO-24,GS-CA-B,FindMy_Ping,15.29,15.8,738.0,0.6187,Degraded,-1,1
SES-140559,2026-08-14 21:33:17+00:00,2026-08-14,iPhone 15 Pro,v18.2.0-b2,GS-LEO-24,GS-FL-C,Roadside_Assistance,22.37,18.5,631.0,0.2345,Acceptable,-1,1
SES-113028,2026-08-02 12:18:03+00:00,2026-08-02,iPhone 15 Pro,v18.2.0-b2,GS-LEO-23,GS-CA-B,FindMy_Ping,5.98,16.2,4544.0,0.122,Degraded,-1,1
SES-161763,2026-08-31 20:39:02+00:00,2026-08-31,iPhone 15 Pro,v18.2.0-b2,GS-LEO-23,GS-FL-C,Messages_Satellite,4.46,75.2,4526.0,0.0124,Degraded,-1,1
SES-132275,2026-08-30 19:12:56+00:00,2026-08-30,iPhone 15 Pro,v18.2.0-b2,GS-LEO-23,GS-CA-B,Messages_Satellite,13.74,77.3,4433.0,0.0688,Degraded,-1,1
SES-169494,2026-08-27 14:39:31+00:00,2026-08-27,iPhone 15 Pro,v18.2.0-b2,GS-LEO-23,GS-FL-C,Emergency_SOS,6.35,51.1,4398.0,0.1863,Degraded,-1,1
SES-130698,2026-08-04 19:39:23+00:00,2026-08-04,iPhone 15 Pro,v18.2.0-b2,GS-LEO-23,GS-OR-D,Messages_Satellite,17.1,54.9,4329.0,0.0113,Degraded,-1,1
SES-148399,2026-08-26 20:41:17+00:00,2026-08-26,iPhone 15 Pro,v18.2.0-b2,GS-LEO-23,GS-CA-B,Roadside_Assistance,1.67,35.9,4306.0,0.0686,Degraded,-1,1
SES-132323,2026-08-10 09:30:19+00:00,2026-08-10,iPhone 15 Pro,v18.2.0-b2,GS-LEO-23,GS-FL-C,FindMy_Ping,14.25,15.9,4293.0,0.0901,Degraded,-1,1
SES-102742,2026-08-26 15:21:00+00:00,2026-08-26,iPhone 15 Pro,v18.2.0-b2,GS-LEO-23,GS-OR-D,Roadside_Assistance,11.27,74.9,4208.0,0.131,Degraded,-1,1
SES-161061,2026-08-30 10:32:49+00:00,2026-08-30,iPhone 15 Pro,v18.2.0-b2,GS-LEO-23,GS-FL-C,Roadside_Assistance,9.97,15.4,4147.0,0.0837,Degraded,-1,1
SES-117920,2026-08-03 03:51:43+00:00,2026-08-03,iPhone 15 Pro,v18.2.0-b2,GS-LEO-23,GS-TX-A,Messages_Satellite,13.83,72.1,3969.0,0.0121,Degraded,-1,1
SES-126880,2026-08-15 06:26:43+00:00,2026-08-15,iPhone 15 Pro,v18.2.0-b2,GS-LEO-23,GS-FL-C,Messages_Satellite,6.32,80.2,3846.0,0.0332,Degraded,-1,1
SES-159895,2026-08-23 10:32:48+00:00,2026-08-23,iPhone 15 Pro,v18.2.0-b2,GS-LEO-23,GS-OR-D,Emergency_SOS,10.99,59.9,3824.0,0.2417,Degraded,-1,1
SES-119278,2026-08-07 15:50:29+00:00,2026-08-07,iPhone 15 Pro,v18.2.0-b2,GS-LEO-23,GS-OR-D,Roadside_Assistance,22.13,53.6,3663.0,0.0392,Degraded,-1,1
SES-191696,2026-08-29 01:24:27+00:00,2026-08-29,iPhone 15 Pro,v18.2.0-b2,GS-LEO-23,GS-CA-B,Messages_Satellite,14.48,45.1,3620.0,0.6962,Degraded,-1,1
SES-176566,2026-08-25 06:14:45+00:00,2026-08-25,iPhone 15 Pro,v18.2.0-b2,GS-LEO-23,GS-TX-A,Messages_Satellite,8.18,79.0,3610.0,0.1419,Degraded,-1,1
SES-114900,2026-08-02 07:48:09+00:00,2026-08-02,iPhone 15 Pro,v18.2.0-b2,GS-LEO-23,GS-FL-C,Messages_Satellite,12.86,15.3,3583.0,0.2079,Degraded,-1,1
SES-154024,2026-08-27 01:21:36+00:00,2026-08-27,iPhone 15 Pro,v18.2.0-b2,GS-LEO-23,GS-CA-B,Messages_Satellite,18.26,83.5,3556.0,0.0216,Degraded,-1,1
SES-165130,2026-08-25 16:59:41+00:00,2026-08-25,iPhone 15 Pro,v18.2.0-b2,GS-LEO-23,GS-FL-C,Roadside_Assistance,3.92,65.2,3449.0,0.1778,Degraded,-1,1
SES-168622,2026-08-25 06:06:33+00:00,2026-08-25,iPhone 15 Pro,v18.1.0,GS-LEO-01,GS-CA-B,Messages_Satellite,10.23,54.4,821.0,0.6105,Degraded,-1,1
SES-141386,2026-08-05 01:33:41+00:00,2026-08-05,iPhone 15 Pro,v18.2.0-b2,GS-LEO-23,GS-CA-B,Messages_Satellite,7.72,21.7,3422.0,0.2048,Degraded,-1,1
SES-105536,2026-08-29 23:33:35+00:00,2026-08-29,iPhone 15 Pro,v18.2.0-b2,GS-LEO-23,GS-FL-C,Messages_Satellite,12.82,77.2,3422.0,0.2838,Degraded,-1,1
SES-156712,2026-08-29 06:51:13+00:00,2026-08-29,iPhone 15 Pro,v18.2.0-b2,GS-LEO-23,GS-CA-B,Messages_Satellite,8.84,38.3,3212.0,0.6152,Degraded,-1,1
SES-172147,2026-08-12 22:26:50+00:00,2026-08-12,iPhone 15 Pro,v18.2.0-b2,GS-LEO-23,GS-CA-B,Roadside_Assistance,5.69,23.0,2861.0,0.1833,Degraded,-1,1
SES-111747,2026-08-01 18:05:37+00:00,2026-08-01,iPhone 15 Pro,v18.2.0-b2,GS-LEO-23,GS-CA-B,Roadside_Assistance,7.39,58.2,2661.0,0.6675,Degraded,-1,1
SES-109875,2026-08-26 20:10:23+00:00,2026-08-26,iPhone 15 Pro,v18.2.0-b2,GS-LEO-23,GS-CA-B,Messages_Satellite,17.99,80.4,2519.0,0.6445,Degraded,-1,1
SES-101749,2026-08-02 08:50:27+00:00,2026-08-02,iPhone 15 Pro,v18.1.0,GS-LEO-23,GS-CA-B,FindMy_Ping,5.72,76.2,1021.0,0.6797,Degraded,-1,1
SES-186160,2026-08-10 12:41:59+00:00,2026-08-10,iPhone 15 Pro,v18.1.0,GS-LEO-01,GS-CA-B,Messages_Satellite,12.99,37.3,837.0,0.7023,Degraded,-1,1
SES-107196,2026-08-17 05:28:53+00:00,2026-08-17,iPhone 15 Pro,v18.2.0-b2,GS-LEO-23,GS-CA-B,FindMy_Ping,11.67,83.9,965.0,0.7011,Degraded,-1,1
SES-166212,2026-08-01 10:09:19+00:00,2026-08-01,iPhone 15 Pro,v18.2.0-b2,GS-LEO-23,GS-CA-B,Messages_Satellite,12.21,33.0,961.0,0.7202,Degraded,-1,1
SES-161406,2026-08-15 22:14:05+00:00,2026-08-15,iPhone 15 Pro,v18.2.1,GS-LEO-23,GS-CA-B,Emergency_SOS,9.66,21.0,950.0,0.5653,Degraded,-1,1
SES-185494,2026-08-01 17:05:12+00:00,2026-08-01,iPhone 15 Pro,v18.1.0,GS-LEO-23,GS-CA-B,Messages_Satellite,12.35,16.4,948.0,0.6873,Degraded,-1,1
SES-132582,2026-08-26 13:29:26+00:00,2026-08-26,iPhone 15 Pro,v18.2.0-b2,GS-LEO-23,GS-CA-B,Messages_Satellite,14.34,66.2,944.0,0.714,Degraded,-1,1
SES-108671,2026-08-22 04:14:41+00:00,2026-08-22,iPhone 15 Pro,v18.2.1,GS-LEO-23,GS-CA-B,Messages_Satellite,13.23,45.0,906.0,0.6895,Degraded,-1,1
SES-132634,2026-08-07 03:05:42+00:00,2026-08-07,iPhone 15 Pro,v18.2.1,GS-LEO-23,GS-CA-B,Messages_Satellite,12.17,78.2,864.0,0.8339,Degraded,-1,1
SES-188257,2026-08-01 07:28:22+00:00,2026-08-01,iPhone 15 Pro,v18.2.1,GS-LEO-23,GS-CA-B,FindMy_Ping,15.39,83.6,823.0,0.6265,Degraded,-1,1
SES-105922,2026-08-25 12:03:08+00:00,2026-08-25,iPhone 15 Pro,v18.2.1,GS-LEO-23,GS-CA-B,Messages_Satellite,14.74,48.1,789.0,0.9301,Degraded,-1,1
SES-118211,2026-08-10 02:30:41+00:00,2026-08-10,iPhone 15 Pro,v18.2.1,GS-LEO-23,GS-CA-B,Messages_Satellite,12.69,80.6,779.0,0.7114,Degraded,-1,1
SES-113399,2026-08-01 23:12:30+00:00,2026-08-01,iPhone 15 Pro,v18.1.0,GS-LEO-05,GS-CA-B,Emergency_SOS,11.13,84.1,929.0,0.6907,Degraded,-1,1
SES-171052,2026-08-18 16:50:52+00:00,2026-08-18,iPhone 15 Pro,v18.2.1,GS-LEO-23,GS-CA-B,Messages_Satellite,18.28,23.8,721.0,0.6771,Degraded,-1,1
SES-177810,2026-08-20 07:20:49+00:00,2026-08-20,iPhone 15 Pro,v18.2.0-b2,GS-LEO-22,GS-OR-D,Messages_Satellite,7.66,25.0,4511.0,0.0382,Degraded,-1,1
SES-174414,2026-08-13 17:41:10+00:00,2026-08-13,iPhone 15 Pro,v18.2.0-b2,GS-LEO-22,GS-FL-C,Emergency_SOS,11.03,66.3,4388.0,0.0673,Degraded,-1,1
SES-108998,2026-08-23 09:01:46+00:00,2026-08-23,iPhone 15 Pro,v18.2.0-b2,GS-LEO-22,GS-CA-B,Messages_Satellite,15.75,31.9,4336.0,0.3215,Degraded,-1,1
SES-108351,2026-08-09 16:59:01+00:00,2026-08-09,iPhone 15 Pro,v18.2.0-b2,GS-LEO-22,GS-TX-A,FindMy_Ping,15.44,64.5,4130.0,0.1,Degraded,-1,1
SES-162258,2026-08-14 22:39:46+00:00,2026-08-14,iPhone 15 Pro,v18.2.0-b2,GS-LEO-22,GS-OR-D,Emergency_SOS,14.41,76.6,3783.0,0.0043,Degraded,-1,1
SES-161245,2026-08-11 03:03:00+00:00,2026-08-11,iPhone 15 Pro,v18.2.0-b2,GS-LEO-22,GS-TX-A,FindMy_Ping,16.32,80.0,3775.0,0.046,Degraded,-1,1
SES-152709,2026-08-11 01:08:49+00:00,2026-08-11,iPhone 15 Pro,v18.2.0-b2,GS-LEO-22,GS-FL-C,FindMy_Ping,16.75,64.6,3735.0,0.2316,Degraded,-1,1
SES-179771,2026-08-12 21:52:36+00:00,2026-08-12,iPhone 15 Pro,v18.2.0-b2,GS-LEO-22,GS-TX-A,FindMy_Ping,21.66,28.7,3644.0,0.0668,Degraded,-1,1
SES-147729,2026-08-01 18:19:11+00:00,2026-08-01,iPhone 15 Pro,v18.2.0-b2,GS-LEO-22,GS-CA-B,Messages_Satellite,24.64,42.5,3579.0,0.4327,Degraded,-1,1
SES-114041,2026-08-04 18:01:32+00:00,2026-08-04,iPhone 15 Pro,v18.2.0-b2,GS-LEO-22,GS-TX-A,Roadside_Assistance,8.59,22.0,3367.0,0.2484,Degraded,-1,1
SES-160589,2026-08-30 19:41:58+00:00,2026-08-30,iPhone 15 Pro,v18.2.0-b2,GS-LEO-22,GS-CA-B,Messages_Satellite,19.23,23.9,3190.0,0.5774,Degraded,-1,1
SES-198398,2026-08-25 12:44:19+00:00,2026-08-25,iPhone 15 Pro,v18.2.0-b2,GS-LEO-22,GS-OR-D,Messages_Satellite,6.31,17.7,3175.0,0.1446,Degraded,-1,1
SES-118876,2026-08-16 16:20:44+00:00,2026-08-16,iPhone 15 Pro,v18.2.0-b2,GS-LEO-22,GS-CA-B,Messages_Satellite,5.54,84.9,3103.0,0.5894,Degraded,-1,1
SES-173436,2026-08-18 18:18:53+00:00,2026-08-18,iPhone 15 Pro,v18.2.0-b2,GS-LEO-22,GS-OR-D,Messages_Satellite,3.05,76.2,2772.0,0.0392,Degraded,-1,1
SES-150728,2026-08-22 13:14:14+00:00,2026-08-22,iPhone 15 Pro,v18.2.0-b2,GS-LEO-22,GS-CA-B,FindMy_Ping,22.06,76.0,2721.0,0.055,Degraded,-1,1
SES-168995,2026-08-25 11:36:29+00:00,2026-08-25,iPhone 15 Pro,v18.2.0-b2,GS-LEO-22,GS-TX-A,Messages_Satellite,23.74,74.3,2181.0,0.002,Acceptable,-1,1
SES-185238,2026-08-17 02:16:43+00:00,2026-08-17,iPhone 15 Pro,v18.2.1,GS-LEO-06,GS-CA-B,Messages_Satellite,10.04,78.9,890.0,0.7597,Degraded,-1,1
SES-119411,2026-08-02 09:58:13+00:00,2026-08-02,iPhone 15 Pro,v18.2.1,GS-LEO-22,GS-CA-B,Messages_Satellite,6.25,40.7,1142.0,0.7551,Degraded,-1,1
SES-135794,2026-08-02 10:03:26+00:00,2026-08-02,iPhone 15 Pro,v18.1.0,GS-LEO-22,GS-CA-B,Messages_Satellite,7.48,25.9,1096.0,0.5088,Degraded,-1,1
SES-169656,2026-08-01 18:43:29+00:00,2026-08-01,iPhone 15 Pro,v18.2.1,GS-LEO-06,GS-CA-B,Emergency_SOS,13.22,82.9,893.0,0.6015,Degraded,-1,1
SES-124624,2026-08-30 10:47:55+00:00,2026-08-30,iPhone 15 Pro,v18.2.1,GS-LEO-22,GS-CA-B,Messages_Satellite,6.85,44.6,1026.0,0.7009,Degraded,-1,1
SES-191284,2026-08-17 20:28:55+00:00,2026-08-17,iPhone 15 Pro,v18.2.0-b2,GS-LEO-22,GS-CA-B,Messages_Satellite,10.74,25.5,941.0,0.6395,Degraded,-1,1
SES-198157,2026-08-28 03:27:37+00:00,2026-08-28,iPhone 15 Pro,v18.1.0,GS-LEO-22,GS-CA-B,Roadside_Assistance,12.92,48.4,916.0,0.7407,Degraded,-1,1
SES-150984,2026-08-23 00:29:04+00:00,2026-08-23,iPhone 15 Pro,v18.2.1,GS-LEO-22,GS-CA-B,Emergency_SOS,11.98,23.3,911.0,0.622,Degraded,-1,1
SES-184614,2026-08-26 16:33:56+00:00,2026-08-26,iPhone 15 Pro,v18.2.1,GS-LEO-22,GS-CA-B,Messages_Satellite,15.69,41.0,823.0,0.7819,Degraded,-1,1
SES-117434,2026-08-04 17:46:00+00:00,2026-08-04,iPhone 15 Pro,v18.2.1,GS-LEO-22,GS-CA-B,FindMy_Ping,13.08,18.7,811.0,0.6626,Degraded,-1,1
SES-111517,2026-08-20 20:33:29+00:00,2026-08-20,iPhone 15 Pro,v18.2.0-b2,GS-LEO-22,GS-CA-B,Emergency_SOS,16.15,65.8,798.0,0.7667,Degraded,-1,1
SES-101201,2026-08-18 18:09:31+00:00,2026-08-18,iPhone 15 Pro,v18.1.0,GS-LEO-22,GS-CA-B,Messages_Satellite,19.4,23.4,786.0,0.677,Degraded,-1,1
SES-125149,2026-08-08 13:16:23+00:00,2026-08-08,iPhone 15 Pro,v18.1.0,GS-LEO-01,GS-CA-B,Messages_Satellite,10.53,54.6,977.0,0.6059,Degraded,-1,1
SES-198985,2026-08-04 01:21:52+00:00,2026-08-04,iPhone 15 Pro,v18.1.0,GS-LEO-22,GS-CA-B,FindMy_Ping,20.79,31.1,656.0,0.6526,Degraded,-1,1
SES-181657,2026-08-01 11:08:22+00:00,2026-08-01,iPhone 15 Pro,v18.2.0-b2,GS-LEO-21,GS-CA-B,FindMy_Ping,1.48,70.6,4501.0,0.0464,Degraded,-1,1
SES-146681,2026-08-18 16:01:38+00:00,2026-08-18,iPhone 15 Pro,v18.2.0-b2,GS-LEO-21,GS-TX-A,Messages_Satellite,11.51,28.5,4461.0,0.167,Degraded,-1,1
SES-134240,2026-08-20 18:55:31+00:00,2026-08-20,iPhone 15 Pro,v18.2.0-b2,GS-LEO-21,GS-OR-D,Emergency_SOS,9.43,31.2,4441.0,0.1095,Degraded,-1,1
SES-119456,2026-08-20 15:46:59+00:00,2026-08-20,iPhone 15 Pro,v18.2.0-b2,GS-LEO-21,GS-CA-B,FindMy_Ping,15.85,58.8,4272.0,0.0292,Degraded,-1,1
SES-121955,2026-08-27 01:14:52+00:00,2026-08-27,iPhone 15 Pro,v18.2.0-b2,GS-LEO-21,GS-FL-C,Roadside_Assistance,10.5,80.0,4233.0,0.0867,Degraded,-1,1
SES-123357,2026-08-04 02:31:23+00:00,2026-08-04,iPhone 15 Pro,v18.2.0-b2,GS-LEO-21,GS-TX-A,Messages_Satellite,12.21,63.7,4198.0,0.1778,Degraded,-1,1
SES-168546,2026-08-04 06:17:12+00:00,2026-08-04,iPhone 15 Pro,v18.2.0-b2,GS-LEO-21,GS-OR-D,Emergency_SOS,20.32,38.1,4171.0,0.089,Degraded,-1,1
SES-134170,2026-08-01 20:19:48+00:00,2026-08-01,iPhone 15 Pro,v18.2.0-b2,GS-LEO-21,GS-CA-B,Messages_Satellite,14.39,50.6,4171.0,0.0024,Degraded,-1,1
SES-197013,2026-08-09 05:51:00+00:00,2026-08-09,iPhone 15 Pro,v18.2.0-b2,GS-LEO-21,GS-CA-B,FindMy_Ping,9.67,15.1,4031.0,0.0502,Degraded,-1,1
SES-194560,2026-08-26 06:23:16+00:00,2026-08-26,iPhone 15 Pro,v18.2.0-b2,GS-LEO-21,GS-CA-B,Messages_Satellite,13.07,74.6,4028.0,0.0899,Degraded,-1,1
SES-159200,2026-08-28 01:00:20+00:00,2026-08-28,iPhone 15 Pro,v18.2.0-b2,GS-LEO-21,GS-CA-B,FindMy_Ping,19.93,80.8,4004.0,0.0568,Degraded,-1,1
SES-107426,2026-08-02 01:01:43+00:00,2026-08-02,iPhone 15 Pro,v18.2.0-b2,GS-LEO-21,GS-TX-A,Messages_Satellite,11.94,78.9,3925.0,0.0134,Degraded,-1,1
SES-124331,2026-08-13 21:46:30+00:00,2026-08-13,iPhone 15 Pro,v18.2.0-b2,GS-LEO-21,GS-OR-D,Messages_Satellite,10.64,62.9,3922.0,0.1205,Degraded,-1,1
SES-122613,2026-08-09 23:58:36+00:00,2026-08-09,iPhone 15 Pro,v18.2.0-b2,GS-LEO-21,GS-CA-B,Messages_Satellite,11.8,79.5,3905.0,0.0288,Degraded,-1,1
SES-147920,2026-08-14 00:33:07+00:00,2026-08-14,iPhone 15 Pro,v18.2.0-b2,GS-LEO-21,GS-CA-B,FindMy_Ping,11.21,62.5,3876.0,0.6129,Degraded,-1,1
SES-107679,2026-08-07 15:33:27+00:00,2026-08-07,iPhone 15 Pro,v18.2.0-b2,GS-LEO-21,GS-CA-B,Messages_Satellite,11.03,18.8,3194.0,0.5721,Degraded,-1,1
SES-144326,2026-08-02 17:10:04+00:00,2026-08-02,iPhone 15 Pro,v18.2.0-b2,GS-LEO-21,GS-CA-B,Emergency_SOS,15.46,68.8,3189.0,0.5535,Degraded,-1,1
SES-160037,2026-08-10 19:09:15+00:00,2026-08-10,iPhone 15 Pro,v18.2.0-b2,GS-LEO-06,GS-CA-B,Messages_Satellite,8.57,65.2,1009.0,0.7404,Degraded,-1,1
SES-165582,2026-08-23 04:06:48+00:00,2026-08-23,iPhone 15 Pro,v18.2.1,GS-LEO-21,GS-CA-B,Messages_Satellite,0.7,53.3,1276.0,0.2493,Acceptable,-1,1
SES-150789,2026-08-28 14:35:00+00:00,2026-08-28,iPhone 15 Pro,v18.1.0,GS-LEO-21,GS-CA-B,Roadside_Assistance,5.93,22.6,1149.0,0.4541,Degraded,-1,1
SES-155735,2026-08-22 01:50:42+00:00,2026-08-22,iPhone 15 Pro,v18.1.0,GS-LEO-21,GS-CA-B,FindMy_Ping,5.42,79.2,1090.0,0.6386,Degraded,-1,1
SES-159903,2026-08-27 22:12:06+00:00,2026-08-27,iPhone 15 Pro,v18.2.0-b2,GS-LEO-21,GS-CA-B,Messages_Satellite,6.38,57.5,1087.0,0.6042,Degraded,-1,1
SES-140845,2026-08-11 01:36:03+00:00,2026-08-11,iPhone 15 Pro,v18.2.1,GS-LEO-06,GS-CA-B,Roadside_Assistance,9.61,78.4,1029.0,0.6571,Degraded,-1,1
SES-115475,2026-08-30 07:49:03+00:00,2026-08-30,iPhone 15 Pro,v18.1.0,GS-LEO-06,GS-CA-B,Messages_Satellite,6.55,78.9,1035.0,0.7559,Degraded,-1,1
SES-174053,2026-08-22 00:55:06+00:00,2026-08-22,iPhone 15 Pro,v18.2.0-b2,GS-LEO-21,GS-CA-B,FindMy_Ping,8.62,34.9,1007.0,0.7095,Degraded,-1,1
SES-118966,2026-08-04 17:24:50+00:00,2026-08-04,iPhone 15 Pro,v18.2.1,GS-LEO-21,GS-CA-B,Messages_Satellite,8.26,19.7,1006.0,0.6432,Degraded,-1,1
SES-133430,2026-08-03 11:57:37+00:00,2026-08-03,iPhone 15 Pro,v18.2.0-b2,GS-LEO-21,GS-CA-B,FindMy_Ping,9.78,53.1,934.0,0.6384,Degraded,-1,1
SES-124073,2026-08-08 18:16:08+00:00,2026-08-08,iPhone 15 Pro,v18.1.0,GS-LEO-01,GS-CA-B,Emergency_SOS,7.73,33.8,1060.0,0.6476,Degraded,-1,1
SES-135241,2026-08-22 04:58:16+00:00,2026-08-22,iPhone 15 Pro,v18.2.1,GS-LEO-21,GS-CA-B,Messages_Satellite,15.02,28.6,906.0,0.7095,Degraded,-1,1
SES-153717,2026-08-20 07:28:46+00:00,2026-08-20,iPhone 15 Pro,v18.2.0-b2,GS-LEO-06,GS-TX-A,Messages_Satellite,25.26,58.8,2185.0,0.025,Acceptable,-1,1
SES-185746,2026-08-02 09:48:38+00:00,2026-08-02,iPhone 15 Pro,v18.1.0,GS-LEO-21,GS-CA-B,FindMy_Ping,12.72,31.5,889.0,0.6619,Degraded,-1,1
SES-127786,2026-08-28 22:55:16+00:00,2026-08-28,iPhone 15 Pro,v18.1.0,GS-LEO-21,GS-CA-B,Messages_Satellite,10.96,62.5,882.0,0.7085,Degraded,-1,1
SES-134211,2026-08-02 20:12:20+00:00,2026-08-02,iPhone 15 Pro,v18.2.0-b2,GS-LEO-06,GS-FL-C,Messages_Satellite,19.48,81.9,3019.0,0.0115,Degraded,-1,1
SES-132103,2026-08-13 16:15:43+00:00,2026-08-13,iPhone 15 Pro,v18.2.0-b2,GS-LEO-06,GS-FL-C,Emergency_SOS,17.78,62.9,3056.0,0.2437,Degraded,-1,1
SES-123014,2026-08-09 09:36:28+00:00,2026-08-09,iPhone 15 Pro,v18.2.0-b2,GS-LEO-06,GS-TX-A,Roadside_Assistance,2.99,35.4,3092.0,0.1343,Degraded,-1,1
SES-106043,2026-08-10 01:11:31+00:00,2026-08-10,iPhone 15 Pro,v18.2.0-b2,GS-LEO-06,GS-CA-B,Messages_Satellite,13.74,28.0,3101.0,0.3679,Degraded,-1,1
SES-190436,2026-08-12 06:48:35+00:00,2026-08-12,iPhone 15 Pro,v18.2.1,GS-LEO-21,GS-CA-B,FindMy_Ping,12.59,21.7,872.0,0.6282,Degraded,-1,1
SES-162046,2026-08-13 11:42:28+00:00,2026-08-13,iPhone 15 Pro,v18.2.0-b2,GS-LEO-06,GS-CA-B,Roadside_Assistance,12.53,54.7,3393.0,0.2861,Degraded,-1,1
SES-180547,2026-08-10 22:12:28+00:00,2026-08-10,iPhone 15 Pro,v18.2.0-b2,GS-LEO-06,GS-OR-D,Emergency_SOS,19.68,83.1,3445.0,0.1198,Degraded,-1,1
SES-114159,2026-08-14 08:02:39+00:00,2026-08-14,iPhone 15 Pro,v18.2.0-b2,GS-LEO-06,GS-TX-A,Emergency_SOS,4.39,81.9,3507.0,0.0341,Degraded,-1,1
SES-102732,2026-08-03 17:22:43+00:00,2026-08-03,iPhone 15 Pro,v18.2.0-b2,GS-LEO-06,GS-OR-D,Roadside_Assistance,4.28,30.3,3661.0,0.2465,Degraded,-1,1
SES-179491,2026-08-21 16:03:19+00:00,2026-08-21,iPhone 15 Pro,v18.2.0-b2,GS-LEO-01,GS-TX-A,Messages_Satellite,22.83,84.4,2067.0,0.078,Acceptable,-1,1
SES-186295,2026-08-06 04:31:04+00:00,2026-08-06,iPhone 15 Pro,v18.2.0-b2,GS-LEO-06,GS-FL-C,Messages_Satellite,17.82,67.5,3807.0,0.1668,Degraded,-1,1
SES-199377,2026-08-06 07:30:15+00:00,2026-08-06,iPhone 15 Pro,v18.2.0-b2,GS-LEO-06,GS-TX-A,Messages_Satellite,16.99,42.2,3952.0,0.1324,Degraded,-1,1
SES-149783,2026-08-19 09:18:58+00:00,2026-08-19,iPhone 15 Pro,v18.2.0-b2,GS-LEO-06,GS-CA-B,Messages_Satellite,11.88,58.8,4214.0,0.2193,Degraded,-1,1
SES-185008,2026-08-08 12:03:50+00:00,2026-08-08,iPhone 15 Pro,v18.2.0-b2,GS-LEO-01,GS-CA-B,FindMy_Ping,13.3,85.0,2729.0,0.1454,Degraded,-1,1
SES-155542,2026-08-11 14:37:19+00:00,2026-08-11,iPhone 15 Pro,v18.2.0-b2,GS-LEO-06,GS-TX-A,FindMy_Ping,15.06,58.5,4328.0,0.0359,Degraded,-1,1
SES-137201,2026-08-18 20:20:37+00:00,2026-08-18,iPhone 15 Pro,v18.2.0-b2,GS-LEO-06,GS-FL-C,Messages_Satellite,3.08,47.7,4350.0,0.0531,Degraded,-1,1
SES-103033,2026-08-04 00:53:31+00:00,2026-08-04,iPhone 15 Pro,v18.2.0-b2,GS-LEO-06,GS-TX-A,Messages_Satellite,-0.02,74.6,4719.0,0.0605,Degraded,-1,1
SES-178239,2026-08-09 03:54:04+00:00,2026-08-09,iPhone 15 Pro,v18.2.0-b2,GS-LEO-01,GS-FL-C,Roadside_Assistance,8.45,83.3,2929.0,0.1826,Degraded,-1,1
SES-119924,2026-08-28 09:40:21+00:00,2026-08-28,iPhone 15 Pro,v18.2.0-b2,GS-LEO-01,GS-CA-B,Emergency_SOS,11.08,15.8,2970.0,0.401,Degraded,-1,1
SES-100888,2026-08-10 14:28:33+00:00,2026-08-10,iPhone 15 Pro,v18.2.0-b2,GS-LEO-01,GS-OR-D,Messages_Satellite,4.42,82.2,3109.0,0.1429,Degraded,-1,1
SES-140265,2026-08-06 02:32:42+00:00,2026-08-06,iPhone 15 Pro,v18.2.0-b2,GS-LEO-01,GS-CA-B,Messages_Satellite,12.62,81.6,3312.0,0.514,Degraded,-1,1
SES-180326,2026-08-19 02:28:01+00:00,2026-08-19,iPhone 15 Pro,v18.2.0-b2,GS-LEO-01,GS-OR-D,FindMy_Ping,20.23,79.9,3345.0,0.0804,Degraded,-1,1
SES-126415,2026-08-12 09:06:58+00:00,2026-08-12,iPhone 15 Pro,v18.1.0,GS-LEO-21,GS-CA-B,Roadside_Assistance,15.89,54.2,787.0,0.6965,Degraded,-1,1
SES-176415,2026-08-15 08:45:27+00:00,2026-08-15,iPhone 15 Pro,v18.2.0-b2,GS-LEO-21,GS-CA-B,Messages_Satellite,16.38,15.5,786.0,0.6574,Degraded,-1,1
SES-111729,2026-08-07 00:59:01+00:00,2026-08-07,iPhone 15 Pro,v18.2.0-b2,GS-LEO-01,GS-CA-B,Messages_Satellite,11.38,70.1,3608.0,0.6619,Degraded,-1,1
SES-160671,2026-08-17 00:23:08+00:00,2026-08-17,iPhone 15 Pro,v18.2.0-b2,GS-LEO-01,GS-CA-B,Roadside_Assistance,9.47,83.1,3766.0,0.3497,Degraded,-1,1
SES-177721,2026-08-25 01:34:54+00:00,2026-08-25,iPhone 15 Pro,v18.2.0-b2,GS-LEO-01,GS-OR-D,Messages_Satellite,12.58,67.3,3828.0,0.206,Degraded,-1,1
SES-136627,2026-08-08 18:01:02+00:00,2026-08-08,iPhone 15 Pro,v18.2.1,GS-LEO-21,GS-CA-B,Messages_Satellite,18.71,63.3,756.0,0.6676,Degraded,-1,1
SES-127984,2026-08-22 23:07:21+00:00,2026-08-22,iPhone 15 Pro,v18.2.0-b2,GS-LEO-01,GS-TX-A,Emergency_SOS,7.51,72.8,3885.0,0.0133,Degraded,-1,1
SES-137027,2026-08-29 01:09:02+00:00,2026-08-29,iPhone 15 Pro,v18.2.0-b2,GS-LEO-01,GS-FL-C,Messages_Satellite,15.24,84.5,3885.0,0.1862,Degraded,-1,1
SES-101253,2026-08-02 14:07:02+00:00,2026-08-02,iPhone 15 Pro,v18.2.0-b2,GS-LEO-01,GS-FL-C,Messages_Satellite,5.8,73.2,3896.0,0.0318,Degraded,-1,1
SES-191873,2026-08-08 17:07:45+00:00,2026-08-08,iPhone 15 Pro,v18.2.0-b2,GS-LEO-01,GS-OR-D,Messages_Satellite,7.6,82.3,3913.0,0.0658,Degraded,-1,1
SES-158658,2026-08-13 21:16:36+00:00,2026-08-13,iPhone 15 Pro,v18.2.0-b2,GS-LEO-01,GS-CA-B,Roadside_Assistance,9.01,15.5,3971.0,0.1281,Degraded,-1,1
SES-127233,2026-08-06 23:42:38+00:00,2026-08-06,iPhone 15 Pro,v18.2.0-b2,GS-LEO-01,GS-OR-D,FindMy_Ping,17.06,71.4,4009.0,0.0446,Degraded,-1,1
SES-193940,2026-08-16 06:38:54+00:00,2026-08-16,iPhone 15 Pro,v18.2.0-b2,GS-LEO-01,GS-OR-D,Messages_Satellite,14.22,80.4,4051.0,0.0738,Degraded,-1,1
SES-131072,2026-08-18 17:28:12+00:00,2026-08-18,iPhone 15 Pro,v18.2.0-b2,GS-LEO-01,GS-TX-A,Messages_Satellite,9.73,59.0,4090.0,0.1314,Degraded,-1,1
SES-182172,2026-08-10 01:00:06+00:00,2026-08-10,iPhone 15 Pro,v18.2.0-b2,GS-LEO-01,GS-TX-A,Roadside_Assistance,9.66,77.2,4103.0,0.0621,Degraded,-1,1
SES-107804,2026-08-18 12:53:14+00:00,2026-08-18,iPhone 15 Pro,v18.1.0,GS-LEO-21,GS-CA-B,Messages_Satellite,20.27,84.6,718.0,0.5467,Degraded,-1,1
SES-151153,2026-08-01 20:41:44+00:00,2026-08-01,iPhone 15 Pro,v18.2.0-b2,GS-LEO-01,GS-CA-B,Messages_Satellite,7.24,40.7,4260.0,0.0458,Degraded,-1,1
SES-125528,2026-08-24 03:34:42+00:00,2026-08-24,iPhone 15 Pro,v18.2.0-b2,GS-LEO-01,GS-FL-C,Messages_Satellite,13.64,62.0,4264.0,0.0716,Degraded,-1,1
SES-199837,2026-08-15 01:52:48+00:00,2026-08-15,iPhone 15 Pro,v18.2.0-b2,GS-LEO-01,GS-OR-D,Messages_Satellite,7.88,70.0,4454.0,0.082,Degraded,-1,1
SES-101929,2026-08-26 16:51:55+00:00,2026-08-26,iPhone 15 Pro,v18.2.1,GS-LEO-02,GS-TX-A,Messages_Satellite,23.57,18.6,587.0,0.2125,Acceptable,-1,1
SES-147688,2026-08-25 00:36:20+00:00,2026-08-25,iPhone 15 Pro,v18.2.0-b2,GS-LEO-20,GS-CA-B,Messages_Satellite,9.45,82.8,4467.0,0.3113,Degraded,-1,1
SES-194715,2026-08-22 23:34:34+00:00,2026-08-22,iPhone 15 Pro,v18.2.0-b2,GS-LEO-20,GS-TX-A,FindMy_Ping,4.33,30.1,4400.0,0.1271,Degraded,-1,1
SES-172611,2026-08-15 14:08:07+00:00,2026-08-15,iPhone 15 Pro,v18.2.0-b2,GS-LEO-20,GS-CA-B,Messages_Satellite,13.23,61.8,4335.0,0.147,Degraded,-1,1
SES-170281,2026-08-24 04:08:22+00:00,2026-08-24,iPhone 15 Pro,v18.2.0-b2,GS-LEO-20,GS-TX-A,FindMy_Ping,11.36,18.8,4284.0,0.0761,Degraded,-1,1
SES-108122,2026-08-20 18:11:50+00:00,2026-08-20,iPhone 15 Pro,v18.2.0-b2,GS-LEO-20,GS-OR-D,Messages_Satellite,14.41,15.9,4281.0,0.0082,Degraded,-1,1
SES-132327,2026-08-28 19:31:04+00:00,2026-08-28,iPhone 15 Pro,v18.2.0-b2,GS-LEO-20,GS-TX-A,FindMy_Ping,7.0,32.1,4188.0,0.0312,Degraded,-1,1
SES-145482,2026-08-08 06:08:41+00:00,2026-08-08,iPhone 15 Pro,v18.2.0-b2,GS-LEO-20,GS-TX-A,Messages_Satellite,15.39,57.8,4145.0,0.0991,Degraded,-1,1
SES-197781,2026-08-07 13:40:01+00:00,2026-08-07,iPhone 15 Pro,v18.2.0-b2,GS-LEO-20,GS-TX-A,FindMy_Ping,14.4,83.7,4086.0,0.0501,Degraded,-1,1
SES-133381,2026-08-23 13:31:03+00:00,2026-08-23,iPhone 15 Pro,v18.2.0-b2,GS-LEO-20,GS-OR-D,Messages_Satellite,5.31,44.2,4014.0,0.1021,Degraded,-1,1
SES-113754,2026-08-20 08:02:46+00:00,2026-08-20,iPhone 15 Pro,v18.2.0-b2,GS-LEO-20,GS-OR-D,FindMy_Ping,15.44,74.9,3976.0,0.0973,Degraded,-1,1
SES-140791,2026-08-21 13:53:35+00:00,2026-08-21,iPhone 15 Pro,v18.2.0-b2,GS-LEO-20,GS-CA-B,FindMy_Ping,12.34,84.8,3933.0,0.0387,Degraded,-1,1
SES-167560,2026-08-12 03:45:28+00:00,2026-08-12,iPhone 15 Pro,v18.2.0-b2,GS-LEO-20,GS-CA-B,FindMy_Ping,10.79,74.2,3930.0,0.691,Degraded,-1,1
SES-143101,2026-08-19 15:50:08+00:00,2026-08-19,iPhone 15 Pro,v18.2.0-b2,GS-LEO-20,GS-FL-C,Messages_Satellite,20.03,75.1,3834.0,0.0362,Degraded,-1,1
SES-114442,2026-08-07 21:23:01+00:00,2026-08-07,iPhone 15 Pro,v18.2.0-b2,GS-LEO-20,GS-OR-D,FindMy_Ping,18.97,65.9,3829.0,0.0164,Degraded,-1,1
SES-132981,2026-08-22 14:39:36+00:00,2026-08-22,iPhone 15 Pro,v18.2.0-b2,GS-LEO-20,GS-FL-C,FindMy_Ping,4.27,72.2,3752.0,0.0375,Degraded,-1,1
SES-108118,2026-08-16 05:43:32+00:00,2026-08-16,iPhone 15 Pro,v18.1.0,GS-LEO-02,GS-CA-B,Messages_Satellite,20.13,61.4,639.0,0.6743,Degraded,-1,1
SES-139058,2026-08-03 16:30:07+00:00,2026-08-03,iPhone 15 Pro,v18.2.0-b2,GS-LEO-20,GS-CA-B,FindMy_Ping,15.28,81.5,3646.0,0.1159,Degraded,-1,1
SES-144955,2026-08-26 18:02:15+00:00,2026-08-26,iPhone 15 Pro,v18.1.0,GS-LEO-02,GS-CA-B,FindMy_Ping,17.81,39.1,640.0,0.7137,Degraded,-1,1
SES-156302,2026-08-05 02:09:09+00:00,2026-08-05,iPhone 15 Pro,v18.2.0-b2,GS-LEO-20,GS-OR-D,Roadside_Assistance,20.38,24.1,3555.0,0.1266,Degraded,-1,1
SES-180246,2026-08-17 13:48:34+00:00,2026-08-17,iPhone 15 Pro,v18.2.0-b2,GS-LEO-20,GS-OR-D,Emergency_SOS,20.02,70.4,3428.0,0.1787,Degraded,-1,1
SES-118582,2026-08-30 11:05:28+00:00,2026-08-30,iPhone 15 Pro,v18.2.0-b2,GS-LEO-20,GS-CA-B,Roadside_Assistance,11.28,44.6,2554.0,0.4434,Degraded,-1,1
SES-198062,2026-08-29 19:05:45+00:00,2026-08-29,iPhone 15 Pro,v18.2.1,GS-LEO-20,GS-TX-A,FindMy_Ping,-1.1,83.9,1322.0,0.0152,Optimal,-1,1
SES-181852,2026-08-26 12:39:58+00:00,2026-08-26,iPhone 15 Pro,v18.2.0-b2,GS-LEO-20,GS-CA-B,Messages_Satellite,-2.06,21.5,1223.0,0.2301,Acceptable,-1,1
SES-114909,2026-08-03 09:20:19+00:00,2026-08-03,iPhone 15 Pro,v18.2.0-b2,GS-LEO-20,GS-CA-B,Messages_Satellite,6.08,43.7,1119.0,0.6987,Degraded,-1,1
SES-131011,2026-08-03 22:01:44+00:00,2026-08-03,iPhone 15 Pro,v18.2.0-b2,GS-LEO-20,GS-CA-B,Messages_Satellite,6.92,21.5,1070.0,0.5337,Degraded,-1,1
SES-144389,2026-08-12 22:55:03+00:00,2026-08-12,iPhone 15 Pro,v18.2.0-b2,GS-LEO-20,GS-CA-B,FindMy_Ping,7.93,46.2,982.0,0.6279,Degraded,-1,1
SES-177248,2026-08-25 14:54:37+00:00,2026-08-25,iPhone 15 Pro,v18.2.0-b2,GS-LEO-20,GS-CA-B,Emergency_SOS,9.76,22.1,979.0,0.6157,Degraded,-1,1
SES-160067,2026-08-27 15:24:51+00:00,2026-08-27,iPhone 15 Pro,v18.2.1,GS-LEO-20,GS-CA-B,Messages_Satellite,10.67,22.0,967.0,0.6593,Degraded,-1,1
SES-142605,2026-08-02 15:08:33+00:00,2026-08-02,iPhone 15 Pro,v18.2.1,GS-LEO-02,GS-CA-B,Emergency_SOS,17.19,34.3,733.0,0.8036,Degraded,-1,1
SES-194692,2026-08-18 06:33:06+00:00,2026-08-18,iPhone 15 Pro,v18.2.1,GS-LEO-20,GS-CA-B,FindMy_Ping,6.64,16.0,955.0,0.6397,Degraded,-1,1
SES-188042,2026-08-25 19:13:32+00:00,2026-08-25,iPhone 15 Pro,v18.2.1,GS-LEO-20,GS-CA-B,Messages_Satellite,11.19,38.3,936.0,0.7367,Degraded,-1,1
SES-118050,2026-08-17 12:20:21+00:00,2026-08-17,iPhone 15 Pro,v18.1.0,GS-LEO-20,GS-CA-B,Messages_Satellite,14.38,17.8,921.0,0.6597,Degraded,-1,1
SES-179091,2026-08-19 01:19:25+00:00,2026-08-19,iPhone 15 Pro,v18.2.1,GS-LEO-20,GS-CA-B,Emergency_SOS,16.23,83.9,887.0,0.62,Degraded,-1,1
SES-115760,2026-08-10 22:41:53+00:00,2026-08-10,iPhone 15 Pro,v18.2.1,GS-LEO-20,GS-CA-B,FindMy_Ping,13.79,82.9,817.0,0.6212,Degraded,-1,1
SES-156645,2026-08-16 20:28:21+00:00,2026-08-16,iPhone 15 Pro,v18.2.1,GS-LEO-02,GS-CA-B,Roadside_Assistance,15.97,81.5,796.0,0.6246,Degraded,-1,1
SES-197841,2026-08-22 23:50:06+00:00,2026-08-22,iPhone 15 Pro,v18.2.0-b2,GS-LEO-20,GS-CA-B,Messages_Satellite,15.48,41.0,794.0,0.6577,Degraded,-1,1
SES-170687,2026-08-22 06:15:35+00:00,2026-08-22,iPhone 15 Pro,v18.2.1,GS-LEO-20,GS-CA-B,Messages_Satellite,16.88,16.2,718.0,0.475,Degraded,-1,1
SES-188253,2026-08-10 01:13:17+00:00,2026-08-10,iPhone 15 Pro,v18.2.0-b2,GS-LEO-19,GS-CA-B,FindMy_Ping,2.59,58.2,4466.0,0.189,Degraded,-1,1
SES-182860,2026-08-28 06:50:57+00:00,2026-08-28,iPhone 15 Pro,v18.2.0-b2,GS-LEO-19,GS-CA-B,Messages_Satellite,6.51,78.1,4440.0,0.1469,Degraded,-1,1
SES-169962,2026-08-21 02:28:02+00:00,2026-08-21,iPhone 15 Pro,v18.2.0-b2,GS-LEO-19,GS-TX-A,Messages_Satellite,8.69,69.0,4419.0,0.0657,Degraded,-1,1
SES-150071,2026-08-10 15:14:26+00:00,2026-08-10,iPhone 15 Pro,v18.2.0-b2,GS-LEO-19,GS-FL-C,Roadside_Assistance,4.26,67.3,4399.0,0.0246,Degraded,-1,1
SES-119065,2026-08-18 21:02:02+00:00,2026-08-18,iPhone 15 Pro,v18.2.0-b2,GS-LEO-19,GS-TX-A,Messages_Satellite,6.63,46.8,4339.0,0.0449,Degraded,-1,1
SES-106467,2026-08-15 16:35:16+00:00,2026-08-15,iPhone 15 Pro,v18.2.0-b2,GS-LEO-19,GS-TX-A,Emergency_SOS,6.99,27.1,4321.0,0.0264,Degraded,-1,1
SES-121008,2026-08-30 20:16:00+00:00,2026-08-30,iPhone 15 Pro,v18.2.0-b2,GS-LEO-19,GS-OR-D,Messages_Satellite,3.33,24.6,4106.0,0.0765,Degraded,-1,1
SES-182325,2026-08-21 09:52:27+00:00,2026-08-21,iPhone 15 Pro,v18.2.0-b2,GS-LEO-19,GS-CA-B,FindMy_Ping,18.33,23.6,3987.0,0.0155,Degraded,-1,1
SES-191848,2026-08-01 10:49:26+00:00,2026-08-01,iPhone 15 Pro,v18.2.0-b2,GS-LEO-19,GS-CA-B,Messages_Satellite,9.98,72.7,3967.0,0.6759,Degraded,-1,1
SES-195861,2026-08-09 03:24:17+00:00,2026-08-09,iPhone 15 Pro,v18.2.0-b2,GS-LEO-19,GS-CA-B,Messages_Satellite,9.58,47.2,3813.0,0.424,Degraded,-1,1
SES-162954,2026-08-17 09:02:17+00:00,2026-08-17,iPhone 15 Pro,v18.2.0-b2,GS-LEO-19,GS-OR-D,Messages_Satellite,11.27,69.4,3757.0,0.2698,Degraded,-1,1
SES-147759,2026-08-18 10:49:26+00:00,2026-08-18,iPhone 15 Pro,v18.2.0-b2,GS-LEO-19,GS-CA-B,Emergency_SOS,13.69,49.6,3616.0,0.4734,Degraded,-1,1
SES-131673,2026-08-21 11:36:24+00:00,2026-08-21,iPhone 15 Pro,v18.2.0-b2,GS-LEO-19,GS-TX-A,FindMy_Ping,17.98,22.0,3354.0,0.2506,Degraded,-1,1
SES-156422,2026-08-13 18:00:09+00:00,2026-08-13,iPhone 15 Pro,v18.2.0-b2,GS-LEO-19,GS-OR-D,FindMy_Ping,21.83,77.8,2686.0,0.0767,Degraded,-1,1
SES-119231,2026-08-02 05:41:33+00:00,2026-08-02,iPhone 15 Pro,v18.2.0-b2,GS-LEO-19,GS-CA-B,Messages_Satellite,8.38,27.2,1155.0,0.707,Degraded,-1,1
SES-151840,2026-08-18 13:38:53+00:00,2026-08-18,iPhone 15 Pro,v18.2.0-b2,GS-LEO-19,GS-CA-B,Messages_Satellite,3.3,61.2,1113.0,0.514,Degraded,-1,1
SES-125994,2026-08-10 03:51:17+00:00,2026-08-10,iPhone 15 Pro,v18.2.0-b2,GS-LEO-19,GS-CA-B,Messages_Satellite,5.93,82.0,1112.0,0.554,Degraded,-1,1
SES-112748,2026-08-04 21:53:53+00:00,2026-08-04,iPhone 15 Pro,v18.2.1,GS-LEO-05,GS-CA-B,Messages_Satellite,12.57,20.3,852.0,0.6667,Degraded,-1,1
SES-147924,2026-08-03 18:54:41+00:00,2026-08-03,iPhone 15 Pro,v18.1.0,GS-LEO-19,GS-CA-B,Roadside_Assistance,7.65,52.2,1037.0,0.5953,Degraded,-1,1
SES-199154,2026-08-27 18:57:24+00:00,2026-08-27,iPhone 15 Pro,v18.2.1,GS-LEO-19,GS-CA-B,Messages_Satellite,5.97,74.7,978.0,0.5909,Degraded,-1,1
SES-146420,2026-08-16 22:10:55+00:00,2026-08-16,iPhone 15 Pro,v18.1.0,GS-LEO-02,GS-CA-B,Messages_Satellite,10.55,84.2,839.0,0.6501,Degraded,-1,1
SES-144482,2026-08-07 11:58:43+00:00,2026-08-07,iPhone 15 Pro,v18.2.0-b2,GS-LEO-19,GS-CA-B,FindMy_Ping,10.65,36.5,959.0,0.788,Degraded,-1,1
SES-148500,2026-08-08 05:33:12+00:00,2026-08-08,iPhone 15 Pro,v18.2.1,GS-LEO-19,GS-CA-B,Messages_Satellite,10.12,23.8,956.0,0.6266,Degraded,-1,1
SES-158778,2026-08-28 16:25:02+00:00,2026-08-28,iPhone 15 Pro,v18.2.1,GS-LEO-19,GS-CA-B,Messages_Satellite,15.68,77.9,870.0,0.6065,Degraded,-1,1
SES-198166,2026-08-04 17:19:01+00:00,2026-08-04,iPhone 15 Pro,v18.2.0-b2,GS-LEO-19,GS-CA-B,Messages_Satellite,13.9,55.8,847.0,0.7212,Degraded,-1,1
SES-160754,2026-08-03 16:02:38+00:00,2026-08-03,iPhone 15 Pro,v18.1.0,GS-LEO-19,GS-CA-B,FindMy_Ping,12.28,19.7,839.0,0.6228,Degraded,-1,1
SES-108083,2026-08-21 00:31:31+00:00,2026-08-21,iPhone 15 Pro,v18.2.1,GS-LEO-19,GS-CA-B,Messages_Satellite,16.22,18.7,819.0,0.6107,Degraded,-1,1
SES-107391,2026-08-23 19:46:50+00:00,2026-08-23,iPhone 15 Pro,v18.2.0-b2,GS-LEO-19,GS-CA-B,Messages_Satellite,11.79,52.7,793.0,0.7518,Degraded,-1,1
SES-102551,2026-08-25 01:26:24+00:00,2026-08-25,iPhone 15 Pro,v18.1.0,GS-LEO-19,GS-CA-B,FindMy_Ping,20.57,34.1,671.0,0.6285,Degraded,-1,1
SES-141186,2026-08-25 17:58:01+00:00,2026-08-25,iPhone 15 Pro,v18.2.1,GS-LEO-19,GS-CA-B,Emergency_SOS,21.53,48.6,626.0,0.5218,Degraded,-1,1
SES-173753,2026-08-03 13:29:32+00:00,2026-08-03,iPhone 15 Pro,v18.2.0-b2,GS-LEO-18,GS-TX-A,Messages_Satellite,11.99,76.1,4319.0,0.0312,Degraded,-1,1
SES-155926,2026-08-04 10:04:04+00:00,2026-08-04,iPhone 15 Pro,v18.2.0-b2,GS-LEO-18,GS-CA-B,Messages_Satellite,12.08,83.9,4289.0,0.0407,Degraded,-1,1
SES-167367,2026-08-24 15:34:27+00:00,2026-08-24,iPhone 15 Pro,v18.2.0-b2,GS-LEO-18,GS-CA-B,Emergency_SOS,13.33,73.9,4231.0,0.4894,Degraded,-1,1
SES-188404,2026-08-10 12:32:48+00:00,2026-08-10,iPhone 15 Pro,v18.2.0-b2,GS-LEO-18,GS-FL-C,Roadside_Assistance,8.53,78.4,4195.0,0.086,Degraded,-1,1
SES-110352,2026-08-05 06:09:18+00:00,2026-08-05,iPhone 15 Pro,v18.2.0-b2,GS-LEO-18,GS-CA-B,Emergency_SOS,7.29,61.0,4151.0,0.0472,Degraded,-1,1
SES-141799,2026-08-16 02:44:18+00:00,2026-08-16,iPhone 15 Pro,v18.2.0-b2,GS-LEO-18,GS-TX-A,Messages_Satellite,15.88,77.0,3912.0,0.1256,Degraded,-1,1
SES-120993,2026-08-15 19:56:12+00:00,2026-08-15,iPhone 15 Pro,v18.2.0-b2,GS-LEO-18,GS-CA-B,FindMy_Ping,22.74,48.5,3883.0,0.1679,Degraded,-1,1
SES-139107,2026-08-14 18:30:28+00:00,2026-08-14,iPhone 15 Pro,v18.2.0-b2,GS-LEO-18,GS-OR-D,Messages_Satellite,15.78,82.0,3666.0,0.094,Degraded,-1,1
SES-173904,2026-08-05 08:51:25+00:00,2026-08-05,iPhone 15 Pro,v18.2.0-b2,GS-LEO-18,GS-CA-B,FindMy_Ping,9.35,82.4,3641.0,0.0857,Degraded,-1,1
SES-195663,2026-08-07 06:41:56+00:00,2026-08-07,iPhone 15 Pro,v18.2.0-b2,GS-LEO-18,GS-CA-B,Roadside_Assistance,14.11,84.4,2410.0,0.6162,Degraded,-1,1
SES-125580,2026-08-21 01:25:22+00:00,2026-08-21,iPhone 15 Pro,v18.2.0-b2,GS-LEO-07,GS-CA-B,Roadside_Assistance,6.49,82.8,1016.0,0.594,Degraded,-1,1
SES-176671,2026-08-07 04:10:32+00:00,2026-08-07,iPhone 15 Pro,v18.2.1,GS-LEO-18,GS-CA-B,Emergency_SOS,8.49,59.1,1020.0,0.5957,Degraded,-1,1
SES-166127,2026-08-13 18:15:03+00:00,2026-08-13,iPhone 15 Pro,v18.1.0,GS-LEO-18,GS-CA-B,Messages_Satellite,10.38,31.8,986.0,0.6804,Degraded,-1,1
SES-131585,2026-08-17 20:15:14+00:00,2026-08-17,iPhone 15 Pro,v18.2.0-b2,GS-LEO-07,GS-CA-B,Messages_Satellite,4.17,36.5,1090.0,0.5902,Degraded,-1,1
SES-198918,2026-08-24 07:04:59+00:00,2026-08-24,iPhone 15 Pro,v18.2.0-b2,GS-LEO-07,GS-CA-B,Roadside_Assistance,6.64,46.1,1099.0,0.6362,Degraded,-1,1
SES-156446,2026-08-29 17:46:58+00:00,2026-08-29,iPhone 15 Pro,v18.2.1,GS-LEO-18,GS-CA-B,Roadside_Assistance,11.6,29.7,922.0,0.7002,Degraded,-1,1
SES-119009,2026-08-05 20:26:42+00:00,2026-08-05,iPhone 15 Pro,v18.2.1,GS-LEO-02,GS-CA-B,Roadside_Assistance,9.26,16.1,928.0,0.6947,Degraded,-1,1
SES-127622,2026-08-26 12:40:14+00:00,2026-08-26,iPhone 15 Pro,v18.2.0-b2,GS-LEO-07,GS-CA-B,FindMy_Ping,10.17,38.4,2471.0,0.7069,Degraded,-1,1
SES-146861,2026-08-22 16:15:10+00:00,2026-08-22,iPhone 15 Pro,v18.1.0,GS-LEO-18,GS-CA-B,Roadside_Assistance,12.27,17.6,891.0,0.7146,Degraded,-1,1
SES-195275,2026-08-19 00:48:10+00:00,2026-08-19,iPhone 15 Pro,v18.2.0-b2,GS-LEO-07,GS-TX-A,Messages_Satellite,15.87,62.4,3093.0,0.2063,Degraded,-1,1
SES-175490,2026-08-25 12:56:14+00:00,2026-08-25,iPhone 15 Pro,v18.2.0-b2,GS-LEO-07,GS-CA-B,Messages_Satellite,12.73,76.9,3120.0,0.5405,Degraded,-1,1
SES-188578,2026-08-03 12:01:48+00:00,2026-08-03,iPhone 15 Pro,v18.2.0-b2,GS-LEO-07,GS-CA-B,Roadside_Assistance,6.84,35.4,3122.0,0.3365,Degraded,-1,1
SES-118685,2026-08-19 08:16:49+00:00,2026-08-19,iPhone 15 Pro,v18.2.0-b2,GS-LEO-07,GS-OR-D,FindMy_Ping,1.26,32.8,3143.0,0.1594,Degraded,-1,1
SES-146811,2026-08-16 00:56:47+00:00,2026-08-16,iPhone 15 Pro,v18.2.1,GS-LEO-02,GS-CA-B,FindMy_Ping,8.9,19.3,936.0,0.6131,Degraded,-1,1
SES-145751,2026-08-13 11:38:32+00:00,2026-08-13,iPhone 15 Pro,v18.2.0-b2,GS-LEO-07,GS-FL-C,Emergency_SOS,4.51,82.8,3916.0,0.0698,Degraded,-1,1
SES-186875,2026-08-24 17:05:52+00:00,2026-08-24,iPhone 15 Pro,v18.2.0-b2,GS-LEO-07,GS-CA-B,Emergency_SOS,9.8,61.9,3986.0,0.1206,Degraded,-1,1
SES-192726,2026-08-31 10:13:12+00:00,2026-08-31,iPhone 15 Pro,v18.2.0-b2,GS-LEO-07,GS-FL-C,Messages_Satellite,18.28,67.9,4151.0,0.054,Degraded,-1,1
SES-134025,2026-08-31 01:28:14+00:00,2026-08-31,iPhone 15 Pro,v18.2.0-b2,GS-LEO-07,GS-OR-D,Messages_Satellite,15.07,29.4,4174.0,0.1476,Degraded,-1,1
SES-170679,2026-08-04 06:01:19+00:00,2026-08-04,iPhone 15 Pro,v18.1.0,GS-LEO-05,GS-CA-B,Messages_Satellite,18.1,28.5,809.0,0.607,Degraded,-1,1
SES-187250,2026-08-20 15:08:09+00:00,2026-08-20,iPhone 15 Pro,v18.2.0-b2,GS-LEO-07,GS-FL-C,Roadside_Assistance,9.07,38.8,4327.0,0.0123,Degraded,-1,1
SES-161883,2026-08-31 03:02:38+00:00,2026-08-31,iPhone 15 Pro,v18.2.0-b2,GS-LEO-07,GS-OR-D,FindMy_Ping,15.98,76.9,4334.0,0.1561,Degraded,-1,1
SES-150094,2026-08-01 06:43:11+00:00,2026-08-01,iPhone 15 Pro,v18.2.0-b2,GS-LEO-07,GS-OR-D,Messages_Satellite,9.28,65.1,4364.0,0.1582,Degraded,-1,1
SES-162370,2026-08-04 19:24:06+00:00,2026-08-04,iPhone 15 Pro,v18.2.1,GS-LEO-18,GS-CA-B,Emergency_SOS,16.69,84.9,827.0,0.8179,Degraded,-1,1
SES-198314,2026-08-09 10:42:58+00:00,2026-08-09,iPhone 15 Pro,v18.2.1,GS-LEO-08,GS-CA-B,Emergency_SOS,21.47,16.6,728.0,0.4289,Degraded,-1,1
SES-186231,2026-08-24 07:22:27+00:00,2026-08-24,iPhone 15 Pro,v18.2.1,GS-LEO-18,GS-CA-B,Messages_Satellite,15.82,25.6,735.0,0.7596,Degraded,-1,1
SES-106184,2026-08-26 11:56:16+00:00,2026-08-26,iPhone 15 Pro,v18.2.1,GS-LEO-02,GS-CA-B,Messages_Satellite,7.93,68.9,970.0,0.6894,Degraded,-1,1
SES-178113,2026-08-06 20:50:52+00:00,2026-08-06,iPhone 15 Pro,v18.1.0,GS-LEO-18,GS-CA-B,Messages_Satellite,22.01,23.4,700.0,0.5901,Degraded,-1,1
SES-143307,2026-08-17 10:10:50+00:00,2026-08-17,iPhone 15 Pro,v18.2.1,GS-LEO-18,GS-CA-B,Roadside_Assistance,18.34,19.2,683.0,0.6326,Degraded,-1,1
SES-141390,2026-08-19 00:55:42+00:00,2026-08-19,iPhone 15 Pro,v18.2.0-b2,GS-LEO-18,GS-CA-B,Messages_Satellite,24.13,57.0,644.0,0.6321,Degraded,-1,1
SES-191172,2026-08-11 06:19:57+00:00,2026-08-11,iPhone 15 Pro,v18.2.0-b2,GS-LEO-17,GS-FL-C,Messages_Satellite,8.34,61.1,4441.0,0.0675,Degraded,-1,1
SES-116494,2026-08-07 21:09:14+00:00,2026-08-07,iPhone 15 Pro,v18.2.0-b2,GS-LEO-17,GS-OR-D,Messages_Satellite,6.13,49.6,4428.0,0.0713,Degraded,-1,1
SES-126208,2026-08-16 04:36:57+00:00,2026-08-16,iPhone 15 Pro,v18.2.0-b2,GS-LEO-17,GS-CA-B,Emergency_SOS,11.05,54.7,4312.0,0.4331,Degraded,-1,1
SES-146777,2026-08-07 07:02:55+00:00,2026-08-07,iPhone 15 Pro,v18.2.0-b2,GS-LEO-17,GS-FL-C,Roadside_Assistance,10.03,84.9,4306.0,0.0145,Degraded,-1,1
SES-187664,2026-08-12 05:08:26+00:00,2026-08-12,iPhone 15 Pro,v18.2.0-b2,GS-LEO-17,GS-OR-D,FindMy_Ping,6.85,40.7,4303.0,0.1991,Degraded,-1,1
SES-189936,2026-08-07 14:10:31+00:00,2026-08-07,iPhone 15 Pro,v18.2.0-b2,GS-LEO-17,GS-TX-A,Emergency_SOS,5.05,40.5,4003.0,0.0297,Degraded,-1,1
SES-183682,2026-08-24 00:59:24+00:00,2026-08-24,iPhone 15 Pro,v18.2.0-b2,GS-LEO-17,GS-TX-A,Messages_Satellite,16.07,84.5,3871.0,0.0368,Degraded,-1,1
SES-153378,2026-08-04 11:28:00+00:00,2026-08-04,iPhone 15 Pro,v18.2.0-b2,GS-LEO-17,GS-CA-B,FindMy_Ping,16.33,84.5,3794.0,0.6074,Degraded,-1,1
SES-104155,2026-08-05 08:02:30+00:00,2026-08-05,iPhone 15 Pro,v18.2.0-b2,GS-LEO-17,GS-CA-B,Emergency_SOS,20.5,56.7,3595.0,0.0991,Degraded,-1,1
SES-194817,2026-08-08 21:19:20+00:00,2026-08-08,iPhone 15 Pro,v18.2.0-b2,GS-LEO-17,GS-CA-B,Emergency_SOS,6.74,21.6,3398.0,0.673,Degraded,-1,1
SES-121355,2026-08-24 16:53:05+00:00,2026-08-24,iPhone 15 Pro,v18.2.0-b2,GS-LEO-17,GS-CA-B,Messages_Satellite,19.58,69.0,3355.0,0.1985,Degraded,-1,1
SES-186835,2026-08-22 00:40:41+00:00,2026-08-22,iPhone 15 Pro,v18.2.0-b2,GS-LEO-17,GS-FL-C,Messages_Satellite,22.79,21.4,3109.0,0.2025,Degraded,-1,1
SES-129318,2026-08-27 18:56:12+00:00,2026-08-27,iPhone 15 Pro,v18.1.0,GS-LEO-05,GS-CA-B,Emergency_SOS,15.0,16.3,796.0,0.6711,Degraded,-1,1
SES-165423,2026-08-24 23:40:05+00:00,2026-08-24,iPhone 15 Pro,v18.2.0-b2,GS-LEO-17,GS-TX-A,Roadside_Assistance,20.2,19.6,2757.0,0.1319,Degraded,-1,1
SES-136943,2026-08-08 10:50:09+00:00,2026-08-08,iPhone 15 Pro,v18.2.1,GS-LEO-08,GS-CA-B,Emergency_SOS,18.17,29.6,776.0,0.766,Degraded,-1,1
SES-160387,2026-08-07 01:50:51+00:00,2026-08-07,iPhone 15 Pro,v18.2.1,GS-LEO-17,GS-CA-B,Emergency_SOS,6.42,26.7,1057.0,0.6066,Degraded,-1,1
SES-114429,2026-08-31 13:09:02+00:00,2026-08-31,iPhone 15 Pro,v18.2.1,GS-LEO-02,GS-CA-B,Messages_Satellite,5.42,29.6,1004.0,0.6482,Degraded,-1,1
SES-119631,2026-08-11 18:57:49+00:00,2026-08-11,iPhone 15 Pro,v18.2.1,GS-LEO-02,GS-CA-B,FindMy_Ping,6.84,70.8,1033.0,0.709,Degraded,-1,1
SES-199671,2026-08-26 22:32:29+00:00,2026-08-26,iPhone 15 Pro,v18.2.0-b2,GS-LEO-17,GS-CA-B,Messages_Satellite,9.83,48.6,914.0,0.7393,Degraded,-1,1
SES-175741,2026-08-07 12:38:54+00:00,2026-08-07,iPhone 15 Pro,v18.1.0,GS-LEO-17,GS-CA-B,Messages_Satellite,11.76,44.2,884.0,0.7145,Degraded,-1,1
SES-116798,2026-08-28 20:24:01+00:00,2026-08-28,iPhone 15 Pro,v18.2.0-b2,GS-LEO-17,GS-CA-B,Roadside_Assistance,17.33,76.9,872.0,0.6401,Degraded,-1,1
SES-119448,2026-08-20 02:17:37+00:00,2026-08-20,iPhone 15 Pro,v18.1.0,GS-LEO-02,GS-CA-B,Messages_Satellite,5.67,81.8,1081.0,0.7182,Degraded,-1,1
SES-163122,2026-08-06 09:52:41+00:00,2026-08-06,iPhone 15 Pro,v18.2.1,GS-LEO-02,GS-CA-B,Messages_Satellite,7.39,49.7,1087.0,0.6096,Degraded,-1,1
SES-185015,2026-08-23 01:03:19+00:00,2026-08-23,iPhone 15 Pro,v18.2.1,GS-LEO-17,GS-CA-B,FindMy_Ping,13.31,37.9,814.0,0.6422,Degraded,-1,1
SES-179458,2026-08-05 20:49:51+00:00,2026-08-05,iPhone 15 Pro,v18.2.0-b2,GS-LEO-02,GS-OR-D,Messages_Satellite,22.07,44.5,2576.0,0.0585,Degraded,-1,1
SES-113180,2026-08-14 13:24:27+00:00,2026-08-14,iPhone 15 Pro,v18.1.0,GS-LEO-17,GS-CA-B,Emergency_SOS,20.02,35.1,758.0,0.5943,Degraded,-1,1
SES-117013,2026-08-10 01:37:37+00:00,2026-08-10,iPhone 15 Pro,v18.2.0-b2,GS-LEO-02,GS-TX-A,Messages_Satellite,18.36,81.2,3197.0,0.1247,Degraded,-1,1
SES-101714,2026-08-08 20:48:41+00:00,2026-08-08,iPhone 15 Pro,v18.2.1,GS-LEO-17,GS-CA-B,FindMy_Ping,15.72,20.0,728.0,0.6337,Degraded,-1,1
SES-180561,2026-08-09 08:16:33+00:00,2026-08-09,iPhone 15 Pro,v18.2.0-b2,GS-LEO-02,GS-TX-A,Messages_Satellite,18.29,39.9,3329.0,0.2486,Degraded,-1,1
SES-151797,2026-08-28 23:18:43+00:00,2026-08-28,iPhone 15 Pro,v18.2.0-b2,GS-LEO-02,GS-CA-B,Emergency_SOS,15.5,60.8,3384.0,0.6068,Degraded,-1,1
SES-112414,2026-08-23 09:17:01+00:00,2026-08-23,iPhone 15 Pro,v18.2.0-b2,GS-LEO-17,GS-CA-B,FindMy_Ping,23.02,79.2,700.0,0.3267,Degraded,-1,1
SES-181412,2026-08-16 04:19:03+00:00,2026-08-16,iPhone 15 Pro,v18.1.0,GS-LEO-17,GS-CA-B,Messages_Satellite,19.03,83.7,681.0,0.5623,Degraded,-1,1
SES-129717,2026-08-21 11:19:03+00:00,2026-08-21,iPhone 15 Pro,v18.2.1,GS-LEO-17,GS-CA-B,Roadside_Assistance,22.56,56.1,666.0,0.4714,Degraded,-1,1
SES-136690,2026-08-18 18:12:16+00:00,2026-08-18,iPhone 15 Pro,v18.2.0-b2,GS-LEO-16,GS-OR-D,Messages_Satellite,12.38,75.7,4341.0,0.0707,Degraded,-1,1
SES-105534,2026-08-21 21:29:36+00:00,2026-08-21,iPhone 15 Pro,v18.2.0-b2,GS-LEO-16,GS-OR-D,FindMy_Ping,13.54,19.3,4335.0,0.0862,Degraded,-1,1
SES-143687,2026-08-02 09:27:18+00:00,2026-08-02,iPhone 15 Pro,v18.2.0-b2,GS-LEO-16,GS-CA-B,Roadside_Assistance,13.23,70.6,4222.0,0.0295,Degraded,-1,1
SES-197391,2026-08-29 04:37:40+00:00,2026-08-29,iPhone 15 Pro,v18.2.0-b2,GS-LEO-16,GS-TX-A,Messages_Satellite,16.22,16.7,4218.0,0.0363,Degraded,-1,1
SES-180327,2026-08-17 23:25:47+00:00,2026-08-17,iPhone 15 Pro,v18.2.0-b2,GS-LEO-16,GS-OR-D,Emergency_SOS,18.33,19.0,4205.0,0.0698,Degraded,-1,1
SES-169902,2026-08-19 03:24:02+00:00,2026-08-19,iPhone 15 Pro,v18.2.0-b2,GS-LEO-16,GS-TX-A,Messages_Satellite,8.47,47.7,4132.0,0.0237,Degraded,-1,1
SES-187028,2026-08-22 02:32:36+00:00,2026-08-22,iPhone 15 Pro,v18.2.0-b2,GS-LEO-16,GS-TX-A,Messages_Satellite,18.24,71.1,4128.0,0.0278,Degraded,-1,1
SES-142151,2026-08-09 09:42:01+00:00,2026-08-09,iPhone 15 Pro,v18.2.0-b2,GS-LEO-16,GS-CA-B,Messages_Satellite,11.75,16.3,4126.0,0.0037,Degraded,-1,1
SES-137957,2026-08-29 21:04:03+00:00,2026-08-29,iPhone 15 Pro,v18.2.0-b2,GS-LEO-16,GS-OR-D,Messages_Satellite,17.14,24.1,4125.0,0.0127,Degraded,-1,1
SES-197101,2026-08-01 02:57:55+00:00,2026-08-01,iPhone 15 Pro,v18.2.0-b2,GS-LEO-16,GS-CA-B,Roadside_Assistance,16.27,45.7,4077.0,0.1613,Degraded,-1,1
SES-148247,2026-08-17 09:43:43+00:00,2026-08-17,iPhone 15 Pro,v18.2.0-b2,GS-LEO-16,GS-FL-C,Roadside_Assistance,10.46,82.7,4015.0,0.0041,Degraded,-1,1
SES-181915,2026-08-14 04:10:06+00:00,2026-08-14,iPhone 15 Pro,v18.2.0-b2,GS-LEO-16,GS-TX-A,Messages_Satellite,16.53,82.6,3926.0,0.0226,Degraded,-1,1
SES-153789,2026-08-19 03:39:23+00:00,2026-08-19,iPhone 15 Pro,v18.2.0-b2,GS-LEO-16,GS-FL-C,FindMy_Ping,15.87,70.1,3919.0,0.0457,Degraded,-1,1
SES-130116,2026-08-10 10:55:30+00:00,2026-08-10,iPhone 15 Pro,v18.2.0-b2,GS-LEO-16,GS-CA-B,FindMy_Ping,20.08,74.7,3716.0,0.5063,Degraded,-1,1
SES-146002,2026-08-06 04:54:35+00:00,2026-08-06,iPhone 15 Pro,v18.2.0-b2,GS-LEO-16,GS-CA-B,FindMy_Ping,7.8,24.6,3612.0,0.6925,Degraded,-1,1
SES-154170,2026-08-28 17:23:00+00:00,2026-08-28,iPhone 15 Pro,v18.2.0-b2,GS-LEO-16,GS-OR-D,Emergency_SOS,14.38,60.8,3486.0,0.208,Degraded,-1,1
SES-190458,2026-08-19 07:21:20+00:00,2026-08-19,iPhone 15 Pro,v18.2.0-b2,GS-LEO-16,GS-OR-D,FindMy_Ping,20.54,26.5,3368.0,0.0187,Degraded,-1,1
SES-170282,2026-08-22 06:03:23+00:00,2026-08-22,iPhone 15 Pro,v18.2.0-b2,GS-LEO-16,GS-CA-B,Messages_Satellite,7.73,53.5,3291.0,0.3808,Degraded,-1,1
SES-145927,2026-08-17 16:24:28+00:00,2026-08-17,iPhone 15 Pro,v18.2.0-b2,GS-LEO-16,GS-CA-B,Messages_Satellite,0.48,42.8,2990.0,0.0811,Degraded,-1,1
SES-137224,2026-08-01 22:26:24+00:00,2026-08-01,iPhone 15 Pro,v18.2.0-b2,GS-LEO-02,GS-FL-C,Messages_Satellite,17.02,74.4,3983.0,0.1176,Degraded,-1,1
SES-167651,2026-08-03 15:30:19+00:00,2026-08-03,iPhone 15 Pro,v18.2.0-b2,GS-LEO-02,GS-OR-D,Messages_Satellite,4.66,33.5,4104.0,0.1043,Degraded,-1,1
SES-131929,2026-08-19 21:33:34+00:00,2026-08-19,iPhone 15 Pro,v18.2.0-b2,GS-LEO-16,GS-CA-B,Messages_Satellite,22.79,65.3,2542.0,0.0154,Degraded,-1,1
SES-193436,2026-08-18 09:20:10+00:00,2026-08-18,iPhone 15 Pro,v18.2.0-b2,GS-LEO-02,GS-CA-B,Messages_Satellite,19.24,79.8,4136.0,0.096,Degraded,-1,1
SES-176021,2026-08-03 07:33:37+00:00,2026-08-03,iPhone 15 Pro,v18.2.0-b2,GS-LEO-02,GS-TX-A,Messages_Satellite,1.58,71.3,4265.0,0.1502,Degraded,-1,1
SES-155886,2026-08-13 11:59:50+00:00,2026-08-13,iPhone 15 Pro,v18.2.0-b2,GS-LEO-02,GS-OR-D,Emergency_SOS,17.54,44.8,4287.0,0.0718,Degraded,-1,1
SES-189578,2026-08-17 16:55:07+00:00,2026-08-17,iPhone 15 Pro,v18.2.0-b2,GS-LEO-02,GS-OR-D,FindMy_Ping,12.17,73.2,4289.0,0.0264,Degraded,-1,1
SES-124735,2026-08-01 03:05:15+00:00,2026-08-01,iPhone 15 Pro,v18.2.1,GS-LEO-16,GS-CA-B,Roadside_Assistance,4.54,43.1,1107.0,0.5621,Degraded,-1,1
SES-163644,2026-08-04 00:30:36+00:00,2026-08-04,iPhone 15 Pro,v18.2.1,GS-LEO-16,GS-CA-B,Messages_Satellite,7.01,37.6,1082.0,0.6149,Degraded,-1,1
SES-129397,2026-08-11 18:55:46+00:00,2026-08-11,iPhone 15 Pro,v18.1.0,GS-LEO-16,GS-CA-B,FindMy_Ping,7.07,31.4,1077.0,0.5988,Degraded,-1,1
SES-120200,2026-08-02 05:52:45+00:00,2026-08-02,iPhone 15 Pro,v18.2.1,GS-LEO-16,GS-CA-B,Messages_Satellite,3.09,43.3,1057.0,0.7085,Degraded,-1,1
SES-149117,2026-08-09 22:04:38+00:00,2026-08-09,iPhone 15 Pro,v18.1.0,GS-LEO-05,GS-CA-B,Messages_Satellite,15.76,82.5,752.0,0.681,Degraded,-1,1
SES-133250,2026-08-20 06:39:43+00:00,2026-08-20,iPhone 15 Pro,v18.2.1,GS-LEO-03,GS-CA-B,FindMy_Ping,20.35,40.7,643.0,0.5294,Degraded,-1,1
SES-102719,2026-08-23 06:46:16+00:00,2026-08-23,iPhone 15 Pro,v18.1.0,GS-LEO-03,GS-CA-B,FindMy_Ping,19.03,67.1,657.0,0.5852,Degraded,-1,1
SES-149293,2026-08-11 02:06:50+00:00,2026-08-11,iPhone 15 Pro,v18.2.1,GS-LEO-03,GS-CA-B,Messages_Satellite,20.68,52.0,678.0,0.6196,Degraded,-1,1
SES-164005,2026-08-04 22:03:19+00:00,2026-08-04,iPhone 15 Pro,v18.1.0,GS-LEO-03,GS-CA-B,Messages_Satellite,20.73,16.4,703.0,0.5603,Degraded,-1,1
SES-195120,2026-08-25 04:01:14+00:00,2026-08-25,iPhone 15 Pro,v18.1.0,GS-LEO-16,GS-CA-B,Messages_Satellite,10.62,25.2,976.0,0.6369,Degraded,-1,1
SES-164852,2026-08-06 18:17:44+00:00,2026-08-06,iPhone 15 Pro,v18.2.1,GS-LEO-16,GS-CA-B,FindMy_Ping,8.94,26.6,932.0,0.6114,Degraded,-1,1
SES-111051,2026-08-06 18:45:55+00:00,2026-08-06,iPhone 15 Pro,v18.1.0,GS-LEO-03,GS-CA-B,Messages_Satellite,14.88,53.4,775.0,0.7853,Degraded,-1,1
SES-111274,2026-08-24 21:55:20+00:00,2026-08-24,iPhone 15 Pro,v18.2.1,GS-LEO-03,GS-CA-B,Messages_Satellite,18.76,39.1,775.0,0.7204,Degraded,-1,1
SES-153753,2026-08-26 22:18:30+00:00,2026-08-26,iPhone 15 Pro,v18.2.0-b2,GS-LEO-08,GS-CA-B,Messages_Satellite,9.3,79.2,955.0,0.7555,Degraded,-1,1
SES-165719,2026-08-27 13:05:19+00:00,2026-08-27,iPhone 15 Pro,v18.1.0,GS-LEO-08,GS-CA-B,Emergency_SOS,10.93,69.0,968.0,0.7464,Degraded,-1,1
SES-143325,2026-08-23 15:44:46+00:00,2026-08-23,iPhone 15 Pro,v18.2.1,GS-LEO-05,GS-CA-B,Roadside_Assistance,17.36,52.2,703.0,0.6801,Degraded,-1,1
SES-154169,2026-08-21 14:06:51+00:00,2026-08-21,iPhone 15 Pro,v18.2.0-b2,GS-LEO-16,GS-CA-B,Emergency_SOS,16.96,81.7,699.0,0.6434,Degraded,-1,1
SES-119152,2026-08-28 05:47:27+00:00,2026-08-28,iPhone 15 Pro,v18.2.0-b2,GS-LEO-15,GS-FL-C,Roadside_Assistance,5.92,54.8,4465.0,0.0836,Degraded,-1,1
SES-128574,2026-08-14 11:44:53+00:00,2026-08-14,iPhone 15 Pro,v18.2.0-b2,GS-LEO-15,GS-TX-A,FindMy_Ping,7.97,68.0,4446.0,0.0053,Degraded,-1,1
SES-191793,2026-08-05 04:59:49+00:00,2026-08-05,iPhone 15 Pro,v18.2.0-b2,GS-LEO-15,GS-OR-D,Messages_Satellite,11.78,61.2,4358.0,0.1397,Degraded,-1,1
SES-137164,2026-08-10 15:09:29+00:00,2026-08-10,iPhone 15 Pro,v18.2.0-b2,GS-LEO-15,GS-OR-D,Roadside_Assistance,12.67,83.7,4288.0,0.0764,Degraded,-1,1
SES-159627,2026-08-24 09:57:44+00:00,2026-08-24,iPhone 15 Pro,v18.2.0-b2,GS-LEO-15,GS-OR-D,Messages_Satellite,7.53,67.1,4276.0,0.0727,Degraded,-1,1
SES-168066,2026-08-10 19:35:18+00:00,2026-08-10,iPhone 15 Pro,v18.2.0-b2,GS-LEO-15,GS-FL-C,Messages_Satellite,7.16,76.2,4259.0,0.0136,Degraded,-1,1
SES-107904,2026-08-01 20:35:14+00:00,2026-08-01,iPhone 15 Pro,v18.2.0-b2,GS-LEO-15,GS-CA-B,Roadside_Assistance,12.36,30.0,4241.0,0.1608,Degraded,-1,1
SES-184875,2026-08-25 11:07:26+00:00,2026-08-25,iPhone 15 Pro,v18.2.0-b2,GS-LEO-15,GS-TX-A,Messages_Satellite,16.23,23.1,4208.0,0.1115,Degraded,-1,1
SES-123530,2026-08-25 03:36:16+00:00,2026-08-25,iPhone 15 Pro,v18.2.0-b2,GS-LEO-15,GS-OR-D,Emergency_SOS,14.72,65.1,4141.0,0.0733,Degraded,-1,1
SES-125318,2026-08-27 16:51:14+00:00,2026-08-27,iPhone 15 Pro,v18.2.0-b2,GS-LEO-15,GS-CA-B,FindMy_Ping,9.68,35.0,4138.0,0.5439,Degraded,-1,1
SES-124082,2026-08-02 10:35:07+00:00,2026-08-02,iPhone 15 Pro,v18.2.0-b2,GS-LEO-15,GS-CA-B,Roadside_Assistance,15.65,62.1,4137.0,0.021,Degraded,-1,1
SES-158275,2026-08-28 06:08:27+00:00,2026-08-28,iPhone 15 Pro,v18.2.0-b2,GS-LEO-15,GS-FL-C,Messages_Satellite,18.66,18.6,4107.0,0.0105,Degraded,-1,1
SES-153050,2026-08-22 22:26:36+00:00,2026-08-22,iPhone 15 Pro,v18.2.0-b2,GS-LEO-15,GS-TX-A,Messages_Satellite,20.04,49.7,3981.0,0.1067,Degraded,-1,1
SES-145733,2026-08-18 05:08:46+00:00,2026-08-18,iPhone 15 Pro,v18.2.0-b2,GS-LEO-15,GS-CA-B,Messages_Satellite,8.13,62.3,3930.0,0.6937,Degraded,-1,1
SES-132216,2026-08-09 10:00:45+00:00,2026-08-09,iPhone 15 Pro,v18.2.0-b2,GS-LEO-15,GS-TX-A,Messages_Satellite,10.93,70.1,3914.0,0.0006,Degraded,-1,1
SES-132010,2026-08-20 08:59:16+00:00,2026-08-20,iPhone 15 Pro,v18.2.0-b2,GS-LEO-15,GS-CA-B,Roadside_Assistance,4.31,82.6,3891.0,0.0881,Degraded,-1,1
SES-116349,2026-08-24 19:28:54+00:00,2026-08-24,iPhone 15 Pro,v18.2.0-b2,GS-LEO-15,GS-TX-A,Messages_Satellite,11.64,75.9,3858.0,0.1091,Degraded,-1,1
SES-108081,2026-08-31 18:34:44+00:00,2026-08-31,iPhone 15 Pro,v18.2.0-b2,GS-LEO-15,GS-TX-A,FindMy_Ping,5.15,82.4,3778.0,0.1142,Degraded,-1,1
SES-110586,2026-08-30 05:32:56+00:00,2026-08-30,iPhone 15 Pro,v18.2.0-b2,GS-LEO-15,GS-CA-B,Messages_Satellite,14.31,36.0,3668.0,0.5647,Degraded,-1,1
SES-178404,2026-08-24 12:08:44+00:00,2026-08-24,iPhone 15 Pro,v18.2.0-b2,GS-LEO-15,GS-TX-A,Messages_Satellite,20.65,74.4,3588.0,0.0026,Degraded,-1,1
SES-197250,2026-08-09 14:51:59+00:00,2026-08-09,iPhone 15 Pro,v18.2.0-b2,GS-LEO-15,GS-FL-C,Messages_Satellite,19.57,81.6,3487.0,0.0747,Degraded,-1,1
SES-167257,2026-08-11 16:22:20+00:00,2026-08-11,iPhone 15 Pro,v18.2.0-b2,GS-LEO-15,GS-CA-B,Messages_Satellite,18.08,83.9,3291.0,0.0545,Degraded,-1,1
SES-184890,2026-08-04 09:22:11+00:00,2026-08-04,iPhone 15 Pro,v18.1.0,GS-LEO-08,GS-CA-B,FindMy_Ping,8.75,59.3,998.0,0.6564,Degraded,-1,1
SES-132265,2026-08-16 19:16:38+00:00,2026-08-16,iPhone 15 Pro,v18.2.0-b2,GS-LEO-15,GS-CA-B,Messages_Satellite,10.53,82.5,2931.0,0.6201,Degraded,-1,1
SES-157193,2026-08-28 21:34:25+00:00,2026-08-28,iPhone 15 Pro,v18.2.0-b2,GS-LEO-15,GS-CA-B,Messages_Satellite,6.6,47.3,1148.0,0.6551,Degraded,-1,1
SES-159642,2026-08-31 05:29:11+00:00,2026-08-31,iPhone 15 Pro,v18.2.1,GS-LEO-15,GS-CA-B,Roadside_Assistance,4.82,57.7,1120.0,0.5566,Degraded,-1,1
SES-192223,2026-08-14 00:35:00+00:00,2026-08-14,iPhone 15 Pro,v18.2.0-b2,GS-LEO-15,GS-CA-B,Messages_Satellite,7.39,57.7,1067.0,0.5694,Degraded,-1,1
SES-113312,2026-08-02 21:13:12+00:00,2026-08-02,iPhone 15 Pro,v18.2.0-b2,GS-LEO-15,GS-CA-B,FindMy_Ping,7.68,39.4,1039.0,0.6172,Degraded,-1,1
SES-193464,2026-08-02 08:54:46+00:00,2026-08-02,iPhone 15 Pro,v18.2.1,GS-LEO-15,GS-CA-B,Roadside_Assistance,6.49,37.4,985.0,0.6514,Degraded,-1,1
SES-121481,2026-08-21 21:12:19+00:00,2026-08-21,iPhone 15 Pro,v18.1.0,GS-LEO-05,GS-CA-B,Emergency_SOS,20.9,28.1,627.0,0.6682,Degraded,-1,1
SES-124322,2026-08-06 10:21:23+00:00,2026-08-06,iPhone 15 Pro,v18.1.0,GS-LEO-08,GS-CA-B,Messages_Satellite,6.61,82.1,1107.0,0.5765,Degraded,-1,1
SES-116264,2026-08-30 09:27:59+00:00,2026-08-30,iPhone 15 Pro,v18.2.0-b2,GS-LEO-04,GS-TX-A,Messages_Satellite,6.69,78.1,4374.0,0.0191,Degraded,-1,1
SES-112176,2026-08-14 05:35:20+00:00,2026-08-14,iPhone 15 Pro,v18.1.0,GS-LEO-03,GS-CA-B,Messages_Satellite,15.13,16.3,844.0,0.5889,Degraded,-1,1
SES-159728,2026-08-03 07:07:10+00:00,2026-08-03,iPhone 15 Pro,v18.2.0-b2,GS-LEO-04,GS-CA-B,Messages_Satellite,7.76,83.4,4256.0,0.0186,Degraded,-1,1
SES-175381,2026-08-29 19:09:13+00:00,2026-08-29,iPhone 15 Pro,v18.2.0-b2,GS-LEO-08,GS-CA-B,Messages_Satellite,13.1,23.9,2462.0,0.5869,Degraded,-1,1
SES-190885,2026-08-21 17:39:27+00:00,2026-08-21,iPhone 15 Pro,v18.2.0-b2,GS-LEO-04,GS-CA-B,Emergency_SOS,12.12,62.9,4121.0,0.0061,Degraded,-1,1
SES-163690,2026-08-20 06:16:05+00:00,2026-08-20,iPhone 15 Pro,v18.2.0-b2,GS-LEO-04,GS-CA-B,Messages_Satellite,15.53,78.7,4109.0,0.0677,Degraded,-1,1
SES-186730,2026-08-06 07:26:35+00:00,2026-08-06,iPhone 15 Pro,v18.2.0-b2,GS-LEO-04,GS-CA-B,Messages_Satellite,10.71,18.9,4060.0,0.005,Degraded,-1,1
SES-181662,2026-08-02 19:13:35+00:00,2026-08-02,iPhone 15 Pro,v18.2.0-b2,GS-LEO-04,GS-OR-D,Messages_Satellite,5.05,27.8,4055.0,0.0343,Degraded,-1,1
SES-139126,2026-08-13 17:41:02+00:00,2026-08-13,iPhone 15 Pro,v18.2.0-b2,GS-LEO-04,GS-CA-B,Roadside_Assistance,16.48,23.8,4049.0,0.1124,Degraded,-1,1
SES-155656,2026-08-11 08:03:23+00:00,2026-08-11,iPhone 15 Pro,v18.2.0-b2,GS-LEO-04,GS-FL-C,Messages_Satellite,18.26,25.0,4044.0,0.0884,Degraded,-1,1
SES-119690,2026-08-16 20:42:43+00:00,2026-08-16,iPhone 15 Pro,v18.2.0-b2,GS-LEO-08,GS-CA-B,FindMy_Ping,15.68,84.3,3266.0,0.6327,Degraded,-1,1
SES-159413,2026-08-08 17:10:28+00:00,2026-08-08,iPhone 15 Pro,v18.2.0-b2,GS-LEO-08,GS-FL-C,Roadside_Assistance,6.13,81.8,3298.0,0.0079,Degraded,-1,1
SES-121228,2026-08-09 20:29:14+00:00,2026-08-09,iPhone 15 Pro,v18.2.0-b2,GS-LEO-04,GS-TX-A,FindMy_Ping,12.54,84.2,3996.0,0.0036,Degraded,-1,1
SES-104507,2026-08-10 06:02:25+00:00,2026-08-10,iPhone 15 Pro,v18.2.0-b2,GS-LEO-04,GS-CA-B,Messages_Satellite,17.35,82.8,3950.0,0.0433,Degraded,-1,1
SES-125071,2026-08-25 09:40:35+00:00,2026-08-25,iPhone 15 Pro,v18.2.0-b2,GS-LEO-04,GS-CA-B,FindMy_Ping,6.83,79.0,3938.0,0.0248,Degraded,-1,1
SES-175481,2026-08-12 11:13:02+00:00,2026-08-12,iPhone 15 Pro,v18.2.0-b2,GS-LEO-08,GS-CA-B,Messages_Satellite,7.31,80.6,3622.0,0.1101,Degraded,-1,1
SES-130843,2026-08-03 05:49:28+00:00,2026-08-03,iPhone 15 Pro,v18.2.0-b2,GS-LEO-04,GS-TX-A,FindMy_Ping,18.76,24.4,3904.0,0.0454,Degraded,-1,1
SES-167273,2026-08-28 10:26:57+00:00,2026-08-28,iPhone 15 Pro,v18.2.0-b2,GS-LEO-08,GS-CA-B,Messages_Satellite,17.29,68.2,3750.0,0.7551,Degraded,-1,1
SES-102008,2026-08-25 09:52:43+00:00,2026-08-25,iPhone 15 Pro,v18.2.0-b2,GS-LEO-08,GS-CA-B,Messages_Satellite,10.68,23.7,3781.0,0.5906,Degraded,-1,1
SES-199474,2026-08-07 12:52:15+00:00,2026-08-07,iPhone 15 Pro,v18.2.0-b2,GS-LEO-08,GS-CA-B,Roadside_Assistance,5.13,77.4,3803.0,0.1061,Degraded,-1,1
SES-113556,2026-08-04 18:17:57+00:00,2026-08-04,iPhone 15 Pro,v18.2.0-b2,GS-LEO-08,GS-TX-A,Messages_Satellite,7.93,84.6,3847.0,0.0531,Degraded,-1,1
SES-191777,2026-08-24 13:14:42+00:00,2026-08-24,iPhone 15 Pro,v18.2.0-b2,GS-LEO-08,GS-TX-A,Messages_Satellite,8.77,80.7,3850.0,0.0421,Degraded,-1,1
SES-195048,2026-08-09 01:12:44+00:00,2026-08-09,iPhone 15 Pro,v18.2.0-b2,GS-LEO-04,GS-CA-B,Messages_Satellite,10.0,45.0,3877.0,0.5407,Degraded,-1,1
SES-191979,2026-08-23 11:31:51+00:00,2026-08-23,iPhone 15 Pro,v18.2.0-b2,GS-LEO-08,GS-CA-B,Messages_Satellite,10.73,68.9,3946.0,0.0038,Degraded,-1,1
SES-120606,2026-08-09 19:43:30+00:00,2026-08-09,iPhone 15 Pro,v18.2.0-b2,GS-LEO-08,GS-TX-A,Emergency_SOS,11.64,84.6,4049.0,0.1462,Degraded,-1,1
SES-105164,2026-08-02 19:59:17+00:00,2026-08-02,iPhone 15 Pro,v18.2.0-b2,GS-LEO-08,GS-FL-C,Messages_Satellite,16.88,45.6,4063.0,0.1169,Degraded,-1,1
SES-142476,2026-08-14 14:14:48+00:00,2026-08-14,iPhone 15 Pro,v18.2.0-b2,GS-LEO-08,GS-CA-B,Messages_Satellite,19.31,69.1,4072.0,0.6016,Degraded,-1,1
SES-135213,2026-08-10 20:11:21+00:00,2026-08-10,iPhone 15 Pro,v18.2.0-b2,GS-LEO-08,GS-TX-A,FindMy_Ping,11.11,78.5,4201.0,0.1584,Degraded,-1,1
SES-162040,2026-08-20 03:05:36+00:00,2026-08-20,iPhone 15 Pro,v18.2.0-b2,GS-LEO-08,GS-FL-C,FindMy_Ping,6.14,65.6,4310.0,0.0386,Degraded,-1,1
SES-118508,2026-08-04 01:42:45+00:00,2026-08-04,iPhone 15 Pro,v18.2.0-b2,GS-LEO-08,GS-TX-A,Emergency_SOS,13.93,81.0,4369.0,0.0565,Degraded,-1,1
SES-190709,2026-08-03 17:48:05+00:00,2026-08-03,iPhone 15 Pro,v18.2.0-b2,GS-LEO-08,GS-TX-A,Messages_Satellite,10.02,84.4,4403.0,0.0489,Degraded,-1,1
SES-144067,2026-08-29 14:46:51+00:00,2026-08-29,iPhone 15 Pro,v18.2.0-b2,GS-LEO-04,GS-CA-B,Roadside_Assistance,10.21,42.5,3686.0,0.4957,Degraded,-1,1
SES-183046,2026-08-31 17:05:23+00:00,2026-08-31,iPhone 15 Pro,v18.2.1,GS-LEO-15,GS-CA-B,Messages_Satellite,16.98,70.4,826.0,0.696,Degraded,-1,1
SES-146381,2026-08-24 01:11:12+00:00,2026-08-24,iPhone 15 Pro,v18.1.0,GS-LEO-15,GS-CA-B,FindMy_Ping,12.1,51.5,824.0,0.8293,Degraded,-1,1
SES-128738,2026-08-12 23:01:11+00:00,2026-08-12,iPhone 15 Pro,v18.2.0-b2,GS-LEO-04,GS-FL-C,Messages_Satellite,11.11,78.2,3570.0,0.1753,Degraded,-1,1
SES-179335,2026-08-24 09:23:49+00:00,2026-08-24,iPhone 15 Pro,v18.2.0-b2,GS-LEO-09,GS-CA-B,Messages_Satellite,19.38,73.5,710.0,0.6043,Degraded,-1,1
SES-167437,2026-08-05 03:29:16+00:00,2026-08-05,iPhone 15 Pro,v18.1.0,GS-LEO-15,GS-CA-B,Emergency_SOS,13.49,52.0,766.0,0.6921,Degraded,-1,1
SES-187639,2026-08-19 03:56:44+00:00,2026-08-19,iPhone 15 Pro,v18.2.0-b2,GS-LEO-04,GS-OR-D,Roadside_Assistance,21.07,20.7,3260.0,0.0285,Degraded,-1,1
SES-179203,2026-08-06 09:09:28+00:00,2026-08-06,iPhone 15 Pro,v18.1.0,GS-LEO-09,GS-CA-B,Messages_Satellite,18.9,78.5,736.0,0.6262,Degraded,-1,1
SES-165684,2026-08-06 10:59:10+00:00,2026-08-06,iPhone 15 Pro,v18.2.0-b2,GS-LEO-15,GS-CA-B,Messages_Satellite,18.41,80.2,722.0,0.674,Degraded,-1,1
SES-124303,2026-08-21 07:27:31+00:00,2026-08-21,iPhone 15 Pro,v18.2.0-b2,GS-LEO-14,GS-FL-C,Messages_Satellite,5.97,58.6,4327.0,0.0105,Degraded,-1,1
SES-195480,2026-08-21 04:34:30+00:00,2026-08-21,iPhone 15 Pro,v18.2.0-b2,GS-LEO-14,GS-OR-D,FindMy_Ping,11.49,64.4,4265.0,0.0085,Degraded,-1,1
SES-114930,2026-08-16 09:11:29+00:00,2026-08-16,iPhone 15 Pro,v18.2.0-b2,GS-LEO-14,GS-OR-D,Roadside_Assistance,14.6,18.3,4236.0,0.0924,Degraded,-1,1
SES-190617,2026-08-18 15:43:20+00:00,2026-08-18,iPhone 15 Pro,v18.2.0-b2,GS-LEO-14,GS-FL-C,Messages_Satellite,14.51,16.9,4175.0,0.0717,Degraded,-1,1
SES-191561,2026-08-15 20:21:33+00:00,2026-08-15,iPhone 15 Pro,v18.2.0-b2,GS-LEO-14,GS-FL-C,Emergency_SOS,18.53,75.7,4078.0,0.0721,Degraded,-1,1
SES-133317,2026-08-15 18:29:11+00:00,2026-08-15,iPhone 15 Pro,v18.2.0-b2,GS-LEO-14,GS-CA-B,Emergency_SOS,18.1,17.6,3977.0,0.6508,Degraded,-1,1
SES-101067,2026-08-13 20:46:26+00:00,2026-08-13,iPhone 15 Pro,v18.2.0-b2,GS-LEO-14,GS-TX-A,Emergency_SOS,18.18,23.9,3830.0,0.1214,Degraded,-1,1
SES-131156,2026-08-10 22:36:06+00:00,2026-08-10,iPhone 15 Pro,v18.2.0-b2,GS-LEO-14,GS-CA-B,Messages_Satellite,3.37,58.7,3730.0,0.0208,Degraded,-1,1
SES-189863,2026-08-22 15:42:15+00:00,2026-08-22,iPhone 15 Pro,v18.2.0-b2,GS-LEO-14,GS-CA-B,Messages_Satellite,9.08,23.1,3694.0,0.3983,Degraded,-1,1
SES-127847,2026-08-16 03:42:53+00:00,2026-08-16,iPhone 15 Pro,v18.2.0-b2,GS-LEO-14,GS-CA-B,FindMy_Ping,16.28,79.6,3648.0,0.0083,Degraded,-1,1
SES-100586,2026-08-19 14:16:06+00:00,2026-08-19,iPhone 15 Pro,v18.2.0-b2,GS-LEO-14,GS-OR-D,FindMy_Ping,10.06,80.5,3248.0,0.1832,Degraded,-1,1
SES-174890,2026-08-17 02:35:42+00:00,2026-08-17,iPhone 15 Pro,v18.2.0-b2,GS-LEO-14,GS-FL-C,Messages_Satellite,18.72,18.1,3110.0,0.1115,Degraded,-1,1
SES-110140,2026-08-23 02:39:42+00:00,2026-08-23,iPhone 15 Pro,v18.2.0-b2,GS-LEO-14,GS-TX-A,Roadside_Assistance,4.67,16.2,2944.0,0.1016,Degraded,-1,1
SES-176308,2026-08-17 13:52:43+00:00,2026-08-17,iPhone 15 Pro,v18.1.0,GS-LEO-14,GS-CA-B,Messages_Satellite,4.7,58.6,1066.0,0.724,Degraded,-1,1
SES-150963,2026-08-21 20:33:36+00:00,2026-08-21,iPhone 15 Pro,v18.2.0-b2,GS-LEO-14,GS-CA-B,Messages_Satellite,9.87,82.2,1020.0,0.5456,Degraded,-1,1
SES-151931,2026-08-10 12:40:54+00:00,2026-08-10,iPhone 15 Pro,v18.2.1,GS-LEO-09,GS-CA-B,Messages_Satellite,12.36,82.8,787.0,0.6121,Degraded,-1,1
SES-143877,2026-08-25 19:30:01+00:00,2026-08-25,iPhone 15 Pro,v18.2.0-b2,GS-LEO-04,GS-CA-B,Roadside_Assistance,10.02,30.2,2524.0,0.6831,Degraded,-1,1
SES-142732,2026-08-12 02:24:55+00:00,2026-08-12,iPhone 15 Pro,v18.2.0-b2,GS-LEO-09,GS-CA-B,Roadside_Assistance,14.07,82.9,793.0,0.6371,Degraded,-1,1
SES-103107,2026-08-24 17:22:34+00:00,2026-08-24,iPhone 15 Pro,v18.1.0,GS-LEO-14,GS-CA-B,Emergency_SOS,8.91,51.2,977.0,0.6167,Degraded,-1,1
SES-145220,2026-08-17 22:47:03+00:00,2026-08-17,iPhone 15 Pro,v18.2.1,GS-LEO-04,GS-CA-B,Messages_Satellite,4.21,58.1,1211.0,0.6284,Degraded,-1,1
SES-197715,2026-08-24 14:33:31+00:00,2026-08-24,iPhone 15 Pro,v18.2.1,GS-LEO-14,GS-CA-B,FindMy_Ping,8.98,66.7,948.0,0.6444,Degraded,-1,1
SES-194801,2026-08-08 14:19:47+00:00,2026-08-08,iPhone 15 Pro,v18.1.0,GS-LEO-14,GS-CA-B,Messages_Satellite,12.02,25.2,929.0,0.737,Degraded,-1,1
SES-182720,2026-08-29 17:52:20+00:00,2026-08-29,iPhone 15 Pro,v18.2.1,GS-LEO-14,GS-CA-B,Messages_Satellite,10.09,84.4,907.0,0.5895,Degraded,-1,1
SES-116236,2026-08-21 00:20:35+00:00,2026-08-21,iPhone 15 Pro,v18.2.0-b2,GS-LEO-09,GS-CA-B,Messages_Satellite,9.45,33.7,863.0,0.6547,Degraded,-1,1
SES-193065,2026-08-11 01:41:21+00:00,2026-08-11,iPhone 15 Pro,v18.2.1,GS-LEO-14,GS-CA-B,Messages_Satellite,18.5,58.0,740.0,0.6266,Degraded,-1,1
SES-135806,2026-08-09 22:05:51+00:00,2026-08-09,iPhone 15 Pro,v18.2.1,GS-LEO-14,GS-CA-B,Messages_Satellite,19.72,79.8,710.0,0.5023,Degraded,-1,1
SES-129146,2026-08-09 18:51:30+00:00,2026-08-09,iPhone 15 Pro,v18.2.1,GS-LEO-14,GS-CA-B,Messages_Satellite,16.78,32.8,685.0,0.7174,Degraded,-1,1
SES-165956,2026-08-21 12:34:22+00:00,2026-08-21,iPhone 15 Pro,v18.1.0,GS-LEO-14,GS-CA-B,Emergency_SOS,19.82,58.7,636.0,0.4655,Degraded,-1,1
SES-160707,2026-08-05 05:06:16+00:00,2026-08-05,iPhone 15 Pro,v18.2.1,GS-LEO-14,GS-CA-B,Messages_Satellite,26.77,60.1,505.0,0.1946,Acceptable,-1,1
SES-111191,2026-08-07 21:14:59+00:00,2026-08-07,iPhone 15 Pro,v18.2.0-b2,GS-LEO-13,GS-TX-A,Emergency_SOS,8.98,31.9,4455.0,0.2283,Degraded,-1,1
SES-164230,2026-08-26 05:29:35+00:00,2026-08-26,iPhone 15 Pro,v18.2.0-b2,GS-LEO-13,GS-CA-B,Messages_Satellite,10.18,84.9,4256.0,0.5577,Degraded,-1,1
SES-146476,2026-08-03 19:14:07+00:00,2026-08-03,iPhone 15 Pro,v18.2.0-b2,GS-LEO-13,GS-OR-D,FindMy_Ping,16.34,73.6,4174.0,0.0291,Degraded,-1,1
SES-174362,2026-08-15 07:30:45+00:00,2026-08-15,iPhone 15 Pro,v18.2.0-b2,GS-LEO-13,GS-FL-C,Roadside_Assistance,12.42,79.5,4140.0,0.14,Degraded,-1,1
SES-159464,2026-08-11 00:21:35+00:00,2026-08-11,iPhone 15 Pro,v18.2.0-b2,GS-LEO-13,GS-FL-C,Messages_Satellite,10.73,15.7,4098.0,0.2043,Degraded,-1,1
SES-107001,2026-08-24 19:40:58+00:00,2026-08-24,iPhone 15 Pro,v18.2.0-b2,GS-LEO-13,GS-TX-A,Emergency_SOS,10.93,75.7,4073.0,0.11,Degraded,-1,1
SES-139340,2026-08-26 19:28:31+00:00,2026-08-26,iPhone 15 Pro,v18.2.0-b2,GS-LEO-13,GS-FL-C,Roadside_Assistance,17.36,45.3,4010.0,0.1412,Degraded,-1,1
SES-105197,2026-08-20 16:23:04+00:00,2026-08-20,iPhone 15 Pro,v18.2.0-b2,GS-LEO-13,GS-TX-A,Messages_Satellite,14.09,81.1,3980.0,0.0291,Degraded,-1,1
SES-177012,2026-08-11 19:34:43+00:00,2026-08-11,iPhone 15 Pro,v18.2.0-b2,GS-LEO-13,GS-OR-D,Emergency_SOS,11.06,68.0,3978.0,0.2356,Degraded,-1,1
SES-111550,2026-08-23 14:47:12+00:00,2026-08-23,iPhone 15 Pro,v18.2.0-b2,GS-LEO-13,GS-OR-D,Messages_Satellite,1.05,16.0,3952.0,0.081,Degraded,-1,1
SES-161519,2026-08-02 23:48:37+00:00,2026-08-02,iPhone 15 Pro,v18.2.0-b2,GS-LEO-13,GS-TX-A,Messages_Satellite,0.86,83.2,3610.0,0.0197,Degraded,-1,1
SES-172219,2026-08-06 17:51:44+00:00,2026-08-06,iPhone 15 Pro,v18.2.0-b2,GS-LEO-13,GS-OR-D,Messages_Satellite,1.24,25.6,2930.0,0.0235,Degraded,-1,1
SES-144789,2026-08-25 17:57:33+00:00,2026-08-25,iPhone 15 Pro,v18.2.0-b2,GS-LEO-13,GS-OR-D,FindMy_Ping,2.05,66.2,2829.0,0.0901,Degraded,-1,1
SES-115844,2026-08-19 10:46:19+00:00,2026-08-19,iPhone 15 Pro,v18.2.1,GS-LEO-13,GS-OR-D,Messages_Satellite,-1.0,55.3,1323.0,0.2684,Degraded,-1,1
SES-158080,2026-08-20 00:29:24+00:00,2026-08-20,iPhone 15 Pro,v18.1.0,GS-LEO-09,GS-CA-B,Messages_Satellite,12.06,33.2,885.0,0.6615,Degraded,-1,1
SES-130430,2026-08-30 06:51:02+00:00,2026-08-30,iPhone 15 Pro,v18.2.0-b2,GS-LEO-13,GS-CA-B,Roadside_Assistance,8.53,81.9,1061.0,0.6837,Degraded,-1,1
SES-147184,2026-08-31 10:06:25+00:00,2026-08-31,iPhone 15 Pro,v18.2.1,GS-LEO-13,GS-CA-B,Messages_Satellite,7.98,38.9,970.0,0.6145,Degraded,-1,1
SES-116216,2026-08-04 20:41:31+00:00,2026-08-04,iPhone 15 Pro,v18.2.1,GS-LEO-13,GS-CA-B,Emergency_SOS,7.87,41.9,951.0,0.6519,Degraded,-1,1
SES-198159,2026-08-22 00:11:41+00:00,2026-08-22,iPhone 15 Pro,v18.1.0,GS-LEO-03,GS-CA-B,Messages_Satellite,7.0,74.9,1013.0,0.7038,Degraded,-1,1
SES-169905,2026-08-27 02:19:57+00:00,2026-08-27,iPhone 15 Pro,v18.2.0-b2,GS-LEO-03,GS-CA-B,FindMy_Ping,8.07,56.1,1024.0,0.6763,Degraded,-1,1
SES-125982,2026-08-06 03:50:10+00:00,2026-08-06,iPhone 15 Pro,v18.2.0-b2,GS-LEO-09,GS-CA-B,Messages_Satellite,8.45,69.4,929.0,0.6874,Degraded,-1,1
SES-164370,2026-08-12 10:42:52+00:00,2026-08-12,iPhone 15 Pro,v18.2.1,GS-LEO-13,GS-CA-B,Emergency_SOS,12.18,18.2,896.0,0.6524,Degraded,-1,1
SES-165849,2026-08-22 02:22:19+00:00,2026-08-22,iPhone 15 Pro,v18.2.1,GS-LEO-13,GS-CA-B,Messages_Satellite,11.08,40.6,872.0,0.686,Degraded,-1,1
SES-116520,2026-08-05 23:08:01+00:00,2026-08-05,iPhone 15 Pro,v18.2.1,GS-LEO-03,GS-CA-B,Messages_Satellite,5.37,33.2,1050.0,0.6196,Degraded,-1,1
SES-131789,2026-08-17 01:47:52+00:00,2026-08-17,iPhone 15 Pro,v18.2.1,GS-LEO-04,GS-CA-B,Messages_Satellite,11.13,84.8,1015.0,0.7408,Degraded,-1,1
SES-112980,2026-08-12 07:04:59+00:00,2026-08-12,iPhone 15 Pro,v18.2.1,GS-LEO-13,GS-CA-B,Messages_Satellite,20.84,68.5,699.0,0.5258,Degraded,-1,1
SES-166131,2026-08-05 21:00:35+00:00,2026-08-05,iPhone 15 Pro,v18.2.0-b2,GS-LEO-03,GS-OR-D,FindMy_Ping,17.63,26.3,2813.0,0.2721,Degraded,-1,1
SES-175141,2026-08-26 23:44:14+00:00,2026-08-26,iPhone 15 Pro,v18.2.0-b2,GS-LEO-03,GS-TX-A,Emergency_SOS,21.76,32.3,2985.0,0.1423,Degraded,-1,1
SES-121320,2026-08-12 11:49:51+00:00,2026-08-12,iPhone 15 Pro,v18.1.0,GS-LEO-13,GS-CA-B,Emergency_SOS,22.74,65.1,620.0,0.6803,Degraded,-1,1
SES-127053,2026-08-17 15:31:09+00:00,2026-08-17,iPhone 15 Pro,v18.2.0-b2,GS-LEO-24,GS-FL-C,Emergency_SOS,5.49,66.7,4540.0,0.102,Degraded,-1,1
SES-151734,2026-08-30 05:20:29+00:00,2026-08-30,iPhone 15 Pro,v18.2.0-b2,GS-LEO-12,GS-TX-A,Messages_Satellite,10.98,75.6,4470.0,0.0852,Degraded,-1,1
SES-198361,2026-08-27 03:10:00+00:00,2026-08-27,iPhone 15 Pro,v18.2.0-b2,GS-LEO-12,GS-TX-A,Messages_Satellite,12.51,34.8,4356.0,0.2053,Degraded,-1,1
SES-169650,2026-08-15 07:48:35+00:00,2026-08-15,iPhone 15 Pro,v18.2.0-b2,GS-LEO-12,GS-OR-D,Messages_Satellite,5.54,19.7,4343.0,0.0932,Degraded,-1,1
SES-159763,2026-08-25 06:06:28+00:00,2026-08-25,iPhone 15 Pro,v18.2.0-b2,GS-LEO-12,GS-OR-D,FindMy_Ping,10.16,62.2,4161.0,0.162,Degraded,-1,1
SES-175777,2026-08-14 03:17:40+00:00,2026-08-14,iPhone 15 Pro,v18.2.0-b2,GS-LEO-12,GS-FL-C,FindMy_Ping,20.09,72.5,4103.0,0.1515,Degraded,-1,1
SES-164566,2026-08-24 20:17:39+00:00,2026-08-24,iPhone 15 Pro,v18.2.0-b2,GS-LEO-12,GS-CA-B,Messages_Satellite,19.17,30.1,4045.0,0.0272,Degraded,-1,1
SES-169470,2026-08-29 01:32:29+00:00,2026-08-29,iPhone 15 Pro,v18.2.0-b2,GS-LEO-12,GS-FL-C,Messages_Satellite,6.38,74.7,3971.0,0.0255,Degraded,-1,1
SES-158025,2026-08-17 07:49:03+00:00,2026-08-17,iPhone 15 Pro,v18.2.0-b2,GS-LEO-09,GS-CA-B,Messages_Satellite,8.64,36.9,992.0,0.6602,Degraded,-1,1
SES-130379,2026-08-18 08:33:30+00:00,2026-08-18,iPhone 15 Pro,v18.2.0-b2,GS-LEO-12,GS-OR-D,Messages_Satellite,0.31,47.9,3920.0,0.0483,Degraded,-1,1
SES-113155,2026-08-18 05:33:20+00:00,2026-08-18,iPhone 15 Pro,v18.2.0-b2,GS-LEO-12,GS-TX-A,Messages_Satellite,6.62,80.4,3825.0,0.0991,Degraded,-1,1
SES-168666,2026-08-27 00:07:31+00:00,2026-08-27,iPhone 15 Pro,v18.2.0-b2,GS-LEO-12,GS-FL-C,Messages_Satellite,23.62,16.1,3432.0,0.1075,Degraded,-1,1
SES-171354,2026-08-19 00:26:59+00:00,2026-08-19,iPhone 15 Pro,v18.2.0-b2,GS-LEO-12,GS-OR-D,Emergency_SOS,21.72,50.2,3383.0,0.0505,Degraded,-1,1
SES-182843,2026-08-05 18:40:31+00:00,2026-08-05,iPhone 15 Pro,v18.2.0-b2,GS-LEO-03,GS-CA-B,Messages_Satellite,3.89,73.9,3357.0,0.4377,Degraded,-1,1
SES-145687,2026-08-22 13:55:06+00:00,2026-08-22,iPhone 15 Pro,v18.2.0-b2,GS-LEO-12,GS-TX-A,Messages_Satellite,25.5,45.3,3058.0,0.0684,Degraded,-1,1
SES-121227,2026-08-20 15:01:03+00:00,2026-08-20,iPhone 15 Pro,v18.2.0-b2,GS-LEO-03,GS-TX-A,FindMy_Ping,14.41,17.8,3465.0,0.2184,Degraded,-1,1
SES-131321,2026-08-28 20:42:37+00:00,2026-08-28,iPhone 15 Pro,v18.2.0-b2,GS-LEO-12,GS-CA-B,Emergency_SOS,5.23,40.6,2703.0,0.7387,Degraded,-1,1
SES-148370,2026-08-08 10:37:46+00:00,2026-08-08,iPhone 15 Pro,v18.2.0-b2,GS-LEO-03,GS-TX-A,FindMy_Ping,14.69,81.8,3589.0,0.2513,Degraded,-1,1
SES-192250,2026-08-13 22:33:04+00:00,2026-08-13,iPhone 15 Pro,v18.1.0,GS-LEO-04,GS-CA-B,Roadside_Assistance,8.61,21.3,1003.0,0.5982,Degraded,-1,1
SES-152509,2026-08-05 16:19:15+00:00,2026-08-05,iPhone 15 Pro,v18.2.0-b2,GS-LEO-03,GS-OR-D,Emergency_SOS,6.91,80.3,3659.0,0.006,Degraded,-1,1
SES-136953,2026-08-02 06:24:20+00:00,2026-08-02,iPhone 15 Pro,v18.2.0-b2,GS-LEO-03,GS-OR-D,Messages_Satellite,16.47,15.2,3666.0,0.0218,Degraded,-1,1
SES-131436,2026-08-31 04:24:20+00:00,2026-08-31,iPhone 15 Pro,v18.2.0-b2,GS-LEO-12,GS-CA-B,Messages_Satellite,4.85,74.2,1149.0,0.5874,Degraded,-1,1
SES-123038,2026-08-07 10:15:37+00:00,2026-08-07,iPhone 15 Pro,v18.2.0-b2,GS-LEO-03,GS-CA-B,FindMy_Ping,10.31,48.3,3733.0,0.3689,Degraded,-1,1
SES-153375,2026-08-29 04:16:29+00:00,2026-08-29,iPhone 15 Pro,v18.1.0,GS-LEO-12,GS-CA-B,Messages_Satellite,6.89,24.5,1103.0,0.5504,Degraded,-1,1
SES-147194,2026-08-02 04:00:11+00:00,2026-08-02,iPhone 15 Pro,v18.2.0-b2,GS-LEO-03,GS-CA-B,Roadside_Assistance,21.93,22.2,3767.0,0.0996,Degraded,-1,1
SES-188729,2026-08-18 23:09:19+00:00,2026-08-18,iPhone 15 Pro,v18.2.0-b2,GS-LEO-03,GS-FL-C,Messages_Satellite,5.75,68.6,3873.0,0.1426,Degraded,-1,1
SES-137157,2026-08-13 09:39:54+00:00,2026-08-13,iPhone 15 Pro,v18.2.0-b2,GS-LEO-03,GS-OR-D,Messages_Satellite,20.18,55.2,3898.0,0.0715,Degraded,-1,1
SES-191805,2026-08-09 23:19:18+00:00,2026-08-09,iPhone 15 Pro,v18.2.0-b2,GS-LEO-03,GS-FL-C,Messages_Satellite,3.13,37.5,3985.0,0.0827,Degraded,-1,1
SES-142698,2026-08-19 09:01:56+00:00,2026-08-19,iPhone 15 Pro,v18.2.0-b2,GS-LEO-03,GS-CA-B,FindMy_Ping,12.22,83.3,4028.0,0.1565,Degraded,-1,1
SES-101278,2026-08-28 09:46:51+00:00,2026-08-28,iPhone 15 Pro,v18.2.0-b2,GS-LEO-03,GS-TX-A,Messages_Satellite,13.34,84.4,4078.0,0.0414,Degraded,-1,1
SES-174473,2026-08-31 01:21:31+00:00,2026-08-31,iPhone 15 Pro,v18.2.0-b2,GS-LEO-12,GS-CA-B,Messages_Satellite,10.17,32.3,1040.0,0.6429,Degraded,-1,1
SES-196126,2026-08-12 04:03:01+00:00,2026-08-12,iPhone 15 Pro,v18.2.0-b2,GS-LEO-03,GS-TX-A,Messages_Satellite,8.76,55.6,4098.0,0.1543,Degraded,-1,1
SES-193350,2026-08-23 10:32:19+00:00,2026-08-23,iPhone 15 Pro,v18.2.0-b2,GS-LEO-03,GS-FL-C,Messages_Satellite,15.74,62.4,4169.0,0.0334,Degraded,-1,1
SES-183901,2026-08-05 08:35:26+00:00,2026-08-05,iPhone 15 Pro,v18.2.0-b2,GS-LEO-03,GS-CA-B,Messages_Satellite,18.15,42.3,4178.0,0.4112,Degraded,-1,1
SES-119875,2026-08-02 04:13:28+00:00,2026-08-02,iPhone 15 Pro,v18.2.1,GS-LEO-12,GS-CA-B,FindMy_Ping,7.96,27.3,1027.0,0.629,Degraded,-1,1
SES-137404,2026-08-03 17:50:03+00:00,2026-08-03,iPhone 15 Pro,v18.2.0-b2,GS-LEO-03,GS-CA-B,Messages_Satellite,2.39,49.2,4323.0,0.0402,Degraded,-1,1
SES-131297,2026-08-05 14:20:54+00:00,2026-08-05,iPhone 15 Pro,v18.2.0-b2,GS-LEO-03,GS-FL-C,Messages_Satellite,6.18,54.7,4545.0,0.0919,Degraded,-1,1
SES-135962,2026-08-15 20:52:57+00:00,2026-08-15,iPhone 15 Pro,v18.2.1,GS-LEO-12,GS-CA-B,Roadside_Assistance,12.17,63.4,994.0,0.6499,Degraded,-1,1
SES-198666,2026-08-01 05:28:21+00:00,2026-08-01,iPhone 15 Pro,v18.1.0,GS-LEO-04,GS-CA-B,Messages_Satellite,19.32,82.8,626.0,0.5197,Degraded,-1,1
SES-198448,2026-08-23 14:15:10+00:00,2026-08-23,iPhone 15 Pro,v18.2.1,GS-LEO-12,GS-CA-B,Messages_Satellite,10.0,70.3,982.0,0.6399,Degraded,-1,1
SES-177633,2026-08-19 23:06:42+00:00,2026-08-19,iPhone 15 Pro,v18.2.1,GS-LEO-09,GS-CA-B,Messages_Satellite,5.51,22.9,1086.0,0.6252,Degraded,-1,1
SES-123610,2026-08-23 10:19:10+00:00,2026-08-23,iPhone 15 Pro,v18.2.0-b2,GS-LEO-04,GS-CA-B,Messages_Satellite,20.18,24.0,726.0,0.5663,Degraded,-1,1
SES-158947,2026-08-30 07:23:23+00:00,2026-08-30,iPhone 15 Pro,v18.2.1,GS-LEO-12,GS-CA-B,Messages_Satellite,9.39,79.2,867.0,0.6292,Degraded,-1,1
SES-146338,2026-08-18 13:53:27+00:00,2026-08-18,iPhone 15 Pro,v18.2.0-b2,GS-LEO-09,GS-CA-B,Emergency_SOS,8.57,38.6,3146.0,0.801,Degraded,-1,1
SES-192901,2026-08-15 20:46:59+00:00,2026-08-15,iPhone 15 Pro,v18.2.0-b2,GS-LEO-09,GS-CA-B,Roadside_Assistance,13.23,74.3,3173.0,0.2576,Degraded,-1,1
SES-125948,2026-08-26 17:57:59+00:00,2026-08-26,iPhone 15 Pro,v18.2.0-b2,GS-LEO-09,GS-FL-C,Messages_Satellite,20.96,48.6,3363.0,0.0322,Degraded,-1,1
SES-160086,2026-08-22 07:40:18+00:00,2026-08-22,iPhone 15 Pro,v18.2.0-b2,GS-LEO-09,GS-CA-B,Roadside_Assistance,11.18,18.9,3420.0,0.5482,Degraded,-1,1
SES-151238,2026-08-21 19:42:14+00:00,2026-08-21,iPhone 15 Pro,v18.2.1,GS-LEO-12,GS-CA-B,Messages_Satellite,13.81,16.2,838.0,0.6816,Degraded,-1,1
SES-171142,2026-08-08 14:53:49+00:00,2026-08-08,iPhone 15 Pro,v18.2.0-b2,GS-LEO-09,GS-CA-B,FindMy_Ping,6.78,17.2,3879.0,0.007,Degraded,-1,1
SES-110849,2026-08-16 18:31:17+00:00,2026-08-16,iPhone 15 Pro,v18.2.0-b2,GS-LEO-09,GS-OR-D,Messages_Satellite,12.42,70.1,3916.0,0.009,Degraded,-1,1
SES-173964,2026-08-01 19:01:00+00:00,2026-08-01,iPhone 15 Pro,v18.2.0-b2,GS-LEO-09,GS-TX-A,Roadside_Assistance,3.66,22.8,3928.0,0.1056,Degraded,-1,1
SES-158374,2026-08-31 05:51:19+00:00,2026-08-31,iPhone 15 Pro,v18.2.0-b2,GS-LEO-09,GS-OR-D,Emergency_SOS,10.99,79.6,3960.0,0.0081,Degraded,-1,1
SES-120656,2026-08-02 23:52:15+00:00,2026-08-02,iPhone 15 Pro,v18.2.0-b2,GS-LEO-09,GS-CA-B,Roadside_Assistance,7.61,30.5,4000.0,0.5366,Degraded,-1,1
SES-193962,2026-08-26 05:15:52+00:00,2026-08-26,iPhone 15 Pro,v18.2.0-b2,GS-LEO-09,GS-CA-B,Messages_Satellite,14.27,81.7,4004.0,0.0571,Degraded,-1,1
SES-101371,2026-08-16 04:06:58+00:00,2026-08-16,iPhone 15 Pro,v18.2.0-b2,GS-LEO-09,GS-TX-A,FindMy_Ping,9.72,80.8,4062.0,0.0951,Degraded,-1,1
SES-139525,2026-08-19 05:36:37+00:00,2026-08-19,iPhone 15 Pro,v18.2.0-b2,GS-LEO-09,GS-CA-B,Messages_Satellite,10.07,23.9,4140.0,0.6164,Degraded,-1,1
SES-198500,2026-08-13 05:31:14+00:00,2026-08-13,iPhone 15 Pro,v18.2.0-b2,GS-LEO-09,GS-FL-C,Messages_Satellite,9.06,19.1,4144.0,0.1398,Degraded,-1,1
SES-181801,2026-08-18 22:07:43+00:00,2026-08-18,iPhone 15 Pro,v18.2.0-b2,GS-LEO-09,GS-TX-A,Roadside_Assistance,9.26,60.7,4167.0,0.1278,Degraded,-1,1
SES-149925,2026-08-11 20:37:27+00:00,2026-08-11,iPhone 15 Pro,v18.2.0-b2,GS-LEO-09,GS-OR-D,Emergency_SOS,8.13,79.4,4198.0,0.0849,Degraded,-1,1
SES-166895,2026-08-30 10:41:16+00:00,2026-08-30,iPhone 15 Pro,v18.2.0-b2,GS-LEO-09,GS-TX-A,Emergency_SOS,10.37,82.3,4227.0,0.0465,Degraded,-1,1
SES-100590,2026-08-21 03:21:22+00:00,2026-08-21,iPhone 15 Pro,v18.2.0-b2,GS-LEO-09,GS-TX-A,Roadside_Assistance,4.47,27.5,4323.0,0.0089,Degraded,-1,1
SES-129176,2026-08-05 22:34:55+00:00,2026-08-05,iPhone 15 Pro,v18.2.1,GS-LEO-10,GS-CA-B,FindMy_Ping,18.41,16.2,651.0,0.4421,Degraded,-1,1
SES-154134,2026-08-01 09:29:41+00:00,2026-08-01,iPhone 15 Pro,v18.1.0,GS-LEO-12,GS-CA-B,Messages_Satellite,19.5,37.0,750.0,0.5742,Degraded,-1,1
SES-186335,2026-08-20 06:07:37+00:00,2026-08-20,iPhone 15 Pro,v18.1.0,GS-LEO-04,GS-CA-B,Messages_Satellite,11.79,39.8,965.0,0.6385,Degraded,-1,1
SES-170468,2026-08-25 07:43:48+00:00,2026-08-25,iPhone 15 Pro,v18.2.1,GS-LEO-12,GS-CA-B,Messages_Satellite,20.01,29.0,742.0,0.7206,Degraded,-1,1
SES-126661,2026-08-29 05:28:10+00:00,2026-08-29,iPhone 15 Pro,v18.2.0-b2,GS-LEO-12,GS-CA-B,Emergency_SOS,16.05,29.1,739.0,0.6869,Degraded,-1,1
SES-111938,2026-08-04 02:52:32+00:00,2026-08-04,iPhone 15 Pro,v18.1.0,GS-LEO-12,GS-CA-B,Messages_Satellite,15.28,27.0,736.0,0.6628,Degraded,-1,1
SES-121820,2026-08-13 07:05:20+00:00,2026-08-13,iPhone 15 Pro,v18.1.0,GS-LEO-12,GS-CA-B,FindMy_Ping,19.61,31.9,666.0,0.5238,Degraded,-1,1
SES-137101,2026-08-24 08:09:22+00:00,2026-08-24,iPhone 15 Pro,v18.1.0,GS-LEO-12,GS-CA-B,Messages_Satellite,20.84,50.1,650.0,0.5733,Degraded,-1,1
SES-188609,2026-08-07 23:40:22+00:00,2026-08-07,iPhone 15 Pro,v18.2.0-b2,GS-LEO-11,GS-OR-D,FindMy_Ping,5.57,73.9,4214.0,0.0404,Degraded,-1,1
SES-186471,2026-08-28 08:21:58+00:00,2026-08-28,iPhone 15 Pro,v18.2.0-b2,GS-LEO-11,GS-FL-C,Messages_Satellite,13.23,60.7,4182.0,0.1293,Degraded,-1,1
SES-152934,2026-08-10 20:57:07+00:00,2026-08-10,iPhone 15 Pro,v18.2.0-b2,GS-LEO-11,GS-CA-B,Messages_Satellite,19.17,30.4,4093.0,0.5975,Degraded,-1,1
SES-137409,2026-08-31 16:56:33+00:00,2026-08-31,iPhone 15 Pro,v18.2.0-b2,GS-LEO-11,GS-TX-A,Messages_Satellite,14.83,82.1,4055.0,0.0288,Degraded,-1,1
SES-104803,2026-08-05 03:10:47+00:00,2026-08-05,iPhone 15 Pro,v18.2.0-b2,GS-LEO-11,GS-TX-A,Messages_Satellite,16.37,43.5,4006.0,0.0032,Degraded,-1,1
SES-144347,2026-08-06 15:04:30+00:00,2026-08-06,iPhone 15 Pro,v18.2.0-b2,GS-LEO-11,GS-FL-C,Messages_Satellite,9.06,20.6,3943.0,0.1957,Degraded,-1,1
SES-170544,2026-08-11 16:39:31+00:00,2026-08-11,iPhone 15 Pro,v18.2.0-b2,GS-LEO-11,GS-FL-C,Messages_Satellite,14.04,67.7,3916.0,0.0085,Degraded,-1,1
SES-103087,2026-08-15 00:31:00+00:00,2026-08-15,iPhone 15 Pro,v18.2.0-b2,GS-LEO-11,GS-CA-B,Messages_Satellite,13.47,74.5,3911.0,0.0939,Degraded,-1,1
SES-172319,2026-08-30 00:15:39+00:00,2026-08-30,iPhone 15 Pro,v18.2.0-b2,GS-LEO-11,GS-CA-B,Emergency_SOS,17.52,16.1,3186.0,0.108,Degraded,-1,1
SES-196452,2026-08-14 02:02:40+00:00,2026-08-14,iPhone 15 Pro,v18.2.0-b2,GS-LEO-11,GS-CA-B,Messages_Satellite,19.55,68.9,3166.0,0.0032,Degraded,-1,1
SES-131242,2026-08-07 00:33:37+00:00,2026-08-07,iPhone 15 Pro,v18.2.0-b2,GS-LEO-11,GS-CA-B,Messages_Satellite,11.91,48.4,2381.0,0.6103,Degraded,-1,1
SES-116540,2026-08-27 14:34:47+00:00,2026-08-27,iPhone 15 Pro,v18.2.0-b2,GS-LEO-11,GS-CA-B,Emergency_SOS,1.92,62.1,1197.0,0.6233,Degraded,-1,1
SES-198438,2026-08-06 05:33:10+00:00,2026-08-06,iPhone 15 Pro,v18.2.1,GS-LEO-11,GS-CA-B,Messages_Satellite,2.39,29.2,1158.0,0.5409,Degraded,-1,1
SES-192259,2026-08-27 00:50:51+00:00,2026-08-27,iPhone 15 Pro,v18.2.0-b2,GS-LEO-11,GS-CA-B,Messages_Satellite,2.68,80.1,1154.0,0.4315,Degraded,-1,1
SES-142879,2026-08-31 16:20:30+00:00,2026-08-31,iPhone 15 Pro,v18.2.0-b2,GS-LEO-04,GS-CA-B,Messages_Satellite,15.21,75.2,823.0,0.6645,Degraded,-1,1
SES-139500,2026-08-13 20:55:26+00:00,2026-08-13,iPhone 15 Pro,v18.2.1,GS-LEO-10,GS-CA-B,Messages_Satellite,16.56,24.2,782.0,0.6536,Degraded,-1,1
SES-152285,2026-08-04 06:30:22+00:00,2026-08-04,iPhone 15 Pro,v18.1.0,GS-LEO-11,GS-CA-B,FindMy_Ping,7.66,16.6,978.0,0.636,Degraded,-1,1
SES-147969,2026-08-01 02:45:18+00:00,2026-08-01,iPhone 15 Pro,v18.2.1,GS-LEO-11,GS-CA-B,Emergency_SOS,14.55,50.0,969.0,0.675,Degraded,-1,1
SES-123199,2026-08-09 19:38:54+00:00,2026-08-09,iPhone 15 Pro,v18.2.1,GS-LEO-11,GS-CA-B,Emergency_SOS,9.8,15.6,964.0,0.5357,Degraded,-1,1
SES-151851,2026-08-01 13:35:22+00:00,2026-08-01,iPhone 15 Pro,v18.2.1,GS-LEO-04,GS-CA-B,Messages_Satellite,14.17,38.0,828.0,0.6673,Degraded,-1,1
SES-183755,2026-08-21 03:53:19+00:00,2026-08-21,iPhone 15 Pro,v18.2.1,GS-LEO-11,GS-CA-B,Messages_Satellite,11.57,21.8,961.0,0.6548,Degraded,-1,1
SES-125244,2026-08-29 09:40:04+00:00,2026-08-29,iPhone 15 Pro,v18.2.1,GS-LEO-11,GS-CA-B,Messages_Satellite,12.07,17.6,960.0,0.5687,Degraded,-1,1
SES-158737,2026-08-03 14:40:47+00:00,2026-08-03,iPhone 15 Pro,v18.2.0-b2,GS-LEO-11,GS-CA-B,FindMy_Ping,7.85,24.4,947.0,0.8298,Degraded,-1,1
SES-112329,2026-08-30 17:27:35+00:00,2026-08-30,iPhone 15 Pro,v18.2.1,GS-LEO-11,GS-CA-B,FindMy_Ping,12.25,64.9,947.0,0.6826,Degraded,-1,1
SES-164764,2026-08-11 23:12:04+00:00,2026-08-11,iPhone 15 Pro,v18.2.0-b2,GS-LEO-11,GS-CA-B,Messages_Satellite,16.48,39.6,867.0,0.7291,Degraded,-1,1
SES-139474,2026-08-07 03:01:23+00:00,2026-08-07,iPhone 15 Pro,v18.1.0,GS-LEO-11,GS-CA-B,Messages_Satellite,11.82,27.1,855.0,0.7771,Degraded,-1,1
SES-170389,2026-08-08 00:38:55+00:00,2026-08-08,iPhone 15 Pro,v18.2.0-b2,GS-LEO-10,GS-CA-B,Messages_Satellite,14.6,20.8,841.0,0.729,Degraded,-1,1
SES-104529,2026-08-09 14:27:20+00:00,2026-08-09,iPhone 15 Pro,v18.2.1,GS-LEO-11,GS-CA-B,Emergency_SOS,13.53,49.8,805.0,0.6768,Degraded,-1,1
SES-118286,2026-08-18 03:28:56+00:00,2026-08-18,iPhone 15 Pro,v18.2.1,GS-LEO-04,GS-CA-B,FindMy_Ping,13.39,28.4,873.0,0.7336,Degraded,-1,1
SES-172730,2026-08-19 22:36:34+00:00,2026-08-19,iPhone 15 Pro,v18.2.0-b2,GS-LEO-10,GS-CA-B,Messages_Satellite,7.91,33.6,4359.0,0.025,Degraded,-1,1
SES-115266,2026-08-25 00:10:16+00:00,2026-08-25,iPhone 15 Pro,v18.2.0-b2,GS-LEO-10,GS-TX-A,FindMy_Ping,12.82,24.5,4344.0,0.2505,Degraded,-1,1
SES-190268,2026-08-17 16:16:12+00:00,2026-08-17,iPhone 15 Pro,v18.2.0-b2,GS-LEO-10,GS-CA-B,Messages_Satellite,13.58,62.1,4327.0,0.0164,Degraded,-1,1
SES-137751,2026-08-29 07:54:51+00:00,2026-08-29,iPhone 15 Pro,v18.2.0-b2,GS-LEO-10,GS-TX-A,FindMy_Ping,12.04,83.4,4313.0,0.0471,Degraded,-1,1
SES-116795,2026-08-27 05:23:29+00:00,2026-08-27,iPhone 15 Pro,v18.2.0-b2,GS-LEO-10,GS-CA-B,Messages_Satellite,6.09,44.1,4288.0,0.0291,Degraded,-1,1
SES-198486,2026-08-23 12:15:21+00:00,2026-08-23,iPhone 15 Pro,v18.2.0-b2,GS-LEO-10,GS-CA-B,Messages_Satellite,9.52,71.0,4212.0,0.0517,Degraded,-1,1
SES-194677,2026-08-24 14:58:58+00:00,2026-08-24,iPhone 15 Pro,v18.2.0-b2,GS-LEO-10,GS-FL-C,Messages_Satellite,14.77,53.7,4183.0,0.198,Degraded,-1,1
SES-142070,2026-08-17 10:14:19+00:00,2026-08-17,iPhone 15 Pro,v18.2.0-b2,GS-LEO-10,GS-TX-A,Roadside_Assistance,14.67,80.3,4034.0,0.049,Degraded,-1,1
SES-153177,2026-08-12 17:22:41+00:00,2026-08-12,iPhone 15 Pro,v18.2.0-b2,GS-LEO-10,GS-OR-D,Messages_Satellite,18.19,73.9,3893.0,0.0498,Degraded,-1,1
SES-113911,2026-08-16 16:18:42+00:00,2026-08-16,iPhone 15 Pro,v18.2.0-b2,GS-LEO-10,GS-CA-B,FindMy_Ping,10.48,62.5,3747.0,0.1887,Degraded,-1,1
SES-161518,2026-08-15 03:21:11+00:00,2026-08-15,iPhone 15 Pro,v18.2.0-b2,GS-LEO-10,GS-OR-D,Emergency_SOS,18.3,15.1,3268.0,0.1528,Degraded,-1,1
SES-197448,2026-08-22 00:47:39+00:00,2026-08-22,iPhone 15 Pro,v18.2.0-b2,GS-LEO-10,GS-CA-B,Messages_Satellite,13.1,41.8,2981.0,0.418,Degraded,-1,1
SES-188183,2026-08-23 04:36:54+00:00,2026-08-23,iPhone 15 Pro,v18.2.0-b2,GS-LEO-10,GS-CA-B,FindMy_Ping,13.55,44.5,2853.0,0.4376,Degraded,-1,1
SES-145574,2026-08-31 08:03:38+00:00,2026-08-31,iPhone 15 Pro,v18.2.0-b2,GS-LEO-10,GS-CA-B,Roadside_Assistance,10.34,53.9,2768.0,0.6295,Degraded,-1,1
SES-115682,2026-08-04 23:59:24+00:00,2026-08-04,iPhone 15 Pro,v18.2.1,GS-LEO-10,GS-CA-B,Messages_Satellite,10.23,47.6,993.0,0.6189,Degraded,-1,1
SES-180494,2026-08-19 17:57:47+00:00,2026-08-19,iPhone 15 Pro,v18.2.1,GS-LEO-10,GS-CA-B,Messages_Satellite,9.29,19.7,943.0,0.7353,Degraded,-1,1
SES-157413,2026-08-14 12:45:20+00:00,2026-08-14,iPhone 15 Pro,v18.1.0,GS-LEO-17,GS-CA-B,Messages_Satellite,9.94,30.0,999.0,0.6654,Degraded,-1,1
SES-112057,2026-08-11 23:42:24+00:00,2026-08-11,iPhone 16 Pro,v18.2.0-b2,GS-LEO-24,GS-OR-D,Messages_Satellite,10.16,31.5,4251.0,0.1517,Degraded,-1,1
SES-126837,2026-08-16 10:28:56+00:00,2026-08-16,iPhone 16 Pro,v18.2.0-b2,GS-LEO-24,GS-TX-A,Messages_Satellite,16.85,38.2,4249.0,0.1926,Degraded,-1,1
SES-175971,2026-08-26 21:11:47+00:00,2026-08-26,iPhone 16 Pro,v18.2.0-b2,GS-LEO-24,GS-CA-B,Messages_Satellite,12.16,53.1,4221.0,0.4651,Degraded,-1,1
SES-117337,2026-08-30 10:41:11+00:00,2026-08-30,iPhone 16 Pro,v18.2.0-b2,GS-LEO-24,GS-CA-B,Messages_Satellite,8.78,58.1,4201.0,0.4263,Degraded,-1,1
SES-167937,2026-08-12 14:10:06+00:00,2026-08-12,iPhone 16 Pro,v18.2.0-b2,GS-LEO-24,GS-CA-B,FindMy_Ping,15.31,77.2,4183.0,0.1288,Degraded,-1,1
SES-186251,2026-08-20 15:25:27+00:00,2026-08-20,iPhone 16 Pro,v18.2.0-b2,GS-LEO-24,GS-CA-B,Roadside_Assistance,12.71,75.8,4157.0,0.6891,Degraded,-1,1
SES-148125,2026-08-13 12:39:34+00:00,2026-08-13,iPhone 16 Pro,v18.1.0,GS-LEO-04,GS-CA-B,Messages_Satellite,9.19,46.6,919.0,0.6904,Degraded,-1,1
SES-166772,2026-08-12 17:57:49+00:00,2026-08-12,iPhone 16 Pro,v18.2.0-b2,GS-LEO-24,GS-OR-D,Messages_Satellite,10.52,77.0,4143.0,0.045,Degraded,-1,1
SES-165901,2026-08-23 11:51:29+00:00,2026-08-23,iPhone 16 Pro,v18.2.0-b2,GS-LEO-24,GS-CA-B,Messages_Satellite,14.5,81.5,4136.0,0.0982,Degraded,-1,1
SES-173014,2026-08-02 17:07:13+00:00,2026-08-02,iPhone 16 Pro,v18.2.0-b2,GS-LEO-24,GS-TX-A,Messages_Satellite,6.85,16.8,4127.0,0.1218,Degraded,-1,1
SES-117474,2026-08-06 08:00:54+00:00,2026-08-06,iPhone 16 Pro,v18.2.1,GS-LEO-01,GS-CA-B,Messages_Satellite,21.07,25.2,599.0,0.4579,Degraded,-1,1
SES-120174,2026-08-17 18:13:56+00:00,2026-08-17,iPhone 16 Pro,v18.2.0-b2,GS-LEO-24,GS-OR-D,Messages_Satellite,6.02,38.2,3980.0,0.0133,Degraded,-1,1
SES-148885,2026-08-25 14:51:50+00:00,2026-08-25,iPhone 16 Pro,v18.2.0-b2,GS-LEO-24,GS-CA-B,Roadside_Assistance,14.78,82.4,3924.0,0.4268,Degraded,-1,1
SES-129137,2026-08-06 09:41:52+00:00,2026-08-06,iPhone 16 Pro,v18.2.0-b2,GS-LEO-24,GS-OR-D,Emergency_SOS,11.58,79.6,3924.0,0.0363,Degraded,-1,1
SES-199921,2026-08-13 17:18:09+00:00,2026-08-13,iPhone 16 Pro,v18.2.0-b2,GS-LEO-24,GS-TX-A,Messages_Satellite,8.3,23.1,3615.0,0.1929,Degraded,-1,1
SES-120397,2026-08-02 19:31:00+00:00,2026-08-02,iPhone 16 Pro,v18.2.0-b2,GS-LEO-24,GS-OR-D,FindMy_Ping,15.75,16.0,3537.0,0.0067,Degraded,-1,1
SES-159852,2026-08-23 15:38:03+00:00,2026-08-23,iPhone 16 Pro,v18.2.0-b2,GS-LEO-24,GS-FL-C,Messages_Satellite,3.59,71.0,3477.0,0.013,Degraded,-1,1
SES-146539,2026-08-22 17:22:12+00:00,2026-08-22,iPhone 16 Pro,v18.2.0-b2,GS-LEO-24,GS-OR-D,Messages_Satellite,6.34,84.0,3253.0,0.1304,Degraded,-1,1
SES-192760,2026-08-28 18:32:34+00:00,2026-08-28,iPhone 16 Pro,v18.2.0-b2,GS-LEO-24,GS-CA-B,Messages_Satellite,7.01,20.7,2935.0,0.3871,Degraded,-1,1
SES-165001,2026-08-16 01:30:16+00:00,2026-08-16,iPhone 16 Pro,v18.2.0-b2,GS-LEO-24,GS-FL-C,FindMy_Ping,1.15,78.5,2933.0,0.145,Degraded,-1,1
SES-173949,2026-08-06 08:51:59+00:00,2026-08-06,iPhone 16 Pro,v18.2.0-b2,GS-LEO-24,GS-CA-B,Messages_Satellite,23.57,65.4,2920.0,0.0083,Degraded,-1,1
SES-110466,2026-08-03 13:08:04+00:00,2026-08-03,iPhone 16 Pro,v18.2.0-b2,GS-LEO-24,GS-TX-A,FindMy_Ping,3.22,70.5,2685.0,0.0059,Degraded,-1,1
SES-131053,2026-08-24 09:44:13+00:00,2026-08-24,iPhone 16 Pro,v18.2.0-b2,GS-LEO-24,GS-FL-C,Messages_Satellite,21.73,70.0,2600.0,0.0075,Degraded,-1,1
SES-100362,2026-08-17 15:29:04+00:00,2026-08-17,iPhone 16 Pro,v18.1.0,GS-LEO-24,GS-CA-B,Messages_Satellite,2.45,66.3,1170.0,0.4559,Degraded,-1,1
SES-162623,2026-08-15 00:59:04+00:00,2026-08-15,iPhone 16 Pro,v18.1.0,GS-LEO-10,GS-CA-B,Messages_Satellite,9.12,58.0,947.0,0.6105,Degraded,-1,1
SES-160655,2026-08-15 08:36:03+00:00,2026-08-15,iPhone 16 Pro,v18.2.0-b2,GS-LEO-24,GS-CA-B,FindMy_Ping,3.55,66.0,1143.0,0.5709,Degraded,-1,1
SES-187787,2026-08-30 08:01:14+00:00,2026-08-30,iPhone 16 Pro,v18.1.0,GS-LEO-04,GS-CA-B,Roadside_Assistance,14.18,38.1,909.0,0.7546,Degraded,-1,1
SES-150467,2026-08-26 04:35:39+00:00,2026-08-26,iPhone 16 Pro,v18.2.0-b2,GS-LEO-24,GS-CA-B,Roadside_Assistance,3.15,75.9,1108.0,0.7127,Degraded,-1,1
SES-108078,2026-08-20 21:59:16+00:00,2026-08-20,iPhone 16 Pro,v18.2.0-b2,GS-LEO-24,GS-CA-B,Emergency_SOS,7.34,75.6,1105.0,0.5802,Degraded,-1,1
SES-144037,2026-08-14 16:24:23+00:00,2026-08-14,iPhone 16 Pro,v18.2.0-b2,GS-LEO-24,GS-CA-B,FindMy_Ping,6.57,58.9,1082.0,0.5636,Degraded,-1,1
SES-150136,2026-08-02 10:25:10+00:00,2026-08-02,iPhone 16 Pro,v18.1.0,GS-LEO-24,GS-CA-B,Roadside_Assistance,3.59,20.7,1074.0,0.3959,Degraded,-1,1
SES-161735,2026-08-26 19:12:51+00:00,2026-08-26,iPhone 16 Pro,v18.1.0,GS-LEO-24,GS-CA-B,Roadside_Assistance,6.17,68.8,1071.0,0.6443,Degraded,-1,1
SES-167441,2026-08-24 09:43:35+00:00,2026-08-24,iPhone 16 Pro,v18.2.0-b2,GS-LEO-10,GS-CA-B,Emergency_SOS,10.34,45.2,970.0,0.7017,Degraded,-1,1
SES-116097,2026-08-29 15:46:33+00:00,2026-08-29,iPhone 16 Pro,v18.2.1,GS-LEO-24,GS-CA-B,Messages_Satellite,5.68,17.7,1042.0,0.5053,Degraded,-1,1
SES-128170,2026-08-15 05:53:15+00:00,2026-08-15,iPhone 16 Pro,v18.2.1,GS-LEO-10,GS-CA-B,FindMy_Ping,8.96,75.4,899.0,0.6976,Degraded,-1,1
SES-117737,2026-08-17 07:35:52+00:00,2026-08-17,iPhone 16 Pro,v18.2.1,GS-LEO-24,GS-CA-B,Emergency_SOS,5.81,15.3,1027.0,0.4584,Degraded,-1,1
SES-162761,2026-08-12 23:30:03+00:00,2026-08-12,iPhone 16 Pro,v18.2.0-b2,GS-LEO-04,GS-CA-B,FindMy_Ping,11.39,53.7,900.0,0.6652,Degraded,-1,1
SES-185991,2026-08-14 16:49:58+00:00,2026-08-14,iPhone 16 Pro,v18.2.1,GS-LEO-10,GS-CA-B,Messages_Satellite,7.09,76.5,1014.0,0.6925,Degraded,-1,1
SES-165691,2026-08-30 00:01:58+00:00,2026-08-30,iPhone 16 Pro,v18.1.0,GS-LEO-01,GS-CA-B,Messages_Satellite,20.78,76.8,720.0,0.4527,Degraded,-1,1
SES-146742,2026-08-04 02:57:35+00:00,2026-08-04,iPhone 16 Pro,v18.2.0-b2,GS-LEO-05,GS-CA-B,Messages_Satellite,7.38,44.5,1050.0,0.6102,Degraded,-1,1
SES-188802,2026-08-19 13:56:15+00:00,2026-08-19,iPhone 16 Pro,v18.2.1,GS-LEO-10,GS-CA-B,Roadside_Assistance,9.76,69.2,887.0,0.6914,Degraded,-1,1
SES-187185,2026-08-12 13:17:15+00:00,2026-08-12,iPhone 16 Pro,v18.2.0-b2,GS-LEO-24,GS-CA-B,Emergency_SOS,10.46,47.1,975.0,0.63,Degraded,-1,1
SES-197536,2026-08-08 08:45:38+00:00,2026-08-08,iPhone 16 Pro,v18.2.0-b2,GS-LEO-10,GS-CA-B,Messages_Satellite,7.99,51.1,1029.0,0.5901,Degraded,-1,1
SES-150521,2026-08-28 22:16:58+00:00,2026-08-28,iPhone 16 Pro,v18.2.1,GS-LEO-05,GS-CA-B,Messages_Satellite,3.77,82.2,1062.0,0.423,Degraded,-1,1
SES-121296,2026-08-27 23:06:43+00:00,2026-08-27,iPhone 16 Pro,v18.1.0,GS-LEO-01,GS-CA-B,Messages_Satellite,17.1,41.0,732.0,0.7543,Degraded,-1,1
SES-164783,2026-08-25 08:50:16+00:00,2026-08-25,iPhone 16 Pro,v18.1.0,GS-LEO-24,GS-CA-B,Messages_Satellite,8.47,70.2,950.0,0.6125,Degraded,-1,1
SES-140459,2026-08-04 08:03:09+00:00,2026-08-04,iPhone 16 Pro,v18.1.0,GS-LEO-10,GS-CA-B,Messages_Satellite,3.42,84.4,1111.0,0.5049,Degraded,-1,1
SES-135528,2026-08-23 15:33:40+00:00,2026-08-23,iPhone 16 Pro,v18.2.1,GS-LEO-05,GS-CA-B,Messages_Satellite,6.97,15.8,1088.0,0.3909,Degraded,-1,1
SES-127615,2026-08-25 22:08:41+00:00,2026-08-25,iPhone 16 Pro,v18.2.0-b2,GS-LEO-10,GS-CA-B,Messages_Satellite,17.79,63.3,2365.0,0.659,Degraded,-1,1
SES-187274,2026-08-24 08:43:06+00:00,2026-08-24,iPhone 16 Pro,v18.2.0-b2,GS-LEO-10,GS-CA-B,Messages_Satellite,21.9,73.2,2558.0,0.4793,Degraded,-1,1
SES-144163,2026-08-25 09:50:55+00:00,2026-08-25,iPhone 16 Pro,v18.2.1,GS-LEO-01,GS-CA-B,Roadside_Assistance,19.36,42.6,739.0,0.6474,Degraded,-1,1
SES-125112,2026-08-25 12:38:35+00:00,2026-08-25,iPhone 16 Pro,v18.1.0,GS-LEO-24,GS-CA-B,Messages_Satellite,9.11,83.2,934.0,0.6551,Degraded,-1,1
SES-186671,2026-08-06 21:44:17+00:00,2026-08-06,iPhone 16 Pro,v18.2.0-b2,GS-LEO-10,GS-FL-C,Emergency_SOS,22.32,31.4,3003.0,0.1,Degraded,-1,1
SES-199702,2026-08-18 09:16:41+00:00,2026-08-18,iPhone 16 Pro,v18.2.0-b2,GS-LEO-10,GS-CA-B,Messages_Satellite,10.31,69.9,3053.0,0.5976,Degraded,-1,1
SES-116794,2026-08-17 14:03:03+00:00,2026-08-17,iPhone 16 Pro,v18.2.0-b2,GS-LEO-10,GS-FL-C,Messages_Satellite,2.75,40.7,3301.0,0.0388,Degraded,-1,1
SES-179511,2026-08-17 02:52:03+00:00,2026-08-17,iPhone 16 Pro,v18.2.0-b2,GS-LEO-10,GS-OR-D,Messages_Satellite,8.37,80.0,3345.0,0.1817,Degraded,-1,1
SES-171149,2026-08-12 23:43:23+00:00,2026-08-12,iPhone 16 Pro,v18.2.0-b2,GS-LEO-10,GS-TX-A,FindMy_Ping,16.32,32.5,3487.0,0.194,Degraded,-1,1
SES-157872,2026-08-11 06:02:20+00:00,2026-08-11,iPhone 16 Pro,v18.2.0-b2,GS-LEO-10,GS-OR-D,Emergency_SOS,21.23,74.7,3505.0,0.0602,Degraded,-1,1
SES-177364,2026-08-30 15:50:36+00:00,2026-08-30,iPhone 16 Pro,v18.2.0-b2,GS-LEO-10,GS-OR-D,FindMy_Ping,19.68,47.9,3577.0,0.1126,Degraded,-1,1
SES-193770,2026-08-15 01:58:55+00:00,2026-08-15,iPhone 16 Pro,v18.2.0-b2,GS-LEO-10,GS-TX-A,Emergency_SOS,6.05,17.2,3579.0,0.2055,Degraded,-1,1
SES-195770,2026-08-12 00:09:32+00:00,2026-08-12,iPhone 16 Pro,v18.2.0-b2,GS-LEO-10,GS-FL-C,FindMy_Ping,10.81,78.3,3645.0,0.1448,Degraded,-1,1
SES-184119,2026-08-30 18:46:45+00:00,2026-08-30,iPhone 16 Pro,v18.2.0-b2,GS-LEO-10,GS-CA-B,FindMy_Ping,20.93,28.9,3681.0,0.1716,Degraded,-1,1
SES-171021,2026-08-20 02:45:41+00:00,2026-08-20,iPhone 16 Pro,v18.2.0-b2,GS-LEO-10,GS-FL-C,Roadside_Assistance,8.85,81.0,3809.0,0.0947,Degraded,-1,1
SES-190664,2026-08-15 21:53:37+00:00,2026-08-15,iPhone 16 Pro,v18.2.0-b2,GS-LEO-01,GS-CA-B,Roadside_Assistance,16.19,78.6,746.0,0.6799,Degraded,-1,1
SES-132496,2026-08-11 17:33:24+00:00,2026-08-11,iPhone 16 Pro,v18.2.0-b2,GS-LEO-10,GS-TX-A,Messages_Satellite,11.03,79.8,3893.0,0.0056,Degraded,-1,1
SES-182060,2026-08-25 12:10:28+00:00,2026-08-25,iPhone 16 Pro,v18.2.0-b2,GS-LEO-10,GS-CA-B,Messages_Satellite,15.5,63.4,3926.0,0.6539,Degraded,-1,1
SES-148145,2026-08-28 20:01:04+00:00,2026-08-28,iPhone 16 Pro,v18.2.0-b2,GS-LEO-10,GS-FL-C,Emergency_SOS,10.47,38.3,3993.0,0.1889,Degraded,-1,1
SES-106930,2026-08-29 20:13:17+00:00,2026-08-29,iPhone 16 Pro,v18.2.0-b2,GS-LEO-10,GS-TX-A,Messages_Satellite,16.79,83.3,4013.0,0.0239,Degraded,-1,1
SES-101181,2026-08-09 12:38:07+00:00,2026-08-09,iPhone 16 Pro,v18.2.0-b2,GS-LEO-10,GS-OR-D,FindMy_Ping,15.9,71.2,4055.0,0.0665,Degraded,-1,1
SES-141480,2026-08-16 09:01:03+00:00,2026-08-16,iPhone 16 Pro,v18.2.0-b2,GS-LEO-10,GS-TX-A,Messages_Satellite,18.1,74.4,4099.0,0.0725,Degraded,-1,1
SES-132782,2026-08-12 20:54:23+00:00,2026-08-12,iPhone 16 Pro,v18.2.0-b2,GS-LEO-10,GS-TX-A,Messages_Satellite,8.31,78.2,4128.0,0.0112,Degraded,-1,1
SES-172535,2026-08-20 13:25:18+00:00,2026-08-20,iPhone 16 Pro,v18.2.0-b2,GS-LEO-10,GS-CA-B,Messages_Satellite,14.24,32.0,4160.0,0.5186,Degraded,-1,1
SES-121717,2026-08-30 22:23:25+00:00,2026-08-30,iPhone 16 Pro,v18.2.0-b2,GS-LEO-10,GS-CA-B,Messages_Satellite,18.54,24.8,4185.0,0.0532,Degraded,-1,1
SES-148013,2026-08-03 13:08:57+00:00,2026-08-03,iPhone 16 Pro,v18.2.0-b2,GS-LEO-10,GS-CA-B,Messages_Satellite,9.38,33.5,4251.0,0.8614,Degraded,-1,1
SES-122185,2026-08-31 20:40:35+00:00,2026-08-31,iPhone 16 Pro,v18.2.0-b2,GS-LEO-10,GS-OR-D,FindMy_Ping,17.59,16.3,4262.0,0.0199,Degraded,-1,1
SES-151541,2026-08-30 01:40:52+00:00,2026-08-30,iPhone 16 Pro,v18.2.0-b2,GS-LEO-10,GS-FL-C,Roadside_Assistance,18.71,58.7,4288.0,0.0618,Degraded,-1,1
SES-179615,2026-08-07 19:19:43+00:00,2026-08-07,iPhone 16 Pro,v18.2.0-b2,GS-LEO-10,GS-TX-A,FindMy_Ping,7.74,36.9,4361.0,0.0852,Degraded,-1,1
SES-116245,2026-08-01 08:08:09+00:00,2026-08-01,iPhone 16 Pro,v18.2.0-b2,GS-LEO-10,GS-CA-B,Messages_Satellite,6.91,76.3,4503.0,0.0224,Degraded,-1,1
SES-193132,2026-08-15 13:53:40+00:00,2026-08-15,iPhone 16 Pro,v18.2.1,GS-LEO-11,GS-CA-B,Messages_Satellite,22.47,33.9,679.0,0.6575,Degraded,-1,1
SES-118116,2026-08-19 10:14:38+00:00,2026-08-19,iPhone 16 Pro,v18.1.0,GS-LEO-24,GS-CA-B,Roadside_Assistance,9.58,84.1,902.0,0.6367,Degraded,-1,1
SES-103303,2026-08-05 21:03:01+00:00,2026-08-05,iPhone 16 Pro,v18.2.1,GS-LEO-11,GS-CA-B,Messages_Satellite,18.63,81.7,709.0,0.5925,Degraded,-1,1
SES-122776,2026-08-12 20:57:57+00:00,2026-08-12,iPhone 16 Pro,v18.1.0,GS-LEO-24,GS-CA-B,Messages_Satellite,12.57,82.3,897.0,0.689,Degraded,-1,1
SES-114166,2026-08-23 06:05:51+00:00,2026-08-23,iPhone 16 Pro,v18.2.0-b2,GS-LEO-05,GS-CA-B,Messages_Satellite,19.2,84.8,2698.0,0.5951,Degraded,-1,1
SES-114140,2026-08-15 10:49:34+00:00,2026-08-15,iPhone 16 Pro,v18.2.0-b2,GS-LEO-11,GS-CA-B,FindMy_Ping,19.89,49.5,730.0,0.6776,Degraded,-1,1
SES-146456,2026-08-05 04:04:28+00:00,2026-08-05,iPhone 16 Pro,v18.2.1,GS-LEO-11,GS-CA-B,Messages_Satellite,18.66,16.7,734.0,0.5281,Degraded,-1,1
SES-179103,2026-08-05 00:53:35+00:00,2026-08-05,iPhone 16 Pro,v18.2.0-b2,GS-LEO-05,GS-FL-C,Messages_Satellite,0.74,60.4,3276.0,0.137,Degraded,-1,1
SES-106677,2026-08-10 23:36:47+00:00,2026-08-10,iPhone 16 Pro,v18.2.0-b2,GS-LEO-05,GS-CA-B,Messages_Satellite,16.63,75.8,3296.0,0.5953,Degraded,-1,1
SES-100969,2026-08-18 13:30:12+00:00,2026-08-18,iPhone 16 Pro,v18.2.0-b2,GS-LEO-05,GS-CA-B,Messages_Satellite,14.83,56.1,3547.0,0.5691,Degraded,-1,1
SES-185738,2026-08-20 01:50:41+00:00,2026-08-20,iPhone 16 Pro,v18.2.0-b2,GS-LEO-05,GS-FL-C,Messages_Satellite,10.67,54.7,3601.0,0.2418,Degraded,-1,1
SES-190348,2026-08-02 06:30:15+00:00,2026-08-02,iPhone 16 Pro,v18.2.0-b2,GS-LEO-05,GS-CA-B,FindMy_Ping,18.31,67.1,3613.0,0.1199,Degraded,-1,1
SES-158340,2026-08-29 00:28:28+00:00,2026-08-29,iPhone 16 Pro,v18.2.0-b2,GS-LEO-05,GS-CA-B,FindMy_Ping,12.99,62.6,3651.0,0.5446,Degraded,-1,1
SES-158764,2026-08-01 19:11:56+00:00,2026-08-01,iPhone 16 Pro,v18.2.0-b2,GS-LEO-11,GS-CA-B,Messages_Satellite,19.1,49.3,786.0,0.6468,Degraded,-1,1
SES-114645,2026-08-25 17:39:58+00:00,2026-08-25,iPhone 16 Pro,v18.2.0-b2,GS-LEO-05,GS-FL-C,Messages_Satellite,11.61,84.7,3734.0,0.0353,Degraded,-1,1
SES-145776,2026-08-05 23:31:16+00:00,2026-08-05,iPhone 16 Pro,v18.2.0-b2,GS-LEO-05,GS-OR-D,Roadside_Assistance,17.92,76.2,3734.0,0.1096,Degraded,-1,1
SES-188335,2026-08-08 14:05:09+00:00,2026-08-08,iPhone 16 Pro,v18.2.0-b2,GS-LEO-05,GS-TX-A,Messages_Satellite,18.95,51.3,3753.0,0.049,Degraded,-1,1
SES-174688,2026-08-10 06:01:54+00:00,2026-08-10,iPhone 16 Pro,v18.2.0-b2,GS-LEO-05,GS-TX-A,Roadside_Assistance,4.62,53.5,3882.0,0.0627,Degraded,-1,1
SES-169892,2026-08-01 08:38:42+00:00,2026-08-01,iPhone 16 Pro,v18.2.0-b2,GS-LEO-05,GS-OR-D,Roadside_Assistance,9.0,75.7,3975.0,0.0898,Degraded,-1,1
SES-189034,2026-08-09 18:40:03+00:00,2026-08-09,iPhone 16 Pro,v18.2.0-b2,GS-LEO-05,GS-CA-B,Messages_Satellite,13.08,68.5,3986.0,0.6445,Degraded,-1,1
SES-143452,2026-08-14 18:04:58+00:00,2026-08-14,iPhone 16 Pro,v18.2.0-b2,GS-LEO-05,GS-TX-A,Messages_Satellite,11.99,81.6,4024.0,0.1028,Degraded,-1,1
SES-175733,2026-08-25 23:15:07+00:00,2026-08-25,iPhone 16 Pro,v18.2.0-b2,GS-LEO-05,GS-TX-A,Emergency_SOS,8.9,70.4,4025.0,0.1583,Degraded,-1,1
SES-100660,2026-08-13 00:06:21+00:00,2026-08-13,iPhone 16 Pro,v18.2.0-b2,GS-LEO-05,GS-CA-B,Messages_Satellite,15.86,63.3,4027.0,0.0058,Degraded,-1,1
SES-148140,2026-08-22 12:54:43+00:00,2026-08-22,iPhone 16 Pro,v18.2.0-b2,GS-LEO-05,GS-FL-C,Emergency_SOS,17.79,25.8,4036.0,0.1353,Degraded,-1,1
SES-160698,2026-08-27 11:34:07+00:00,2026-08-27,iPhone 16 Pro,v18.2.0-b2,GS-LEO-05,GS-CA-B,FindMy_Ping,8.23,84.0,4078.0,0.0459,Degraded,-1,1
SES-183402,2026-08-01 07:27:29+00:00,2026-08-01,iPhone 16 Pro,v18.2.0-b2,GS-LEO-05,GS-TX-A,Messages_Satellite,12.36,81.6,4086.0,0.1182,Degraded,-1,1
SES-163021,2026-08-30 04:55:47+00:00,2026-08-30,iPhone 16 Pro,v18.2.0-b2,GS-LEO-01,GS-CA-B,FindMy_Ping,17.17,55.0,779.0,0.7946,Degraded,-1,1
SES-197794,2026-08-26 14:54:51+00:00,2026-08-26,iPhone 16 Pro,v18.2.0-b2,GS-LEO-05,GS-OR-D,FindMy_Ping,18.16,20.5,4100.0,0.0997,Degraded,-1,1
SES-131469,2026-08-10 07:49:25+00:00,2026-08-10,iPhone 16 Pro,v18.2.0-b2,GS-LEO-05,GS-TX-A,Emergency_SOS,15.43,15.4,4147.0,0.0589,Degraded,-1,1
SES-105848,2026-08-15 15:40:15+00:00,2026-08-15,iPhone 16 Pro,v18.2.0-b2,GS-LEO-05,GS-CA-B,Emergency_SOS,15.27,57.9,4230.0,0.0065,Degraded,-1,1
SES-176944,2026-08-13 19:27:07+00:00,2026-08-13,iPhone 16 Pro,v18.2.0-b2,GS-LEO-05,GS-CA-B,Messages_Satellite,11.57,27.4,4286.0,0.3833,Degraded,-1,1
SES-129905,2026-08-10 13:37:14+00:00,2026-08-10,iPhone 16 Pro,v18.2.0-b2,GS-LEO-05,GS-TX-A,Roadside_Assistance,7.81,55.6,4304.0,0.074,Degraded,-1,1
SES-122061,2026-08-01 16:18:07+00:00,2026-08-01,iPhone 16 Pro,v18.2.0-b2,GS-LEO-05,GS-FL-C,Messages_Satellite,6.27,56.8,4508.0,0.0091,Degraded,-1,1
SES-110772,2026-08-28 14:44:56+00:00,2026-08-28,iPhone 16 Pro,v18.2.0-b2,GS-LEO-05,GS-FL-C,FindMy_Ping,3.55,39.0,4591.0,0.0164,Degraded,-1,1
SES-103821,2026-08-09 06:11:12+00:00,2026-08-09,iPhone 16 Pro,v18.1.0,GS-LEO-24,GS-CA-B,Messages_Satellite,13.26,76.1,823.0,0.7546,Degraded,-1,1
SES-174540,2026-08-23 03:13:09+00:00,2026-08-23,iPhone 16 Pro,v18.1.0,GS-LEO-11,GS-CA-B,Roadside_Assistance,11.62,84.5,854.0,0.6861,Degraded,-1,1
SES-125442,2026-08-03 05:14:11+00:00,2026-08-03,iPhone 16 Pro,v18.1.0,GS-LEO-24,GS-CA-B,FindMy_Ping,15.51,17.6,807.0,0.7031,Degraded,-1,1
SES-109041,2026-08-10 23:46:48+00:00,2026-08-10,iPhone 16 Pro,v18.1.0,GS-LEO-11,GS-CA-B,Messages_Satellite,12.02,39.3,863.0,0.6921,Degraded,-1,1
SES-187495,2026-08-22 21:59:33+00:00,2026-08-22,iPhone 16 Pro,v18.2.1,GS-LEO-24,GS-CA-B,Emergency_SOS,14.86,17.1,802.0,0.6071,Degraded,-1,1
SES-131582,2026-08-09 09:52:23+00:00,2026-08-09,iPhone 16 Pro,v18.2.0-b2,GS-LEO-24,GS-CA-B,Messages_Satellite,15.43,42.2,789.0,0.6733,Degraded,-1,1
SES-176086,2026-08-01 02:07:04+00:00,2026-08-01,iPhone 16 Pro,v18.2.0-b2,GS-LEO-04,GS-CA-B,FindMy_Ping,8.93,58.3,944.0,0.6532,Degraded,-1,1
SES-150869,2026-08-19 14:18:58+00:00,2026-08-19,iPhone 16 Pro,v18.2.1,GS-LEO-10,GS-CA-B,Messages_Satellite,17.6,42.6,812.0,0.685,Degraded,-1,1
SES-150951,2026-08-22 02:18:07+00:00,2026-08-22,iPhone 16 Pro,v18.2.1,GS-LEO-24,GS-CA-B,Roadside_Assistance,18.43,77.2,705.0,0.6803,Degraded,-1,1
SES-111111,2026-08-12 05:58:37+00:00,2026-08-12,iPhone 16 Pro,v18.1.0,GS-LEO-11,GS-CA-B,Messages_Satellite,8.88,58.1,921.0,0.733,Degraded,-1,1
SES-193681,2026-08-03 00:39:29+00:00,2026-08-03,iPhone 16 Pro,v18.2.1,GS-LEO-24,GS-CA-B,Messages_Satellite,22.83,84.3,609.0,0.5888,Degraded,-1,1
SES-110671,2026-08-27 18:44:38+00:00,2026-08-27,iPhone 16 Pro,v18.1.0,GS-LEO-24,GS-FL-C,Emergency_SOS,23.96,34.0,534.0,0.3045,Degraded,-1,1
SES-173041,2026-08-05 10:49:16+00:00,2026-08-05,iPhone 16 Pro,v18.2.0-b2,GS-LEO-23,GS-OR-D,FindMy_Ping,5.5,80.8,4422.0,0.1946,Degraded,-1,1
SES-192427,2026-08-16 09:42:28+00:00,2026-08-16,iPhone 16 Pro,v18.2.0-b2,GS-LEO-23,GS-CA-B,Messages_Satellite,7.85,71.2,4412.0,0.2292,Degraded,-1,1
SES-100316,2026-08-10 21:58:45+00:00,2026-08-10,iPhone 16 Pro,v18.2.0-b2,GS-LEO-23,GS-FL-C,Messages_Satellite,13.21,79.6,4358.0,0.1475,Degraded,-1,1
SES-172602,2026-08-12 14:54:59+00:00,2026-08-12,iPhone 16 Pro,v18.2.0-b2,GS-LEO-23,GS-FL-C,Emergency_SOS,12.68,77.8,4330.0,0.1202,Degraded,-1,1
SES-159019,2026-08-14 23:15:22+00:00,2026-08-14,iPhone 16 Pro,v18.2.0-b2,GS-LEO-23,GS-TX-A,FindMy_Ping,15.1,62.8,4215.0,0.0554,Degraded,-1,1
SES-138060,2026-08-30 00:24:52+00:00,2026-08-30,iPhone 16 Pro,v18.2.1,GS-LEO-05,GS-CA-B,Emergency_SOS,10.18,53.1,956.0,0.667,Degraded,-1,1
SES-150873,2026-08-28 00:07:23+00:00,2026-08-28,iPhone 16 Pro,v18.2.0-b2,GS-LEO-23,GS-CA-B,Messages_Satellite,16.17,85.0,4206.0,0.0317,Degraded,-1,1
SES-183031,2026-08-06 19:02:26+00:00,2026-08-06,iPhone 16 Pro,v18.2.0-b2,GS-LEO-23,GS-TX-A,Messages_Satellite,4.49,37.6,4193.0,0.0825,Degraded,-1,1
SES-121970,2026-08-26 11:33:12+00:00,2026-08-26,iPhone 16 Pro,v18.2.0-b2,GS-LEO-23,GS-TX-A,FindMy_Ping,15.99,70.1,4138.0,0.0037,Degraded,-1,1
SES-184268,2026-08-02 22:11:33+00:00,2026-08-02,iPhone 16 Pro,v18.2.0-b2,GS-LEO-23,GS-FL-C,Emergency_SOS,11.18,73.2,4130.0,0.0278,Degraded,-1,1
SES-124242,2026-08-15 07:40:57+00:00,2026-08-15,iPhone 16 Pro,v18.2.0-b2,GS-LEO-23,GS-TX-A,Emergency_SOS,4.38,67.6,4126.0,0.0418,Degraded,-1,1
SES-122924,2026-08-27 05:27:46+00:00,2026-08-27,iPhone 16 Pro,v18.2.0-b2,GS-LEO-23,GS-CA-B,FindMy_Ping,12.96,73.1,4126.0,0.217,Degraded,-1,1
SES-113164,2026-08-09 21:44:08+00:00,2026-08-09,iPhone 16 Pro,v18.2.0-b2,GS-LEO-23,GS-OR-D,Messages_Satellite,15.15,56.8,4114.0,0.0023,Degraded,-1,1
SES-105697,2026-08-27 08:19:51+00:00,2026-08-27,iPhone 16 Pro,v18.2.0-b2,GS-LEO-23,GS-OR-D,FindMy_Ping,5.56,60.9,4103.0,0.046,Degraded,-1,1
SES-157231,2026-08-07 04:10:49+00:00,2026-08-07,iPhone 16 Pro,v18.2.0-b2,GS-LEO-23,GS-CA-B,Messages_Satellite,8.94,78.7,4038.0,0.0649,Degraded,-1,1
SES-148831,2026-08-13 08:54:48+00:00,2026-08-13,iPhone 16 Pro,v18.2.0-b2,GS-LEO-23,GS-FL-C,FindMy_Ping,15.14,64.5,3917.0,0.1017,Degraded,-1,1
SES-144303,2026-08-10 08:27:05+00:00,2026-08-10,iPhone 16 Pro,v18.2.0-b2,GS-LEO-23,GS-OR-D,FindMy_Ping,8.29,59.8,3902.0,0.1533,Degraded,-1,1
SES-109747,2026-08-06 09:01:33+00:00,2026-08-06,iPhone 16 Pro,v18.2.0-b2,GS-LEO-23,GS-CA-B,Messages_Satellite,11.53,28.5,3823.0,0.5084,Degraded,-1,1
SES-102092,2026-08-05 16:47:37+00:00,2026-08-05,iPhone 16 Pro,v18.2.0-b2,GS-LEO-23,GS-CA-B,FindMy_Ping,18.05,69.7,3817.0,0.085,Degraded,-1,1
SES-111192,2026-08-01 01:24:36+00:00,2026-08-01,iPhone 16 Pro,v18.2.0-b2,GS-LEO-23,GS-TX-A,FindMy_Ping,18.58,58.7,3741.0,0.0363,Degraded,-1,1
SES-103787,2026-08-13 20:59:41+00:00,2026-08-13,iPhone 16 Pro,v18.2.0-b2,GS-LEO-23,GS-CA-B,Emergency_SOS,17.56,67.1,3719.0,0.0806,Degraded,-1,1
SES-128541,2026-08-01 21:58:53+00:00,2026-08-01,iPhone 16 Pro,v18.2.0-b2,GS-LEO-23,GS-FL-C,Messages_Satellite,1.48,73.5,3714.0,0.0311,Degraded,-1,1
SES-197022,2026-08-16 21:15:50+00:00,2026-08-16,iPhone 16 Pro,v18.2.0-b2,GS-LEO-23,GS-OR-D,Emergency_SOS,12.87,15.7,3633.0,0.1676,Degraded,-1,1
SES-193817,2026-08-30 00:31:52+00:00,2026-08-30,iPhone 16 Pro,v18.2.0-b2,GS-LEO-23,GS-CA-B,Messages_Satellite,6.5,16.6,3478.0,0.4166,Degraded,-1,1
SES-192032,2026-08-29 13:13:41+00:00,2026-08-29,iPhone 16 Pro,v18.2.0-b2,GS-LEO-23,GS-CA-B,Roadside_Assistance,10.09,44.1,3087.0,0.5377,Degraded,-1,1
SES-106893,2026-08-30 15:16:02+00:00,2026-08-30,iPhone 16 Pro,v18.2.0-b2,GS-LEO-23,GS-CA-B,Roadside_Assistance,15.75,78.6,2942.0,0.6358,Degraded,-1,1
SES-163109,2026-08-12 14:30:36+00:00,2026-08-12,iPhone 16 Pro,v18.2.0-b2,GS-LEO-23,GS-CA-B,Messages_Satellite,8.69,65.0,2907.0,0.4538,Degraded,-1,1
SES-141679,2026-08-23 09:53:03+00:00,2026-08-23,iPhone 16 Pro,v18.2.0-b2,GS-LEO-23,GS-FL-C,FindMy_Ping,23.2,84.2,2871.0,0.0518,Degraded,-1,1
SES-183851,2026-08-22 17:26:40+00:00,2026-08-22,iPhone 16 Pro,v18.2.0-b2,GS-LEO-23,GS-CA-B,Messages_Satellite,14.16,34.3,2671.0,0.4445,Degraded,-1,1
SES-153003,2026-08-24 01:42:38+00:00,2026-08-24,iPhone 16 Pro,v18.2.1,GS-LEO-11,GS-CA-B,Roadside_Assistance,10.7,35.9,960.0,0.6436,Degraded,-1,1
SES-180211,2026-08-06 16:36:30+00:00,2026-08-06,iPhone 16 Pro,v18.2.1,GS-LEO-23,GS-CA-B,Messages_Satellite,6.24,84.0,1089.0,0.6837,Degraded,-1,1
SES-148800,2026-08-14 14:55:55+00:00,2026-08-14,iPhone 16 Pro,v18.1.0,GS-LEO-23,GS-CA-B,Messages_Satellite,8.07,83.7,1086.0,0.626,Degraded,-1,1
SES-121332,2026-08-10 01:36:18+00:00,2026-08-10,iPhone 16 Pro,v18.2.1,GS-LEO-23,GS-CA-B,FindMy_Ping,7.17,69.5,1075.0,0.7245,Degraded,-1,1
SES-105397,2026-08-18 11:47:15+00:00,2026-08-18,iPhone 16 Pro,v18.2.1,GS-LEO-23,GS-CA-B,Emergency_SOS,6.44,21.6,1069.0,0.4681,Degraded,-1,1
SES-170395,2026-08-22 00:37:34+00:00,2026-08-22,iPhone 16 Pro,v18.2.1,GS-LEO-06,GS-CA-B,Roadside_Assistance,15.61,75.0,780.0,0.9086,Degraded,-1,1
SES-194705,2026-08-02 08:08:10+00:00,2026-08-02,iPhone 16 Pro,v18.2.1,GS-LEO-06,GS-CA-B,Messages_Satellite,15.77,63.8,780.0,0.7134,Degraded,-1,1
SES-119033,2026-08-15 02:20:29+00:00,2026-08-15,iPhone 16 Pro,v18.1.0,GS-LEO-11,GS-CA-B,Roadside_Assistance,8.43,25.8,997.0,0.6096,Degraded,-1,1
SES-125511,2026-08-25 06:45:55+00:00,2026-08-25,iPhone 16 Pro,v18.2.0-b2,GS-LEO-11,GS-CA-B,Emergency_SOS,10.41,38.4,1006.0,0.6855,Degraded,-1,1
SES-162458,2026-08-15 02:19:52+00:00,2026-08-15,iPhone 16 Pro,v18.2.0-b2,GS-LEO-11,GS-CA-B,Emergency_SOS,7.61,42.9,1010.0,0.6475,Degraded,-1,1
SES-111378,2026-08-30 08:58:23+00:00,2026-08-30,iPhone 16 Pro,v18.2.1,GS-LEO-04,GS-CA-B,Roadside_Assistance,8.5,21.7,957.0,0.8232,Degraded,-1,1
SES-135556,2026-08-12 18:46:50+00:00,2026-08-12,iPhone 16 Pro,v18.2.1,GS-LEO-23,GS-CA-B,Roadside_Assistance,8.41,45.2,994.0,0.6709,Degraded,-1,1
SES-197851,2026-08-18 23:55:40+00:00,2026-08-18,iPhone 16 Pro,v18.1.0,GS-LEO-23,GS-CA-B,Emergency_SOS,7.15,43.2,988.0,0.6137,Degraded,-1,1
SES-103034,2026-08-29 00:39:32+00:00,2026-08-29,iPhone 16 Pro,v18.1.0,GS-LEO-11,GS-CA-B,Messages_Satellite,6.67,66.5,1054.0,0.6791,Degraded,-1,1
SES-195262,2026-08-02 01:46:51+00:00,2026-08-02,iPhone 16 Pro,v18.1.0,GS-LEO-11,GS-CA-B,FindMy_Ping,5.95,84.3,1060.0,0.6503,Degraded,-1,1
SES-172340,2026-08-23 23:44:46+00:00,2026-08-23,iPhone 16 Pro,v18.2.0-b2,GS-LEO-23,GS-CA-B,Emergency_SOS,13.94,65.3,975.0,0.7178,Degraded,-1,1
SES-174647,2026-08-01 23:38:53+00:00,2026-08-01,iPhone 16 Pro,v18.1.0,GS-LEO-11,GS-CA-B,Messages_Satellite,6.13,70.3,1072.0,0.7831,Degraded,-1,1
SES-129776,2026-08-08 13:49:23+00:00,2026-08-08,iPhone 16 Pro,v18.1.0,GS-LEO-11,GS-OR-D,Messages_Satellite,1.45,23.3,1206.0,0.2568,Degraded,-1,1
SES-183805,2026-08-17 22:28:01+00:00,2026-08-17,iPhone 16 Pro,v18.2.0-b2,GS-LEO-11,GS-FL-C,Messages_Satellite,15.21,84.9,2962.0,0.0096,Degraded,-1,1
SES-130555,2026-08-18 20:08:36+00:00,2026-08-18,iPhone 16 Pro,v18.2.1,GS-LEO-10,GS-CA-B,Messages_Satellite,18.57,27.0,739.0,0.7275,Degraded,-1,1
SES-149008,2026-08-13 01:12:38+00:00,2026-08-13,iPhone 16 Pro,v18.2.0-b2,GS-LEO-11,GS-TX-A,Roadside_Assistance,3.57,32.1,3261.0,0.1783,Degraded,-1,1
SES-186328,2026-08-03 04:12:08+00:00,2026-08-03,iPhone 16 Pro,v18.2.0-b2,GS-LEO-11,GS-FL-C,Messages_Satellite,20.35,53.8,3392.0,0.0063,Degraded,-1,1
SES-188501,2026-08-21 23:35:48+00:00,2026-08-21,iPhone 16 Pro,v18.2.0-b2,GS-LEO-11,GS-OR-D,Messages_Satellite,5.92,77.3,3916.0,0.1757,Degraded,-1,1
SES-192648,2026-08-25 13:54:32+00:00,2026-08-25,iPhone 16 Pro,v18.2.0-b2,GS-LEO-11,GS-OR-D,FindMy_Ping,17.21,55.6,3986.0,0.0156,Degraded,-1,1
SES-129951,2026-08-18 07:03:31+00:00,2026-08-18,iPhone 16 Pro,v18.2.0-b2,GS-LEO-11,GS-OR-D,Roadside_Assistance,19.57,48.8,3994.0,0.0127,Degraded,-1,1
SES-137547,2026-08-23 09:37:26+00:00,2026-08-23,iPhone 16 Pro,v18.2.0-b2,GS-LEO-11,GS-FL-C,FindMy_Ping,10.53,81.7,4001.0,0.0329,Degraded,-1,1
SES-137888,2026-08-15 13:41:48+00:00,2026-08-15,iPhone 16 Pro,v18.2.0-b2,GS-LEO-11,GS-OR-D,Messages_Satellite,15.33,46.6,4030.0,0.243,Degraded,-1,1
SES-137738,2026-08-15 10:48:14+00:00,2026-08-15,iPhone 16 Pro,v18.2.0-b2,GS-LEO-11,GS-CA-B,Messages_Satellite,8.32,68.5,4111.0,0.1241,Degraded,-1,1
SES-165154,2026-08-22 02:59:56+00:00,2026-08-22,iPhone 16 Pro,v18.2.0-b2,GS-LEO-11,GS-OR-D,FindMy_Ping,14.97,48.4,4112.0,0.1394,Degraded,-1,1
SES-159003,2026-08-12 07:02:52+00:00,2026-08-12,iPhone 16 Pro,v18.2.0-b2,GS-LEO-11,GS-FL-C,Messages_Satellite,15.18,50.6,4113.0,0.1318,Degraded,-1,1
SES-134952,2026-08-25 23:10:04+00:00,2026-08-25,iPhone 16 Pro,v18.2.0-b2,GS-LEO-11,GS-OR-D,Messages_Satellite,9.8,81.5,4137.0,0.0542,Degraded,-1,1
SES-115783,2026-08-08 17:09:34+00:00,2026-08-08,iPhone 16 Pro,v18.2.0-b2,GS-LEO-11,GS-OR-D,FindMy_Ping,8.59,76.3,4144.0,0.0784,Degraded,-1,1
SES-157335,2026-08-14 03:08:07+00:00,2026-08-14,iPhone 16 Pro,v18.2.0-b2,GS-LEO-11,GS-FL-C,Messages_Satellite,17.99,72.1,4166.0,0.0165,Degraded,-1,1
SES-159563,2026-08-11 21:27:01+00:00,2026-08-11,iPhone 16 Pro,v18.2.0-b2,GS-LEO-11,GS-FL-C,Messages_Satellite,7.82,77.4,4171.0,0.0143,Degraded,-1,1
SES-110558,2026-08-21 12:53:25+00:00,2026-08-21,iPhone 16 Pro,v18.2.0-b2,GS-LEO-11,GS-OR-D,Emergency_SOS,9.85,59.3,4202.0,0.1311,Degraded,-1,1
SES-187190,2026-08-07 10:30:29+00:00,2026-08-07,iPhone 16 Pro,v18.2.0-b2,GS-LEO-11,GS-OR-D,Roadside_Assistance,17.18,18.4,4269.0,0.0652,Degraded,-1,1
SES-183743,2026-08-18 11:05:30+00:00,2026-08-18,iPhone 16 Pro,v18.2.0-b2,GS-LEO-11,GS-CA-B,Emergency_SOS,5.63,39.8,4281.0,0.1289,Degraded,-1,1
SES-112486,2026-08-01 07:30:56+00:00,2026-08-01,iPhone 16 Pro,v18.2.0-b2,GS-LEO-11,GS-CA-B,FindMy_Ping,7.1,34.8,4375.0,0.6957,Degraded,-1,1
SES-184512,2026-08-04 06:27:00+00:00,2026-08-04,iPhone 16 Pro,v18.2.1,GS-LEO-12,GS-CA-B,Messages_Satellite,19.56,77.4,706.0,0.7827,Degraded,-1,1
SES-180961,2026-08-27 03:45:42+00:00,2026-08-27,iPhone 16 Pro,v18.1.0,GS-LEO-04,GS-CA-B,Roadside_Assistance,16.63,61.3,782.0,0.6647,Degraded,-1,1
SES-197393,2026-08-26 09:25:07+00:00,2026-08-26,iPhone 16 Pro,v18.2.1,GS-LEO-06,GS-CA-B,Messages_Satellite,12.67,33.8,828.0,0.6704,Degraded,-1,1
SES-126402,2026-08-21 12:42:03+00:00,2026-08-21,iPhone 16 Pro,v18.2.1,GS-LEO-23,GS-CA-B,Emergency_SOS,14.7,18.9,884.0,0.7248,Degraded,-1,1
SES-116168,2026-08-12 12:03:40+00:00,2026-08-12,iPhone 16 Pro,v18.1.0,GS-LEO-10,GS-CA-B,Emergency_SOS,23.99,73.1,584.0,0.5327,Degraded,-1,1
SES-186182,2026-08-27 08:31:19+00:00,2026-08-27,iPhone 16 Pro,v18.1.0,GS-LEO-05,GS-CA-B,Roadside_Assistance,9.44,26.7,939.0,0.6046,Degraded,-1,1
SES-144190,2026-08-28 04:04:19+00:00,2026-08-28,iPhone 16 Pro,v18.2.0-b2,GS-LEO-09,GS-CA-B,FindMy_Ping,5.3,40.6,4545.0,0.1048,Degraded,-1,1
SES-124926,2026-08-13 20:09:19+00:00,2026-08-13,iPhone 16 Pro,v18.2.0-b2,GS-LEO-09,GS-OR-D,Messages_Satellite,5.49,40.3,4527.0,0.0259,Degraded,-1,1
SES-193407,2026-08-17 14:25:17+00:00,2026-08-17,iPhone 16 Pro,v18.2.0-b2,GS-LEO-09,GS-TX-A,Roadside_Assistance,8.71,55.3,4458.0,0.0207,Degraded,-1,1
SES-158012,2026-08-22 02:10:42+00:00,2026-08-22,iPhone 16 Pro,v18.2.0-b2,GS-LEO-09,GS-OR-D,Messages_Satellite,7.52,34.9,4434.0,0.0631,Degraded,-1,1
SES-190110,2026-08-15 05:50:52+00:00,2026-08-15,iPhone 16 Pro,v18.2.0-b2,GS-LEO-09,GS-FL-C,Messages_Satellite,2.75,30.3,4431.0,0.1197,Degraded,-1,1
SES-146572,2026-08-28 23:34:45+00:00,2026-08-28,iPhone 16 Pro,v18.2.0-b2,GS-LEO-09,GS-OR-D,Roadside_Assistance,9.5,83.4,4423.0,0.0479,Degraded,-1,1
SES-161690,2026-08-29 04:46:57+00:00,2026-08-29,iPhone 16 Pro,v18.2.0-b2,GS-LEO-09,GS-FL-C,Messages_Satellite,10.06,42.0,4390.0,0.1829,Degraded,-1,1
SES-104511,2026-08-03 06:10:36+00:00,2026-08-03,iPhone 16 Pro,v18.2.0-b2,GS-LEO-09,GS-TX-A,Messages_Satellite,14.18,17.0,4321.0,0.0141,Degraded,-1,1
SES-141811,2026-08-27 09:56:05+00:00,2026-08-27,iPhone 16 Pro,v18.2.0-b2,GS-LEO-09,GS-FL-C,Emergency_SOS,5.44,42.5,4239.0,0.0562,Degraded,-1,1
SES-168637,2026-08-28 00:26:29+00:00,2026-08-28,iPhone 16 Pro,v18.2.0-b2,GS-LEO-09,GS-TX-A,Messages_Satellite,6.59,77.6,4165.0,0.1859,Degraded,-1,1
SES-191342,2026-08-08 09:56:04+00:00,2026-08-08,iPhone 16 Pro,v18.2.0-b2,GS-LEO-09,GS-FL-C,Messages_Satellite,13.27,24.2,4156.0,0.1464,Degraded,-1,1
SES-135404,2026-08-17 00:01:33+00:00,2026-08-17,iPhone 16 Pro,v18.2.0-b2,GS-LEO-09,GS-TX-A,Roadside_Assistance,15.5,75.3,4113.0,0.0639,Degraded,-1,1
SES-143735,2026-08-21 08:20:16+00:00,2026-08-21,iPhone 16 Pro,v18.2.0-b2,GS-LEO-09,GS-TX-A,Emergency_SOS,21.28,44.0,4013.0,0.0922,Degraded,-1,1
SES-186718,2026-08-02 02:21:54+00:00,2026-08-02,iPhone 16 Pro,v18.2.0-b2,GS-LEO-09,GS-OR-D,FindMy_Ping,5.53,68.1,3987.0,0.0397,Degraded,-1,1
SES-196131,2026-08-11 19:33:41+00:00,2026-08-11,iPhone 16 Pro,v18.2.0-b2,GS-LEO-09,GS-TX-A,Roadside_Assistance,6.41,67.2,3981.0,0.0254,Degraded,-1,1
SES-191879,2026-08-17 17:46:41+00:00,2026-08-17,iPhone 16 Pro,v18.2.0-b2,GS-LEO-09,GS-FL-C,Roadside_Assistance,13.83,84.1,3977.0,0.0215,Degraded,-1,1
SES-109798,2026-08-23 05:24:30+00:00,2026-08-23,iPhone 16 Pro,v18.2.0-b2,GS-LEO-09,GS-OR-D,Messages_Satellite,21.35,72.8,3913.0,0.0923,Degraded,-1,1
SES-137614,2026-08-16 03:43:56+00:00,2026-08-16,iPhone 16 Pro,v18.2.0-b2,GS-LEO-09,GS-FL-C,Emergency_SOS,4.44,56.3,3869.0,0.037,Degraded,-1,1
SES-121505,2026-08-21 00:09:37+00:00,2026-08-21,iPhone 16 Pro,v18.2.0-b2,GS-LEO-09,GS-CA-B,Roadside_Assistance,7.01,71.3,3867.0,0.0234,Degraded,-1,1
SES-163413,2026-08-27 22:21:16+00:00,2026-08-27,iPhone 16 Pro,v18.2.0-b2,GS-LEO-09,GS-OR-D,Messages_Satellite,16.84,65.0,3764.0,0.0055,Degraded,-1,1
SES-187300,2026-08-09 01:25:37+00:00,2026-08-09,iPhone 16 Pro,v18.2.0-b2,GS-LEO-09,GS-TX-A,Messages_Satellite,14.86,81.7,3664.0,0.1058,Degraded,-1,1
SES-113488,2026-08-12 20:59:45+00:00,2026-08-12,iPhone 16 Pro,v18.2.0-b2,GS-LEO-09,GS-FL-C,Messages_Satellite,4.67,16.0,3538.0,0.048,Degraded,-1,1
SES-179899,2026-08-25 05:32:01+00:00,2026-08-25,iPhone 16 Pro,v18.2.0-b2,GS-LEO-09,GS-FL-C,FindMy_Ping,20.29,24.0,3517.0,0.2051,Degraded,-1,1
SES-143930,2026-08-31 14:32:25+00:00,2026-08-31,iPhone 16 Pro,v18.2.0-b2,GS-LEO-05,GS-CA-B,FindMy_Ping,11.11,62.4,936.0,0.6881,Degraded,-1,1
SES-165164,2026-08-13 20:26:48+00:00,2026-08-13,iPhone 16 Pro,v18.2.0-b2,GS-LEO-12,GS-CA-B,Messages_Satellite,16.33,76.7,847.0,0.7635,Degraded,-1,1
SES-167164,2026-08-08 12:17:26+00:00,2026-08-08,iPhone 16 Pro,v18.2.0-b2,GS-LEO-09,GS-CA-B,FindMy_Ping,9.61,22.3,3427.0,0.2392,Degraded,-1,1
SES-175598,2026-08-19 02:45:41+00:00,2026-08-19,iPhone 16 Pro,v18.2.0-b2,GS-LEO-09,GS-FL-C,Messages_Satellite,3.83,79.3,3293.0,0.0847,Degraded,-1,1
SES-138328,2026-08-15 23:21:37+00:00,2026-08-15,iPhone 16 Pro,v18.2.1,GS-LEO-12,GS-CA-B,Messages_Satellite,14.01,31.9,856.0,0.6904,Degraded,-1,1
SES-182297,2026-08-05 01:08:31+00:00,2026-08-05,iPhone 16 Pro,v18.2.1,GS-LEO-23,GS-CA-B,FindMy_Ping,16.6,72.8,828.0,0.6903,Degraded,-1,1
SES-177844,2026-08-01 12:25:33+00:00,2026-08-01,iPhone 16 Pro,v18.2.0-b2,GS-LEO-09,GS-OR-D,Emergency_SOS,21.71,82.8,2413.0,0.0778,Acceptable,-1,1
SES-171161,2026-08-01 23:24:32+00:00,2026-08-01,iPhone 16 Pro,v18.2.1,GS-LEO-12,GS-CA-B,Messages_Satellite,13.04,83.5,886.0,0.6245,Degraded,-1,1
SES-118725,2026-08-28 02:25:22+00:00,2026-08-28,iPhone 16 Pro,v18.2.1,GS-LEO-23,GS-CA-B,FindMy_Ping,15.45,32.7,793.0,0.7164,Degraded,-1,1
SES-168552,2026-08-01 01:25:51+00:00,2026-08-01,iPhone 16 Pro,v18.2.0-b2,GS-LEO-09,GS-CA-B,Roadside_Assistance,8.7,72.1,1126.0,0.7054,Degraded,-1,1
SES-188398,2026-08-22 03:17:12+00:00,2026-08-22,iPhone 16 Pro,v18.1.0,GS-LEO-09,GS-CA-B,Messages_Satellite,5.76,57.8,1112.0,0.6881,Degraded,-1,1
SES-185442,2026-08-03 13:17:49+00:00,2026-08-03,iPhone 16 Pro,v18.2.0-b2,GS-LEO-06,GS-CA-B,Emergency_SOS,13.07,45.8,868.0,0.7142,Degraded,-1,1
SES-158022,2026-08-07 02:27:05+00:00,2026-08-07,iPhone 16 Pro,v18.2.0-b2,GS-LEO-23,GS-CA-B,Messages_Satellite,16.94,32.0,722.0,0.6869,Degraded,-1,1
SES-181349,2026-08-04 12:34:17+00:00,2026-08-04,iPhone 16 Pro,v18.2.1,GS-LEO-04,GS-CA-B,Roadside_Assistance,18.8,28.0,715.0,0.6639,Degraded,-1,1
SES-162268,2026-08-26 13:16:27+00:00,2026-08-26,iPhone 16 Pro,v18.2.1,GS-LEO-04,GS-CA-B,FindMy_Ping,17.65,44.3,713.0,0.6623,Degraded,-1,1
SES-125436,2026-08-08 03:51:02+00:00,2026-08-08,iPhone 16 Pro,v18.2.0-b2,GS-LEO-23,GS-CA-B,FindMy_Ping,17.23,48.1,704.0,0.6228,Degraded,-1,1
SES-176550,2026-08-25 10:19:17+00:00,2026-08-25,iPhone 16 Pro,v18.2.1,GS-LEO-23,GS-CA-B,Messages_Satellite,19.29,21.5,694.0,0.5703,Degraded,-1,1
SES-102009,2026-08-03 16:33:38+00:00,2026-08-03,iPhone 16 Pro,v18.2.0-b2,GS-LEO-23,GS-CA-B,Messages_Satellite,16.95,15.4,691.0,0.4113,Degraded,-1,1
SES-163093,2026-08-22 06:19:23+00:00,2026-08-22,iPhone 16 Pro,v18.2.1,GS-LEO-23,GS-CA-B,Messages_Satellite,20.56,69.9,686.0,0.5681,Degraded,-1,1
SES-114872,2026-08-29 00:05:09+00:00,2026-08-29,iPhone 16 Pro,v18.2.0-b2,GS-LEO-22,GS-TX-A,FindMy_Ping,11.92,77.1,4368.0,0.097,Degraded,-1,1
SES-157849,2026-08-05 06:02:03+00:00,2026-08-05,iPhone 16 Pro,v18.2.0-b2,GS-LEO-22,GS-FL-C,Roadside_Assistance,8.18,53.6,4309.0,0.1103,Degraded,-1,1
SES-126668,2026-08-13 10:55:42+00:00,2026-08-13,iPhone 16 Pro,v18.2.0-b2,GS-LEO-22,GS-OR-D,Roadside_Assistance,10.87,80.7,4252.0,0.0645,Degraded,-1,1
SES-101082,2026-08-12 09:31:37+00:00,2026-08-12,iPhone 16 Pro,v18.2.0-b2,GS-LEO-22,GS-OR-D,Roadside_Assistance,18.12,44.2,4179.0,0.0392,Degraded,-1,1
SES-122194,2026-08-14 03:34:06+00:00,2026-08-14,iPhone 16 Pro,v18.2.0-b2,GS-LEO-22,GS-FL-C,Messages_Satellite,9.2,74.2,4098.0,0.0248,Degraded,-1,1
SES-152646,2026-08-02 19:43:38+00:00,2026-08-02,iPhone 16 Pro,v18.2.0-b2,GS-LEO-22,GS-FL-C,FindMy_Ping,2.39,29.1,4042.0,0.0404,Degraded,-1,1
SES-151274,2026-08-03 20:24:48+00:00,2026-08-03,iPhone 16 Pro,v18.2.0-b2,GS-LEO-22,GS-CA-B,Roadside_Assistance,6.09,52.1,4013.0,0.5892,Degraded,-1,1
SES-190982,2026-08-06 20:40:32+00:00,2026-08-06,iPhone 16 Pro,v18.2.0-b2,GS-LEO-22,GS-TX-A,Messages_Satellite,19.39,35.7,3868.0,0.0427,Degraded,-1,1
SES-184241,2026-08-28 18:48:16+00:00,2026-08-28,iPhone 16 Pro,v18.2.0-b2,GS-LEO-22,GS-OR-D,Roadside_Assistance,16.13,80.7,3834.0,0.134,Degraded,-1,1
SES-115049,2026-08-07 07:14:12+00:00,2026-08-07,iPhone 16 Pro,v18.2.1,GS-LEO-04,GS-CA-B,Messages_Satellite,17.05,16.8,692.0,0.5111,Degraded,-1,1
SES-107539,2026-08-20 03:32:12+00:00,2026-08-20,iPhone 16 Pro,v18.2.0-b2,GS-LEO-22,GS-CA-B,Messages_Satellite,18.02,74.0,3781.0,0.039,Degraded,-1,1
SES-186035,2026-08-29 12:11:19+00:00,2026-08-29,iPhone 16 Pro,v18.2.0-b2,GS-LEO-22,GS-FL-C,Roadside_Assistance,16.45,77.7,3748.0,0.1396,Degraded,-1,1
SES-113860,2026-08-21 02:19:29+00:00,2026-08-21,iPhone 16 Pro,v18.2.0-b2,GS-LEO-22,GS-TX-A,FindMy_Ping,16.02,81.5,3702.0,0.0584,Degraded,-1,1
SES-101274,2026-08-03 10:55:41+00:00,2026-08-03,iPhone 16 Pro,v18.2.0-b2,GS-LEO-22,GS-FL-C,FindMy_Ping,19.38,60.0,3637.0,0.2404,Degraded,-1,1
SES-146999,2026-08-22 13:44:06+00:00,2026-08-22,iPhone 16 Pro,v18.2.0-b2,GS-LEO-22,GS-FL-C,Emergency_SOS,17.66,84.7,3636.0,0.0293,Degraded,-1,1
SES-162596,2026-08-24 06:18:26+00:00,2026-08-24,iPhone 16 Pro,v18.2.0-b2,GS-LEO-22,GS-FL-C,FindMy_Ping,4.25,79.4,3557.0,0.0117,Degraded,-1,1
SES-194898,2026-08-23 00:58:42+00:00,2026-08-23,iPhone 16 Pro,v18.2.1,GS-LEO-09,GS-CA-B,Roadside_Assistance,6.46,69.6,1046.0,0.5986,Degraded,-1,1
SES-191773,2026-08-29 20:37:44+00:00,2026-08-29,iPhone 16 Pro,v18.2.0-b2,GS-LEO-22,GS-CA-B,FindMy_Ping,8.61,65.9,3499.0,0.6885,Degraded,-1,1
SES-122171,2026-08-02 08:36:36+00:00,2026-08-02,iPhone 16 Pro,v18.2.0-b2,GS-LEO-22,GS-FL-C,Messages_Satellite,-3.65,71.8,3021.0,0.114,Degraded,-1,1
SES-190453,2026-08-14 03:49:48+00:00,2026-08-14,iPhone 16 Pro,v18.2.0-b2,GS-LEO-22,GS-CA-B,Messages_Satellite,12.37,48.3,2900.0,0.7827,Degraded,-1,1
SES-180984,2026-08-09 22:25:13+00:00,2026-08-09,iPhone 16 Pro,v18.2.0-b2,GS-LEO-04,GS-CA-B,Messages_Satellite,20.95,44.1,656.0,0.5296,Degraded,-1,1
SES-147258,2026-08-20 03:49:08+00:00,2026-08-20,iPhone 16 Pro,v18.1.0,GS-LEO-12,GS-CA-B,FindMy_Ping,9.62,77.5,979.0,0.6339,Degraded,-1,1
SES-148249,2026-08-08 05:22:25+00:00,2026-08-08,iPhone 16 Pro,v18.1.0,GS-LEO-04,GS-CA-B,Emergency_SOS,23.11,25.6,642.0,0.6066,Degraded,-1,1
SES-135225,2026-08-09 22:14:58+00:00,2026-08-09,iPhone 16 Pro,v18.2.0-b2,GS-LEO-04,GS-CA-B,Messages_Satellite,18.27,47.6,642.0,0.7325,Degraded,-1,1
SES-110046,2026-08-12 21:21:29+00:00,2026-08-12,iPhone 16 Pro,v18.2.0-b2,GS-LEO-05,GS-CA-B,Messages_Satellite,11.79,34.8,924.0,0.7221,Degraded,-1,1
SES-142668,2026-08-11 06:39:20+00:00,2026-08-11,iPhone 16 Pro,v18.2.0-b2,GS-LEO-04,GS-CA-B,Messages_Satellite,21.12,67.6,612.0,0.5777,Degraded,-1,1
SES-170777,2026-08-08 23:30:05+00:00,2026-08-08,iPhone 16 Pro,v18.2.1,GS-LEO-01,GS-CA-B,Messages_Satellite,9.24,32.2,915.0,0.6994,Degraded,-1,1
SES-197489,2026-08-15 12:38:32+00:00,2026-08-15,iPhone 16 Pro,v18.2.1,GS-LEO-01,GS-CA-B,Emergency_SOS,11.34,49.9,915.0,0.8596,Degraded,-1,1
SES-115272,2026-08-14 14:27:38+00:00,2026-08-14,iPhone 16 Pro,v18.2.0-b2,GS-LEO-04,GS-TX-A,FindMy_Ping,23.54,22.8,527.0,0.2658,Degraded,-1,1
SES-170845,2026-08-06 01:48:50+00:00,2026-08-06,iPhone 16 Pro,v18.2.1,GS-LEO-22,GS-CA-B,Messages_Satellite,3.46,76.6,1042.0,0.5344,Degraded,-1,1
SES-118215,2026-08-03 21:10:22+00:00,2026-08-03,iPhone 16 Pro,v18.2.0-b2,GS-LEO-03,GS-TX-A,FindMy_Ping,9.22,43.9,4396.0,0.2551,Degraded,-1,1
SES-190400,2026-08-19 04:36:05+00:00,2026-08-19,iPhone 16 Pro,v18.2.0-b2,GS-LEO-03,GS-TX-A,Messages_Satellite,5.19,74.7,4265.0,0.152,Degraded,-1,1
SES-144261,2026-08-10 22:41:09+00:00,2026-08-10,iPhone 16 Pro,v18.2.0-b2,GS-LEO-03,GS-TX-A,Messages_Satellite,5.03,22.0,4265.0,0.0429,Degraded,-1,1
SES-125676,2026-08-09 01:38:31+00:00,2026-08-09,iPhone 16 Pro,v18.2.0-b2,GS-LEO-03,GS-TX-A,FindMy_Ping,7.13,20.1,4245.0,0.0867,Degraded,-1,1
SES-166804,2026-08-15 14:27:41+00:00,2026-08-15,iPhone 16 Pro,v18.2.0-b2,GS-LEO-03,GS-CA-B,Roadside_Assistance,13.21,79.9,4224.0,0.0707,Degraded,-1,1
SES-172188,2026-08-06 00:30:10+00:00,2026-08-06,iPhone 16 Pro,v18.2.0-b2,GS-LEO-03,GS-OR-D,Emergency_SOS,8.44,18.7,4191.0,0.1084,Degraded,-1,1
SES-148824,2026-08-03 12:46:28+00:00,2026-08-03,iPhone 16 Pro,v18.2.0-b2,GS-LEO-03,GS-FL-C,Emergency_SOS,17.21,49.8,4159.0,0.0211,Degraded,-1,1
SES-157949,2026-08-07 04:01:41+00:00,2026-08-07,iPhone 16 Pro,v18.2.0-b2,GS-LEO-03,GS-OR-D,Messages_Satellite,16.72,58.7,4152.0,0.0706,Degraded,-1,1
SES-131752,2026-08-24 20:30:59+00:00,2026-08-24,iPhone 16 Pro,v18.2.0-b2,GS-LEO-03,GS-CA-B,Messages_Satellite,13.21,71.9,4082.0,0.385,Degraded,-1,1
SES-188830,2026-08-31 13:59:40+00:00,2026-08-31,iPhone 16 Pro,v18.2.0-b2,GS-LEO-05,GS-CA-B,Emergency_SOS,9.04,20.7,921.0,0.6175,Degraded,-1,1
SES-176246,2026-08-16 00:35:20+00:00,2026-08-16,iPhone 16 Pro,v18.2.0-b2,GS-LEO-03,GS-TX-A,Roadside_Assistance,1.12,63.3,3874.0,0.0236,Degraded,-1,1
SES-114033,2026-08-18 22:04:14+00:00,2026-08-18,iPhone 16 Pro,v18.2.0-b2,GS-LEO-03,GS-CA-B,Messages_Satellite,14.87,83.8,3867.0,0.0536,Degraded,-1,1
SES-100674,2026-08-09 03:29:18+00:00,2026-08-09,iPhone 16 Pro,v18.2.0-b2,GS-LEO-03,GS-TX-A,Messages_Satellite,11.17,84.8,3859.0,0.1117,Degraded,-1,1
SES-177558,2026-08-26 01:04:38+00:00,2026-08-26,iPhone 16 Pro,v18.2.0-b2,GS-LEO-03,GS-CA-B,Messages_Satellite,24.85,32.6,3823.0,0.0528,Degraded,-1,1
SES-178773,2026-08-07 20:17:48+00:00,2026-08-07,iPhone 16 Pro,v18.2.0-b2,GS-LEO-03,GS-TX-A,Messages_Satellite,11.23,83.9,3797.0,0.1072,Degraded,-1,1
SES-143002,2026-08-24 13:06:20+00:00,2026-08-24,iPhone 16 Pro,v18.2.0-b2,GS-LEO-03,GS-OR-D,Messages_Satellite,18.02,25.0,3740.0,0.2969,Degraded,-1,1
SES-148624,2026-08-01 18:04:34+00:00,2026-08-01,iPhone 16 Pro,v18.2.0-b2,GS-LEO-03,GS-TX-A,Messages_Satellite,3.47,19.1,3700.0,0.0435,Degraded,-1,1
SES-167374,2026-08-14 22:35:43+00:00,2026-08-14,iPhone 16 Pro,v18.2.0-b2,GS-LEO-03,GS-FL-C,Emergency_SOS,23.64,28.4,3624.0,0.113,Degraded,-1,1
SES-193732,2026-08-25 05:27:11+00:00,2026-08-25,iPhone 16 Pro,v18.2.0-b2,GS-LEO-12,GS-CA-B,Roadside_Assistance,21.6,34.8,2357.0,0.6745,Degraded,-1,1
SES-187070,2026-08-16 09:18:22+00:00,2026-08-16,iPhone 16 Pro,v18.2.0-b2,GS-LEO-12,GS-OR-D,Messages_Satellite,20.76,34.6,2648.0,0.2973,Degraded,-1,1
SES-199316,2026-08-02 08:33:58+00:00,2026-08-02,iPhone 16 Pro,v18.2.1,GS-LEO-22,GS-CA-B,FindMy_Ping,12.63,18.8,969.0,0.6129,Degraded,-1,1
SES-117266,2026-08-30 07:18:58+00:00,2026-08-30,iPhone 16 Pro,v18.2.0-b2,GS-LEO-12,GS-CA-B,Messages_Satellite,21.99,72.7,2771.0,0.1638,Degraded,-1,1
SES-148949,2026-08-15 23:12:29+00:00,2026-08-15,iPhone 16 Pro,v18.2.0-b2,GS-LEO-12,GS-TX-A,Messages_Satellite,9.81,79.0,3185.0,0.2841,Degraded,-1,1
SES-121464,2026-08-05 04:23:58+00:00,2026-08-05,iPhone 16 Pro,v18.2.0-b2,GS-LEO-12,GS-CA-B,Emergency_SOS,12.16,33.5,3198.0,0.5213,Degraded,-1,1
SES-193833,2026-08-05 01:22:04+00:00,2026-08-05,iPhone 16 Pro,v18.2.0-b2,GS-LEO-03,GS-CA-B,Roadside_Assistance,6.84,20.1,3302.0,0.4284,Degraded,-1,1
SES-129276,2026-08-01 00:46:19+00:00,2026-08-01,iPhone 16 Pro,v18.2.0-b2,GS-LEO-12,GS-CA-B,Roadside_Assistance,19.43,65.5,3464.0,0.1262,Degraded,-1,1
SES-101235,2026-08-06 15:17:24+00:00,2026-08-06,iPhone 16 Pro,v18.2.0-b2,GS-LEO-12,GS-CA-B,Emergency_SOS,13.34,80.5,3669.0,0.1791,Degraded,-1,1
SES-178224,2026-08-16 06:37:25+00:00,2026-08-16,iPhone 16 Pro,v18.2.0-b2,GS-LEO-03,GS-OR-D,Messages_Satellite,17.01,76.8,3248.0,0.1892,Degraded,-1,1
SES-104956,2026-08-29 12:41:43+00:00,2026-08-29,iPhone 16 Pro,v18.2.0-b2,GS-LEO-12,GS-FL-C,Messages_Satellite,15.69,84.5,3736.0,0.0517,Degraded,-1,1
SES-198671,2026-08-23 15:53:50+00:00,2026-08-23,iPhone 16 Pro,v18.2.0-b2,GS-LEO-12,GS-CA-B,FindMy_Ping,16.03,18.8,4046.0,0.5008,Degraded,-1,1
SES-178513,2026-08-27 13:10:14+00:00,2026-08-27,iPhone 16 Pro,v18.2.0-b2,GS-LEO-12,GS-TX-A,Roadside_Assistance,2.9,80.2,4127.0,0.0268,Degraded,-1,1
SES-128353,2026-08-15 18:41:08+00:00,2026-08-15,iPhone 16 Pro,v18.1.0,GS-LEO-22,GS-CA-B,Messages_Satellite,14.24,62.1,947.0,0.6583,Degraded,-1,1
SES-147621,2026-08-25 10:24:28+00:00,2026-08-25,iPhone 16 Pro,v18.2.0-b2,GS-LEO-12,GS-FL-C,Emergency_SOS,16.38,18.5,4308.0,0.0687,Degraded,-1,1
SES-124126,2026-08-02 00:04:45+00:00,2026-08-02,iPhone 16 Pro,v18.2.0-b2,GS-LEO-12,GS-TX-A,Messages_Satellite,15.32,66.5,4335.0,0.1272,Degraded,-1,1
SES-158310,2026-08-08 08:55:45+00:00,2026-08-08,iPhone 16 Pro,v18.2.0-b2,GS-LEO-12,GS-FL-C,Messages_Satellite,9.65,66.1,4384.0,0.2015,Degraded,-1,1
SES-134090,2026-08-03 16:02:18+00:00,2026-08-03,iPhone 16 Pro,v18.2.0-b2,GS-LEO-12,GS-CA-B,Emergency_SOS,9.73,15.4,4410.0,0.0981,Degraded,-1,1
SES-125940,2026-08-14 08:19:29+00:00,2026-08-14,iPhone 16 Pro,v18.2.1,GS-LEO-13,GS-OR-D,Roadside_Assistance,22.73,75.1,575.0,0.238,Acceptable,-1,1
SES-105937,2026-08-13 17:54:07+00:00,2026-08-13,iPhone 16 Pro,v18.2.0-b2,GS-LEO-22,GS-CA-B,Messages_Satellite,11.41,35.3,939.0,0.77,Degraded,-1,1
SES-120187,2026-08-18 10:17:02+00:00,2026-08-18,iPhone 16 Pro,v18.1.0,GS-LEO-22,GS-CA-B,FindMy_Ping,12.17,44.2,938.0,0.664,Degraded,-1,1
SES-139928,2026-08-05 15:28:41+00:00,2026-08-05,iPhone 16 Pro,v18.2.1,GS-LEO-13,GS-FL-C,Emergency_SOS,23.06,83.9,650.0,0.3352,Degraded,-1,1
SES-187856,2026-08-02 22:55:25+00:00,2026-08-02,iPhone 16 Pro,v18.2.0-b2,GS-LEO-03,GS-CA-B,Messages_Satellite,9.89,68.1,2865.0,0.4124,Degraded,-1,1
SES-150677,2026-08-01 23:25:36+00:00,2026-08-01,iPhone 16 Pro,v18.2.0-b2,GS-LEO-13,GS-CA-B,Messages_Satellite,21.93,26.6,704.0,0.8216,Degraded,-1,1
SES-165083,2026-08-20 07:13:35+00:00,2026-08-20,iPhone 16 Pro,v18.2.1,GS-LEO-13,GS-CA-B,Messages_Satellite,18.44,61.1,739.0,0.6714,Degraded,-1,1
SES-180223,2026-08-26 14:03:37+00:00,2026-08-26,iPhone 16 Pro,v18.2.0-b2,GS-LEO-13,GS-CA-B,Messages_Satellite,15.08,67.1,754.0,0.6909,Degraded,-1,1
SES-187908,2026-08-20 17:39:06+00:00,2026-08-20,iPhone 16 Pro,v18.1.0,GS-LEO-22,GS-CA-B,Messages_Satellite,12.7,33.9,904.0,0.6817,Degraded,-1,1
SES-125478,2026-08-20 02:19:33+00:00,2026-08-20,iPhone 16 Pro,v18.2.1,GS-LEO-22,GS-CA-B,Messages_Satellite,10.99,21.4,903.0,0.6208,Degraded,-1,1
SES-100637,2026-08-09 19:43:46+00:00,2026-08-09,iPhone 16 Pro,v18.1.0,GS-LEO-13,GS-CA-B,Messages_Satellite,18.29,42.1,775.0,0.6034,Degraded,-1,1
SES-154858,2026-08-06 02:22:42+00:00,2026-08-06,iPhone 16 Pro,v18.1.0,GS-LEO-13,GS-CA-B,Messages_Satellite,16.38,83.0,780.0,0.6553,Degraded,-1,1
SES-187607,2026-08-09 20:02:05+00:00,2026-08-09,iPhone 16 Pro,v18.2.0-b2,GS-LEO-13,GS-CA-B,Messages_Satellite,17.93,21.4,782.0,0.6095,Degraded,-1,1
SES-148600,2026-08-31 23:15:53+00:00,2026-08-31,iPhone 16 Pro,v18.1.0,GS-LEO-22,GS-CA-B,Emergency_SOS,10.16,24.0,886.0,0.7206,Degraded,-1,1
SES-126770,2026-08-29 17:04:25+00:00,2026-08-29,iPhone 16 Pro,v18.2.1,GS-LEO-06,GS-CA-B,Messages_Satellite,10.22,72.2,943.0,0.6667,Degraded,-1,1
SES-124714,2026-08-26 04:40:31+00:00,2026-08-26,iPhone 16 Pro,v18.2.1,GS-LEO-13,GS-CA-B,FindMy_Ping,14.11,80.0,797.0,0.6896,Degraded,-1,1
SES-136207,2026-08-04 10:30:41+00:00,2026-08-04,iPhone 16 Pro,v18.2.1,GS-LEO-04,GS-CA-B,FindMy_Ping,10.03,17.2,1014.0,0.5851,Degraded,-1,1
SES-164032,2026-08-04 07:33:56+00:00,2026-08-04,iPhone 16 Pro,v18.1.0,GS-LEO-13,GS-CA-B,Emergency_SOS,16.64,66.9,808.0,0.7504,Degraded,-1,1
SES-115090,2026-08-01 13:38:45+00:00,2026-08-01,iPhone 16 Pro,v18.1.0,GS-LEO-09,GS-CA-B,FindMy_Ping,9.44,38.8,958.0,0.7724,Degraded,-1,1
SES-158114,2026-08-26 07:26:36+00:00,2026-08-26,iPhone 16 Pro,v18.1.0,GS-LEO-22,GS-CA-B,Messages_Satellite,12.71,76.0,864.0,0.7491,Degraded,-1,1
SES-108270,2026-08-03 10:00:04+00:00,2026-08-03,iPhone 16 Pro,v18.2.0-b2,GS-LEO-13,GS-CA-B,Emergency_SOS,20.4,67.5,820.0,0.602,Degraded,-1,1
SES-199059,2026-08-28 14:10:35+00:00,2026-08-28,iPhone 16 Pro,v18.2.1,GS-LEO-01,GS-CA-B,Messages_Satellite,9.91,82.6,956.0,0.6523,Degraded,-1,1
SES-180040,2026-08-01 05:16:11+00:00,2026-08-01,iPhone 16 Pro,v18.2.1,GS-LEO-03,GS-CA-B,Emergency_SOS,6.57,48.6,1081.0,0.6471,Degraded,-1,1
SES-145246,2026-08-17 19:11:07+00:00,2026-08-17,iPhone 16 Pro,v18.2.0-b2,GS-LEO-03,GS-CA-B,FindMy_Ping,6.56,65.1,1079.0,0.6137,Degraded,-1,1
SES-170973,2026-08-25 17:20:23+00:00,2026-08-25,iPhone 16 Pro,v18.2.1,GS-LEO-06,GS-CA-B,Messages_Satellite,8.59,80.1,949.0,0.7267,Degraded,-1,1
SES-174558,2026-08-10 04:06:37+00:00,2026-08-10,iPhone 16 Pro,v18.2.1,GS-LEO-13,GS-CA-B,Messages_Satellite,12.27,42.4,851.0,0.6894,Degraded,-1,1
SES-103050,2026-08-20 01:20:48+00:00,2026-08-20,iPhone 16 Pro,v18.2.1,GS-LEO-01,GS-CA-B,Messages_Satellite,9.46,67.8,965.0,0.6307,Degraded,-1,1
SES-137283,2026-08-16 04:43:23+00:00,2026-08-16,iPhone 16 Pro,v18.2.0-b2,GS-LEO-22,GS-CA-B,FindMy_Ping,14.29,24.4,830.0,0.6497,Degraded,-1,1
SES-133758,2026-08-04 15:56:14+00:00,2026-08-04,iPhone 16 Pro,v18.1.0,GS-LEO-22,GS-CA-B,FindMy_Ping,13.86,29.3,828.0,0.6977,Degraded,-1,1
SES-113718,2026-08-28 02:00:23+00:00,2026-08-28,iPhone 16 Pro,v18.1.0,GS-LEO-06,GS-CA-B,Emergency_SOS,9.39,38.0,962.0,0.6709,Degraded,-1,1
SES-100487,2026-08-21 09:51:19+00:00,2026-08-21,iPhone 16 Pro,v18.2.1,GS-LEO-22,GS-CA-B,Messages_Satellite,17.24,71.7,808.0,0.6648,Degraded,-1,1
SES-164591,2026-08-11 23:02:29+00:00,2026-08-11,iPhone 16 Pro,v18.1.0,GS-LEO-09,GS-CA-B,FindMy_Ping,11.27,26.4,938.0,0.7458,Degraded,-1,1
SES-174627,2026-08-19 03:22:25+00:00,2026-08-19,iPhone 16 Pro,v18.2.0-b2,GS-LEO-05,GS-CA-B,Messages_Satellite,9.81,83.4,906.0,0.6783,Degraded,-1,1
SES-117899,2026-08-10 19:00:46+00:00,2026-08-10,iPhone 16 Pro,v18.1.0,GS-LEO-03,GS-CA-B,FindMy_Ping,8.19,62.0,1036.0,0.6581,Degraded,-1,1
SES-138583,2026-08-18 14:15:18+00:00,2026-08-18,iPhone 16 Pro,v18.2.0-b2,GS-LEO-09,GS-CA-B,Roadside_Assistance,8.63,19.3,933.0,0.5448,Degraded,-1,1
SES-164868,2026-08-26 22:57:40+00:00,2026-08-26,iPhone 16 Pro,v18.2.1,GS-LEO-13,GS-CA-B,Messages_Satellite,12.2,22.1,895.0,0.6057,Degraded,-1,1
SES-154187,2026-08-03 21:19:59+00:00,2026-08-03,iPhone 16 Pro,v18.2.1,GS-LEO-09,GS-CA-B,Messages_Satellite,8.31,29.9,927.0,0.7784,Degraded,-1,1
SES-172590,2026-08-02 19:21:50+00:00,2026-08-02,iPhone 16 Pro,v18.2.1,GS-LEO-13,GS-CA-B,FindMy_Ping,12.22,55.5,908.0,0.7566,Degraded,-1,1
SES-114884,2026-08-07 04:20:33+00:00,2026-08-07,iPhone 16 Pro,v18.2.0-b2,GS-LEO-22,GS-CA-B,Emergency_SOS,18.1,77.9,703.0,0.6283,Degraded,-1,1
SES-148350,2026-08-14 01:01:05+00:00,2026-08-14,iPhone 16 Pro,v18.2.1,GS-LEO-06,GS-CA-B,Messages_Satellite,8.0,24.5,992.0,0.6105,Degraded,-1,1
SES-187957,2026-08-12 01:45:45+00:00,2026-08-12,iPhone 16 Pro,v18.1.0,GS-LEO-13,GS-CA-B,Messages_Satellite,9.78,17.7,929.0,0.7748,Degraded,-1,1
SES-197437,2026-08-21 23:35:15+00:00,2026-08-21,iPhone 16 Pro,v18.1.0,GS-LEO-01,GS-CA-B,Emergency_SOS,8.16,17.8,985.0,0.6438,Degraded,-1,1
SES-105758,2026-08-19 20:45:01+00:00,2026-08-19,iPhone 16 Pro,v18.1.0,GS-LEO-01,GS-CA-B,Roadside_Assistance,10.0,61.8,986.0,0.6398,Degraded,-1,1
SES-159833,2026-08-13 06:58:57+00:00,2026-08-13,iPhone 16 Pro,v18.2.0-b2,GS-LEO-13,GS-CA-B,Messages_Satellite,12.25,35.6,937.0,0.6574,Degraded,-1,1
SES-190697,2026-08-02 09:31:23+00:00,2026-08-02,iPhone 16 Pro,v18.2.0-b2,GS-LEO-21,GS-TX-A,FindMy_Ping,3.26,49.8,4433.0,0.2233,Degraded,-1,1
SES-157683,2026-08-09 17:04:24+00:00,2026-08-09,iPhone 16 Pro,v18.2.0-b2,GS-LEO-21,GS-CA-B,Messages_Satellite,10.51,79.9,4350.0,0.0826,Degraded,-1,1
SES-174464,2026-08-01 08:36:24+00:00,2026-08-01,iPhone 16 Pro,v18.2.0-b2,GS-LEO-21,GS-TX-A,Roadside_Assistance,3.63,48.9,4203.0,0.1291,Degraded,-1,1
SES-185455,2026-08-10 02:09:08+00:00,2026-08-10,iPhone 16 Pro,v18.2.0-b2,GS-LEO-21,GS-TX-A,Messages_Satellite,9.66,62.0,4187.0,0.0786,Degraded,-1,1
SES-124241,2026-08-13 02:32:30+00:00,2026-08-13,iPhone 16 Pro,v18.2.0-b2,GS-LEO-21,GS-TX-A,Messages_Satellite,6.72,30.8,4186.0,0.1705,Degraded,-1,1
SES-134447,2026-08-14 04:17:07+00:00,2026-08-14,iPhone 16 Pro,v18.2.0-b2,GS-LEO-21,GS-OR-D,Messages_Satellite,5.25,41.6,4157.0,0.0182,Degraded,-1,1
SES-172998,2026-08-26 02:37:54+00:00,2026-08-26,iPhone 16 Pro,v18.2.0-b2,GS-LEO-21,GS-CA-B,Emergency_SOS,13.05,62.0,4142.0,0.4532,Degraded,-1,1
SES-140360,2026-08-24 19:56:34+00:00,2026-08-24,iPhone 16 Pro,v18.2.0-b2,GS-LEO-21,GS-TX-A,Roadside_Assistance,10.35,78.1,4049.0,0.0107,Degraded,-1,1
SES-172942,2026-08-05 13:35:35+00:00,2026-08-05,iPhone 16 Pro,v18.2.0-b2,GS-LEO-21,GS-OR-D,FindMy_Ping,15.96,72.1,3931.0,0.0613,Degraded,-1,1
SES-105003,2026-08-07 12:57:53+00:00,2026-08-07,iPhone 16 Pro,v18.2.0-b2,GS-LEO-21,GS-OR-D,FindMy_Ping,14.27,59.0,3923.0,0.1362,Degraded,-1,1
SES-196214,2026-08-07 16:44:28+00:00,2026-08-07,iPhone 16 Pro,v18.2.0-b2,GS-LEO-21,GS-OR-D,Messages_Satellite,8.66,76.6,3896.0,0.0074,Degraded,-1,1
SES-127057,2026-08-10 01:15:14+00:00,2026-08-10,iPhone 16 Pro,v18.2.0-b2,GS-LEO-21,GS-OR-D,Emergency_SOS,14.08,71.8,3874.0,0.0896,Degraded,-1,1
SES-152483,2026-08-29 12:40:25+00:00,2026-08-29,iPhone 16 Pro,v18.2.0-b2,GS-LEO-21,GS-OR-D,Emergency_SOS,13.67,73.1,3813.0,0.1269,Degraded,-1,1
SES-117880,2026-08-25 21:26:13+00:00,2026-08-25,iPhone 16 Pro,v18.2.0-b2,GS-LEO-21,GS-OR-D,Emergency_SOS,11.58,65.3,3767.0,0.255,Degraded,-1,1
SES-139534,2026-08-18 11:57:03+00:00,2026-08-18,iPhone 16 Pro,v18.2.0-b2,GS-LEO-21,GS-FL-C,Messages_Satellite,20.86,18.7,3725.0,0.05,Degraded,-1,1
SES-169078,2026-08-03 13:16:04+00:00,2026-08-03,iPhone 16 Pro,v18.2.0-b2,GS-LEO-21,GS-FL-C,Messages_Satellite,9.29,79.5,3686.0,0.0096,Degraded,-1,1
SES-138636,2026-08-25 23:58:56+00:00,2026-08-25,iPhone 16 Pro,v18.2.0-b2,GS-LEO-21,GS-CA-B,Roadside_Assistance,16.58,37.7,3646.0,0.6726,Degraded,-1,1
SES-106062,2026-08-15 16:14:08+00:00,2026-08-15,iPhone 16 Pro,v18.2.0-b2,GS-LEO-21,GS-CA-B,Messages_Satellite,14.67,52.1,3576.0,0.7732,Degraded,-1,1
SES-112160,2026-08-18 02:03:33+00:00,2026-08-18,iPhone 16 Pro,v18.2.0-b2,GS-LEO-21,GS-FL-C,Messages_Satellite,24.0,84.3,3343.0,0.0868,Degraded,-1,1
SES-114037,2026-08-01 01:51:15+00:00,2026-08-01,iPhone 16 Pro,v18.2.0-b2,GS-LEO-21,GS-OR-D,Messages_Satellite,20.57,49.9,3194.0,0.0831,Degraded,-1,1
SES-179145,2026-08-22 23:47:26+00:00,2026-08-22,iPhone 16 Pro,v18.2.0-b2,GS-LEO-21,GS-CA-B,Messages_Satellite,8.27,35.7,3114.0,0.6107,Degraded,-1,1
SES-187266,2026-08-16 01:52:19+00:00,2026-08-16,iPhone 16 Pro,v18.2.0-b2,GS-LEO-21,GS-CA-B,Emergency_SOS,21.25,83.1,3040.0,0.0221,Degraded,-1,1
SES-105731,2026-08-27 03:55:47+00:00,2026-08-27,iPhone 16 Pro,v18.2.0-b2,GS-LEO-21,GS-OR-D,Roadside_Assistance,19.91,79.2,2856.0,0.0225,Degraded,-1,1
SES-132712,2026-08-31 09:58:08+00:00,2026-08-31,iPhone 16 Pro,v18.2.0-b2,GS-LEO-21,GS-CA-B,Messages_Satellite,9.67,84.5,2726.0,0.7437,Degraded,-1,1
SES-165203,2026-08-03 09:16:54+00:00,2026-08-03,iPhone 16 Pro,v18.1.0,GS-LEO-01,GS-CA-B,Messages_Satellite,10.99,23.1,998.0,0.7019,Degraded,-1,1
SES-171647,2026-08-21 03:52:36+00:00,2026-08-21,iPhone 16 Pro,v18.2.1,GS-LEO-01,GS-CA-B,Messages_Satellite,8.02,34.6,999.0,0.6552,Degraded,-1,1
SES-110767,2026-08-15 06:00:17+00:00,2026-08-15,iPhone 16 Pro,v18.2.0-b2,GS-LEO-09,GS-CA-B,Messages_Satellite,12.03,33.4,903.0,0.7085,Degraded,-1,1
SES-148557,2026-08-01 13:54:29+00:00,2026-08-01,iPhone 16 Pro,v18.1.0,GS-LEO-13,GS-CA-B,FindMy_Ping,8.3,65.1,980.0,0.7179,Degraded,-1,1
SES-113756,2026-08-13 06:48:38+00:00,2026-08-13,iPhone 16 Pro,v18.2.1,GS-LEO-01,GS-CA-B,FindMy_Ping,10.36,18.2,1002.0,0.5432,Degraded,-1,1
SES-161967,2026-08-19 11:28:15+00:00,2026-08-19,iPhone 16 Pro,v18.1.0,GS-LEO-03,GS-CA-B,Messages_Satellite,9.47,27.1,997.0,0.6268,Degraded,-1,1
SES-114072,2026-08-20 15:14:45+00:00,2026-08-20,iPhone 16 Pro,v18.2.1,GS-LEO-21,GS-CA-B,Roadside_Assistance,4.6,78.7,1077.0,0.4842,Degraded,-1,1
SES-159844,2026-08-26 03:48:40+00:00,2026-08-26,iPhone 16 Pro,v18.2.1,GS-LEO-09,GS-CA-B,Emergency_SOS,14.48,22.3,901.0,0.7006,Degraded,-1,1
SES-115788,2026-08-16 21:25:25+00:00,2026-08-16,iPhone 16 Pro,v18.2.1,GS-LEO-13,GS-CA-B,Messages_Satellite,11.19,84.6,992.0,0.6836,Degraded,-1,1
SES-199903,2026-08-21 19:40:12+00:00,2026-08-21,iPhone 16 Pro,v18.1.0,GS-LEO-09,GS-CA-B,FindMy_Ping,11.5,82.0,896.0,0.7127,Degraded,-1,1
SES-138486,2026-08-10 00:19:55+00:00,2026-08-10,iPhone 16 Pro,v18.2.1,GS-LEO-13,GS-CA-B,FindMy_Ping,8.65,78.2,1020.0,0.8768,Degraded,-1,1
SES-130722,2026-08-18 15:28:54+00:00,2026-08-18,iPhone 16 Pro,v18.2.1,GS-LEO-06,GS-CA-B,Messages_Satellite,8.09,48.4,1037.0,0.6029,Degraded,-1,1
SES-159721,2026-08-22 17:17:43+00:00,2026-08-22,iPhone 16 Pro,v18.2.1,GS-LEO-06,GS-CA-B,Messages_Satellite,12.46,61.3,1037.0,0.6528,Degraded,-1,1
SES-185811,2026-08-27 14:32:27+00:00,2026-08-27,iPhone 16 Pro,v18.1.0,GS-LEO-13,GS-CA-B,Emergency_SOS,3.51,59.6,1024.0,0.5075,Degraded,-1,1
SES-184900,2026-08-16 18:07:33+00:00,2026-08-16,iPhone 16 Pro,v18.2.1,GS-LEO-13,GS-CA-B,Messages_Satellite,9.44,39.7,1035.0,0.673,Degraded,-1,1
SES-110725,2026-08-24 06:50:22+00:00,2026-08-24,iPhone 16 Pro,v18.2.1,GS-LEO-05,GS-CA-B,Messages_Satellite,9.79,47.9,896.0,0.6355,Degraded,-1,1
SES-171300,2026-08-07 22:50:28+00:00,2026-08-07,iPhone 16 Pro,v18.1.0,GS-LEO-13,GS-CA-B,FindMy_Ping,4.89,80.7,1053.0,0.4774,Degraded,-1,1
SES-143672,2026-08-16 15:13:26+00:00,2026-08-16,iPhone 16 Pro,v18.2.0-b2,GS-LEO-21,GS-CA-B,Roadside_Assistance,6.39,59.7,1002.0,0.7165,Degraded,-1,1
SES-181883,2026-08-03 11:10:12+00:00,2026-08-03,iPhone 16 Pro,v18.2.1,GS-LEO-13,GS-CA-B,Roadside_Assistance,6.84,74.0,1061.0,0.6855,Degraded,-1,1
SES-118077,2026-08-28 17:11:32+00:00,2026-08-28,iPhone 16 Pro,v18.1.0,GS-LEO-13,GS-CA-B,Roadside_Assistance,8.72,15.6,1070.0,0.7332,Degraded,-1,1
SES-199433,2026-08-04 20:59:10+00:00,2026-08-04,iPhone 16 Pro,v18.1.0,GS-LEO-03,GS-CA-B,Roadside_Assistance,9.0,39.7,982.0,0.6625,Degraded,-1,1
SES-186281,2026-08-03 02:48:06+00:00,2026-08-03,iPhone 16 Pro,v18.1.0,GS-LEO-13,GS-CA-B,Messages_Satellite,3.86,66.9,1091.0,0.7088,Degraded,-1,1
SES-129303,2026-08-22 13:21:29+00:00,2026-08-22,iPhone 16 Pro,v18.2.0-b2,GS-LEO-13,GS-FL-C,Roadside_Assistance,2.01,23.9,2753.0,0.16,Degraded,-1,1
SES-188837,2026-08-04 18:13:28+00:00,2026-08-04,iPhone 16 Pro,v18.2.0-b2,GS-LEO-13,GS-CA-B,Messages_Satellite,16.68,39.0,2917.0,0.547,Degraded,-1,1
SES-113985,2026-08-10 17:29:25+00:00,2026-08-10,iPhone 16 Pro,v18.2.1,GS-LEO-03,GS-CA-B,Messages_Satellite,10.92,29.9,976.0,0.7109,Degraded,-1,1
SES-138536,2026-08-11 01:52:47+00:00,2026-08-11,iPhone 16 Pro,v18.2.1,GS-LEO-21,GS-CA-B,FindMy_Ping,11.19,49.9,957.0,0.6551,Degraded,-1,1
SES-173118,2026-08-04 12:11:33+00:00,2026-08-04,iPhone 16 Pro,v18.2.0-b2,GS-LEO-13,GS-OR-D,FindMy_Ping,6.3,81.1,3675.0,0.012,Degraded,-1,1
SES-114131,2026-08-27 08:20:52+00:00,2026-08-27,iPhone 16 Pro,v18.2.0-b2,GS-LEO-13,GS-TX-A,Emergency_SOS,11.98,54.3,3973.0,0.2016,Degraded,-1,1
SES-110839,2026-08-08 18:46:39+00:00,2026-08-08,iPhone 16 Pro,v18.1.0,GS-LEO-03,GS-CA-B,Messages_Satellite,9.88,20.6,971.0,0.5969,Degraded,-1,1
SES-151041,2026-08-08 05:31:09+00:00,2026-08-08,iPhone 16 Pro,v18.1.0,GS-LEO-01,GS-CA-B,Emergency_SOS,4.63,22.6,1039.0,0.5262,Degraded,-1,1
SES-198902,2026-08-19 20:45:42+00:00,2026-08-19,iPhone 16 Pro,v18.2.0-b2,GS-LEO-13,GS-TX-A,Messages_Satellite,14.55,54.6,4112.0,0.1343,Degraded,-1,1
SES-179520,2026-08-28 02:41:31+00:00,2026-08-28,iPhone 16 Pro,v18.2.0-b2,GS-LEO-13,GS-OR-D,FindMy_Ping,17.19,23.2,4152.0,0.0228,Degraded,-1,1
SES-101314,2026-08-22 18:16:42+00:00,2026-08-22,iPhone 16 Pro,v18.2.0-b2,GS-LEO-13,GS-OR-D,Emergency_SOS,7.69,80.0,4217.0,0.0474,Degraded,-1,1
SES-173058,2026-08-01 18:29:26+00:00,2026-08-01,iPhone 16 Pro,v18.2.1,GS-LEO-21,GS-CA-B,Emergency_SOS,9.62,62.0,945.0,0.8077,Degraded,-1,1
SES-177977,2026-08-31 11:57:29+00:00,2026-08-31,iPhone 16 Pro,v18.2.0-b2,GS-LEO-13,GS-CA-B,Roadside_Assistance,13.57,75.7,4297.0,0.0222,Degraded,-1,1
SES-157016,2026-08-11 07:13:32+00:00,2026-08-11,iPhone 16 Pro,v18.2.0-b2,GS-LEO-13,GS-OR-D,FindMy_Ping,7.79,64.1,4308.0,0.0357,Degraded,-1,1
SES-128448,2026-08-26 12:48:53+00:00,2026-08-26,iPhone 16 Pro,v18.2.1,GS-LEO-06,GS-CA-B,Emergency_SOS,6.01,37.5,1086.0,0.5953,Degraded,-1,1
SES-122257,2026-08-16 09:01:22+00:00,2026-08-16,iPhone 16 Pro,v18.2.0-b2,GS-LEO-13,GS-FL-C,Emergency_SOS,11.63,67.9,4358.0,0.0136,Degraded,-1,1
SES-162105,2026-08-03 21:01:54+00:00,2026-08-03,iPhone 16 Pro,v18.2.0-b2,GS-LEO-13,GS-CA-B,Messages_Satellite,1.85,69.5,4367.0,0.6127,Degraded,-1,1
SES-194697,2026-08-08 11:19:56+00:00,2026-08-08,iPhone 16 Pro,v18.2.0-b2,GS-LEO-13,GS-CA-B,Messages_Satellite,10.52,72.6,4378.0,0.0423,Degraded,-1,1
SES-144677,2026-08-16 00:02:46+00:00,2026-08-16,iPhone 16 Pro,v18.2.0-b2,GS-LEO-13,GS-TX-A,FindMy_Ping,8.33,20.1,4453.0,0.0436,Degraded,-1,1
SES-187173,2026-08-23 23:22:45+00:00,2026-08-23,iPhone 16 Pro,v18.2.0-b2,GS-LEO-14,GS-CA-B,Messages_Satellite,20.87,71.3,591.0,0.6858,Degraded,-1,1
SES-108502,2026-08-21 12:17:25+00:00,2026-08-21,iPhone 16 Pro,v18.2.1,GS-LEO-04,GS-CA-B,Messages_Satellite,2.9,78.9,1069.0,0.6439,Degraded,-1,1
SES-188324,2026-08-09 22:16:23+00:00,2026-08-09,iPhone 16 Pro,v18.2.1,GS-LEO-14,GS-CA-B,Roadside_Assistance,20.1,75.5,650.0,0.5234,Degraded,-1,1
SES-107484,2026-08-19 02:28:38+00:00,2026-08-19,iPhone 16 Pro,v18.1.0,GS-LEO-21,GS-CA-B,Messages_Satellite,8.42,43.6,928.0,0.6823,Degraded,-1,1
SES-127430,2026-08-24 11:03:07+00:00,2026-08-24,iPhone 16 Pro,v18.2.0-b2,GS-LEO-21,GS-CA-B,Roadside_Assistance,7.64,63.8,925.0,0.5988,Degraded,-1,1
SES-178482,2026-08-25 14:48:46+00:00,2026-08-25,iPhone 16 Pro,v18.2.1,GS-LEO-14,GS-CA-B,Messages_Satellite,20.0,62.3,715.0,0.5988,Degraded,-1,1
SES-179868,2026-08-04 23:36:38+00:00,2026-08-04,iPhone 16 Pro,v18.2.1,GS-LEO-04,GS-CA-B,Messages_Satellite,5.03,26.0,1075.0,0.5003,Degraded,-1,1
SES-154174,2026-08-29 15:46:10+00:00,2026-08-29,iPhone 16 Pro,v18.2.0-b2,GS-LEO-06,GS-CA-B,FindMy_Ping,5.98,56.7,1129.0,0.5134,Degraded,-1,1
SES-177202,2026-08-02 10:50:49+00:00,2026-08-02,iPhone 16 Pro,v18.2.0-b2,GS-LEO-01,GS-FL-C,Emergency_SOS,4.96,81.7,1062.0,0.3476,Degraded,-1,1
SES-186853,2026-08-25 10:39:15+00:00,2026-08-25,iPhone 16 Pro,v18.2.1,GS-LEO-21,GS-CA-B,Messages_Satellite,13.16,73.9,907.0,0.761,Degraded,-1,1
SES-188269,2026-08-20 10:17:34+00:00,2026-08-20,iPhone 16 Pro,v18.2.1,GS-LEO-14,GS-CA-B,Messages_Satellite,18.33,75.3,746.0,0.6087,Degraded,-1,1
SES-186206,2026-08-28 02:55:24+00:00,2026-08-28,iPhone 16 Pro,v18.1.0,GS-LEO-03,GS-CA-B,Emergency_SOS,10.65,78.7,958.0,0.6412,Degraded,-1,1
SES-118177,2026-08-29 13:25:26+00:00,2026-08-29,iPhone 16 Pro,v18.2.1,GS-LEO-21,GS-CA-B,Roadside_Assistance,10.54,73.7,898.0,0.8086,Degraded,-1,1
SES-169792,2026-08-27 04:48:39+00:00,2026-08-27,iPhone 16 Pro,v18.2.1,GS-LEO-14,GS-CA-B,Roadside_Assistance,13.75,40.5,773.0,0.6704,Degraded,-1,1
SES-138028,2026-08-21 04:39:22+00:00,2026-08-21,iPhone 16 Pro,v18.2.0-b2,GS-LEO-06,GS-CA-B,Messages_Satellite,11.32,77.0,2559.0,0.5475,Degraded,-1,1
SES-151957,2026-08-05 06:58:43+00:00,2026-08-05,iPhone 16 Pro,v18.1.0,GS-LEO-09,GS-CA-B,FindMy_Ping,12.02,21.2,864.0,0.6615,Degraded,-1,1
SES-157572,2026-08-02 01:47:00+00:00,2026-08-02,iPhone 16 Pro,v18.1.0,GS-LEO-14,GS-CA-B,FindMy_Ping,18.49,36.7,781.0,0.6801,Degraded,-1,1
SES-109793,2026-08-21 03:34:17+00:00,2026-08-21,iPhone 16 Pro,v18.2.0-b2,GS-LEO-06,GS-CA-B,FindMy_Ping,14.43,27.9,2715.0,0.6748,Degraded,-1,1
SES-191315,2026-08-07 05:02:55+00:00,2026-08-07,iPhone 16 Pro,v18.2.0-b2,GS-LEO-06,GS-CA-B,Messages_Satellite,20.23,34.4,2757.0,0.4983,Degraded,-1,1
SES-129000,2026-08-04 20:50:48+00:00,2026-08-04,iPhone 16 Pro,v18.2.0-b2,GS-LEO-06,GS-TX-A,Messages_Satellite,20.17,53.7,2773.0,0.0878,Degraded,-1,1
SES-163133,2026-08-26 13:06:18+00:00,2026-08-26,iPhone 16 Pro,v18.2.0-b2,GS-LEO-01,GS-CA-B,Messages_Satellite,5.13,49.7,1094.0,0.6908,Degraded,-1,1
SES-140551,2026-08-10 03:47:44+00:00,2026-08-10,iPhone 16 Pro,v18.2.0-b2,GS-LEO-01,GS-CA-B,Messages_Satellite,4.51,35.2,1102.0,0.6923,Degraded,-1,1
SES-181186,2026-08-31 01:38:24+00:00,2026-08-31,iPhone 16 Pro,v18.2.0-b2,GS-LEO-06,GS-CA-B,FindMy_Ping,21.32,77.8,2878.0,0.1892,Degraded,-1,1
SES-166637,2026-08-20 17:23:17+00:00,2026-08-20,iPhone 16 Pro,v18.2.1,GS-LEO-04,GS-CA-B,Emergency_SOS,3.15,20.1,1089.0,0.4654,Degraded,-1,1
SES-192937,2026-08-04 21:30:40+00:00,2026-08-04,iPhone 16 Pro,v18.2.0-b2,GS-LEO-06,GS-CA-B,Messages_Satellite,22.21,38.8,3546.0,0.0239,Degraded,-1,1
SES-198270,2026-08-27 06:13:43+00:00,2026-08-27,iPhone 16 Pro,v18.2.1,GS-LEO-09,GS-CA-B,Emergency_SOS,18.3,57.7,852.0,0.6658,Degraded,-1,1
SES-150760,2026-08-12 17:30:15+00:00,2026-08-12,iPhone 16 Pro,v18.2.0-b2,GS-LEO-06,GS-CA-B,Messages_Satellite,6.99,47.7,3620.0,0.478,Degraded,-1,1
SES-174534,2026-08-20 12:31:09+00:00,2026-08-20,iPhone 16 Pro,v18.2.1,GS-LEO-21,GS-CA-B,Messages_Satellite,11.3,49.5,855.0,0.6958,Degraded,-1,1
SES-177690,2026-08-17 06:50:28+00:00,2026-08-17,iPhone 16 Pro,v18.2.0-b2,GS-LEO-06,GS-OR-D,FindMy_Ping,13.88,83.1,3756.0,0.1366,Degraded,-1,1
SES-102845,2026-08-05 02:40:55+00:00,2026-08-05,iPhone 16 Pro,v18.2.0-b2,GS-LEO-06,GS-FL-C,Emergency_SOS,6.07,80.6,3822.0,0.0927,Degraded,-1,1
SES-176808,2026-08-07 21:46:33+00:00,2026-08-07,iPhone 16 Pro,v18.2.0-b2,GS-LEO-21,GS-CA-B,Roadside_Assistance,13.48,37.8,846.0,0.6542,Degraded,-1,1
SES-123792,2026-08-30 03:57:43+00:00,2026-08-30,iPhone 16 Pro,v18.2.1,GS-LEO-03,GS-CA-B,FindMy_Ping,10.03,51.0,942.0,0.6829,Degraded,-1,1
SES-107352,2026-08-18 16:04:46+00:00,2026-08-18,iPhone 16 Pro,v18.2.0-b2,GS-LEO-06,GS-FL-C,Messages_Satellite,19.97,58.1,4034.0,0.1194,Degraded,-1,1
SES-140514,2026-08-31 04:57:17+00:00,2026-08-31,iPhone 16 Pro,v18.2.0-b2,GS-LEO-06,GS-TX-A,Roadside_Assistance,11.98,73.2,4047.0,0.0461,Degraded,-1,1
SES-166471,2026-08-22 23:04:28+00:00,2026-08-22,iPhone 16 Pro,v18.2.0-b2,GS-LEO-06,GS-TX-A,Messages_Satellite,6.41,31.3,4053.0,0.1089,Degraded,-1,1
SES-190029,2026-08-24 02:19:22+00:00,2026-08-24,iPhone 16 Pro,v18.2.0-b2,GS-LEO-06,GS-CA-B,Messages_Satellite,15.43,16.5,4076.0,0.0978,Degraded,-1,1
SES-153224,2026-08-21 20:23:24+00:00,2026-08-21,iPhone 16 Pro,v18.2.0-b2,GS-LEO-06,GS-OR-D,Messages_Satellite,17.44,25.1,4079.0,0.0244,Degraded,-1,1
SES-197680,2026-08-10 13:25:30+00:00,2026-08-10,iPhone 16 Pro,v18.1.0,GS-LEO-21,GS-CA-B,Emergency_SOS,16.18,49.3,837.0,0.6667,Degraded,-1,1
SES-107853,2026-08-14 12:29:50+00:00,2026-08-14,iPhone 16 Pro,v18.2.0-b2,GS-LEO-06,GS-FL-C,Emergency_SOS,5.62,77.1,4228.0,0.0217,Degraded,-1,1
SES-105223,2026-08-28 02:51:07+00:00,2026-08-28,iPhone 16 Pro,v18.2.0-b2,GS-LEO-06,GS-FL-C,Messages_Satellite,13.61,84.8,4261.0,0.0254,Degraded,-1,1
SES-102504,2026-08-10 03:35:44+00:00,2026-08-10,iPhone 16 Pro,v18.2.0-b2,GS-LEO-06,GS-FL-C,Messages_Satellite,16.32,76.3,4281.0,0.1486,Degraded,-1,1
SES-164936,2026-08-22 18:53:12+00:00,2026-08-22,iPhone 16 Pro,v18.2.0-b2,GS-LEO-06,GS-FL-C,Messages_Satellite,9.41,20.0,4298.0,0.0189,Degraded,-1,1
SES-175949,2026-08-16 23:14:32+00:00,2026-08-16,iPhone 16 Pro,v18.2.1,GS-LEO-21,GS-CA-B,Messages_Satellite,15.5,62.9,832.0,0.7185,Degraded,-1,1
SES-150904,2026-08-05 17:02:35+00:00,2026-08-05,iPhone 16 Pro,v18.2.0-b2,GS-LEO-06,GS-FL-C,Messages_Satellite,6.68,48.9,4446.0,0.0392,Degraded,-1,1
SES-147375,2026-08-11 22:27:06+00:00,2026-08-11,iPhone 16 Pro,v18.2.0-b2,GS-LEO-06,GS-TX-A,FindMy_Ping,9.46,28.1,4524.0,0.1829,Degraded,-1,1
SES-131808,2026-08-20 23:10:00+00:00,2026-08-20,iPhone 16 Pro,v18.2.1,GS-LEO-07,GS-CA-B,Messages_Satellite,23.96,37.5,581.0,0.6599,Degraded,-1,1
SES-140659,2026-08-30 17:45:32+00:00,2026-08-30,iPhone 16 Pro,v18.2.0-b2,GS-LEO-01,GS-FL-C,FindMy_Ping,19.07,52.2,2944.0,0.2385,Degraded,-1,1
SES-155504,2026-08-19 19:19:28+00:00,2026-08-19,iPhone 16 Pro,v18.2.0-b2,GS-LEO-01,GS-CA-B,FindMy_Ping,10.62,39.6,3129.0,0.6001,Degraded,-1,1
SES-112342,2026-08-26 09:33:21+00:00,2026-08-26,iPhone 16 Pro,v18.1.0,GS-LEO-21,GS-CA-B,Messages_Satellite,16.18,74.6,807.0,0.7824,Degraded,-1,1
SES-111260,2026-08-21 13:48:00+00:00,2026-08-21,iPhone 16 Pro,v18.2.0-b2,GS-LEO-01,GS-FL-C,FindMy_Ping,1.86,29.8,3303.0,0.1788,Degraded,-1,1
SES-144874,2026-08-22 12:36:04+00:00,2026-08-22,iPhone 16 Pro,v18.2.1,GS-LEO-21,GS-CA-B,Messages_Satellite,15.86,39.8,797.0,0.7419,Degraded,-1,1
SES-158324,2026-08-26 15:15:46+00:00,2026-08-26,iPhone 16 Pro,v18.2.0-b2,GS-LEO-01,GS-TX-A,Roadside_Assistance,17.96,19.0,3431.0,0.1601,Degraded,-1,1
SES-132241,2026-08-10 05:08:37+00:00,2026-08-10,iPhone 16 Pro,v18.2.0-b2,GS-LEO-01,GS-FL-C,FindMy_Ping,24.63,81.0,3477.0,0.0495,Degraded,-1,1
SES-182582,2026-08-04 18:38:23+00:00,2026-08-04,iPhone 16 Pro,v18.2.0-b2,GS-LEO-01,GS-FL-C,Messages_Satellite,4.97,76.9,3614.0,0.1226,Degraded,-1,1
SES-175097,2026-08-26 19:48:55+00:00,2026-08-26,iPhone 16 Pro,v18.2.0-b2,GS-LEO-21,GS-CA-B,FindMy_Ping,17.4,69.9,775.0,0.6966,Degraded,-1,1
SES-189151,2026-08-01 23:21:49+00:00,2026-08-01,iPhone 16 Pro,v18.1.0,GS-LEO-14,GS-CA-B,Messages_Satellite,13.52,79.9,900.0,0.7412,Degraded,-1,1
SES-130772,2026-08-21 13:02:18+00:00,2026-08-21,iPhone 16 Pro,v18.2.0-b2,GS-LEO-01,GS-CA-B,Messages_Satellite,20.03,45.5,3702.0,0.0259,Degraded,-1,1
SES-165964,2026-08-27 18:43:34+00:00,2026-08-27,iPhone 16 Pro,v18.2.0-b2,GS-LEO-01,GS-OR-D,Emergency_SOS,18.76,53.5,3742.0,0.0195,Degraded,-1,1
SES-194254,2026-08-16 21:05:29+00:00,2026-08-16,iPhone 16 Pro,v18.2.0-b2,GS-LEO-01,GS-CA-B,Messages_Satellite,16.46,49.6,3745.0,0.5907,Degraded,-1,1
SES-190041,2026-08-24 03:38:50+00:00,2026-08-24,iPhone 16 Pro,v18.2.0-b2,GS-LEO-01,GS-OR-D,Roadside_Assistance,14.42,67.5,3780.0,0.0037,Degraded,-1,1
SES-175311,2026-08-19 16:18:11+00:00,2026-08-19,iPhone 16 Pro,v18.2.1,GS-LEO-03,GS-CA-B,Messages_Satellite,10.73,15.9,925.0,0.6139,Degraded,-1,1
SES-171826,2026-08-15 07:18:02+00:00,2026-08-15,iPhone 16 Pro,v18.2.0-b2,GS-LEO-01,GS-TX-A,Roadside_Assistance,8.31,19.8,3836.0,0.1361,Degraded,-1,1
SES-135749,2026-08-27 06:20:03+00:00,2026-08-27,iPhone 16 Pro,v18.2.0-b2,GS-LEO-01,GS-TX-A,Roadside_Assistance,3.21,28.9,3875.0,0.0014,Degraded,-1,1
SES-152609,2026-08-12 23:17:53+00:00,2026-08-12,iPhone 16 Pro,v18.2.0-b2,GS-LEO-01,GS-TX-A,Messages_Satellite,13.14,76.5,3888.0,0.0238,Degraded,-1,1
SES-134500,2026-08-20 13:00:04+00:00,2026-08-20,iPhone 16 Pro,v18.2.0-b2,GS-LEO-01,GS-FL-C,Roadside_Assistance,7.48,83.0,3894.0,0.006,Degraded,-1,1
SES-112834,2026-08-15 05:00:03+00:00,2026-08-15,iPhone 16 Pro,v18.2.1,GS-LEO-07,GS-CA-B,FindMy_Ping,19.94,74.6,722.0,0.6541,Degraded,-1,1
SES-134177,2026-08-18 16:53:15+00:00,2026-08-18,iPhone 16 Pro,v18.2.0-b2,GS-LEO-01,GS-OR-D,Messages_Satellite,15.89,65.1,3970.0,0.055,Degraded,-1,1
SES-132646,2026-08-03 08:52:45+00:00,2026-08-03,iPhone 16 Pro,v18.2.0-b2,GS-LEO-01,GS-TX-A,Messages_Satellite,14.53,15.2,3978.0,0.1293,Degraded,-1,1
SES-194026,2026-08-07 04:51:09+00:00,2026-08-07,iPhone 16 Pro,v18.2.0-b2,GS-LEO-01,GS-TX-A,FindMy_Ping,18.87,18.1,4033.0,0.001,Degraded,-1,1
SES-153472,2026-08-14 01:18:35+00:00,2026-08-14,iPhone 16 Pro,v18.2.1,GS-LEO-04,GS-CA-B,FindMy_Ping,1.45,81.6,1151.0,0.7883,Degraded,-1,1
SES-164730,2026-08-17 21:26:05+00:00,2026-08-17,iPhone 16 Pro,v18.1.0,GS-LEO-14,GS-CA-B,Messages_Satellite,11.04,33.5,923.0,0.7248,Degraded,-1,1
SES-122927,2026-08-27 19:19:24+00:00,2026-08-27,iPhone 16 Pro,v18.1.0,GS-LEO-04,GS-CA-B,Roadside_Assistance,3.72,43.7,1152.0,0.6113,Degraded,-1,1
SES-187917,2026-08-21 11:34:44+00:00,2026-08-21,iPhone 16 Pro,v18.2.0-b2,GS-LEO-01,GS-FL-C,Roadside_Assistance,15.59,81.6,4052.0,0.0921,Degraded,-1,1
SES-188589,2026-08-19 02:39:34+00:00,2026-08-19,iPhone 16 Pro,v18.2.0-b2,GS-LEO-01,GS-OR-D,FindMy_Ping,13.07,69.3,4065.0,0.0981,Degraded,-1,1
SES-173757,2026-08-05 21:56:14+00:00,2026-08-05,iPhone 16 Pro,v18.2.0-b2,GS-LEO-01,GS-FL-C,Messages_Satellite,7.49,62.2,4098.0,0.0127,Degraded,-1,1
SES-187635,2026-08-04 07:54:37+00:00,2026-08-04,iPhone 16 Pro,v18.2.0-b2,GS-LEO-01,GS-FL-C,Messages_Satellite,11.83,78.3,4122.0,0.1089,Degraded,-1,1
SES-123072,2026-08-25 13:17:13+00:00,2026-08-25,iPhone 16 Pro,v18.2.0-b2,GS-LEO-01,GS-TX-A,FindMy_Ping,16.71,25.3,4123.0,0.0919,Degraded,-1,1
SES-190216,2026-08-25 08:34:50+00:00,2026-08-25,iPhone 16 Pro,v18.2.0-b2,GS-LEO-01,GS-FL-C,Messages_Satellite,16.16,63.5,4127.0,0.0975,Degraded,-1,1
SES-151862,2026-08-05 11:47:48+00:00,2026-08-05,iPhone 16 Pro,v18.2.0-b2,GS-LEO-01,GS-OR-D,Messages_Satellite,19.19,68.7,4138.0,0.053,Degraded,-1,1
SES-114103,2026-08-19 14:46:37+00:00,2026-08-19,iPhone 16 Pro,v18.2.0-b2,GS-LEO-01,GS-TX-A,Roadside_Assistance,7.01,32.3,4169.0,0.0381,Degraded,-1,1
SES-157693,2026-08-05 16:14:16+00:00,2026-08-05,iPhone 16 Pro,v18.2.0-b2,GS-LEO-01,GS-TX-A,Roadside_Assistance,5.49,51.8,4193.0,0.149,Degraded,-1,1
SES-105056,2026-08-24 02:25:40+00:00,2026-08-24,iPhone 16 Pro,v18.2.0-b2,GS-LEO-01,GS-FL-C,Messages_Satellite,13.91,63.5,4242.0,0.1436,Degraded,-1,1
SES-140131,2026-08-09 05:37:05+00:00,2026-08-09,iPhone 16 Pro,v18.2.1,GS-LEO-21,GS-CA-B,Emergency_SOS,18.26,16.1,706.0,0.685,Degraded,-1,1
SES-156811,2026-08-16 05:34:57+00:00,2026-08-16,iPhone 16 Pro,v18.2.1,GS-LEO-14,GS-CA-B,Messages_Satellite,12.16,26.4,937.0,0.6651,Degraded,-1,1
SES-107835,2026-08-06 18:53:55+00:00,2026-08-06,iPhone 16 Pro,v18.2.1,GS-LEO-03,GS-CA-B,Roadside_Assistance,8.7,16.0,921.0,0.4942,Degraded,-1,1
SES-104965,2026-08-17 17:59:30+00:00,2026-08-17,iPhone 16 Pro,v18.2.1,GS-LEO-14,GS-CA-B,Messages_Satellite,10.73,61.4,942.0,0.7516,Degraded,-1,1
SES-167992,2026-08-25 16:00:48+00:00,2026-08-25,iPhone 16 Pro,v18.2.0-b2,GS-LEO-20,GS-OR-D,Messages_Satellite,5.29,46.8,4545.0,0.0478,Degraded,-1,1
SES-129628,2026-08-31 09:46:22+00:00,2026-08-31,iPhone 16 Pro,v18.2.0-b2,GS-LEO-20,GS-CA-B,Messages_Satellite,9.35,16.6,4416.0,0.0301,Degraded,-1,1
SES-125567,2026-08-02 13:43:39+00:00,2026-08-02,iPhone 16 Pro,v18.2.0-b2,GS-LEO-20,GS-FL-C,Emergency_SOS,10.38,71.1,4369.0,0.0752,Degraded,-1,1
SES-153605,2026-08-21 19:18:38+00:00,2026-08-21,iPhone 16 Pro,v18.2.0-b2,GS-LEO-20,GS-OR-D,Messages_Satellite,8.12,76.5,4336.0,0.1161,Degraded,-1,1
SES-174990,2026-08-26 07:51:28+00:00,2026-08-26,iPhone 16 Pro,v18.2.0-b2,GS-LEO-20,GS-OR-D,Messages_Satellite,4.65,71.5,4172.0,0.0232,Degraded,-1,1
SES-171459,2026-08-19 08:13:47+00:00,2026-08-19,iPhone 16 Pro,v18.2.0-b2,GS-LEO-20,GS-OR-D,Messages_Satellite,5.81,16.7,4144.0,0.0519,Degraded,-1,1
SES-175674,2026-08-23 13:56:41+00:00,2026-08-23,iPhone 16 Pro,v18.2.0-b2,GS-LEO-20,GS-CA-B,Emergency_SOS,14.3,27.6,4071.0,0.1754,Degraded,-1,1
SES-185456,2026-08-29 14:42:19+00:00,2026-08-29,iPhone 16 Pro,v18.2.0-b2,GS-LEO-20,GS-FL-C,Emergency_SOS,16.8,57.9,4069.0,0.139,Degraded,-1,1
SES-179714,2026-08-12 11:30:04+00:00,2026-08-12,iPhone 16 Pro,v18.2.0-b2,GS-LEO-20,GS-OR-D,Messages_Satellite,14.89,75.5,4014.0,0.0801,Degraded,-1,1
SES-129300,2026-08-22 23:01:21+00:00,2026-08-22,iPhone 16 Pro,v18.2.0-b2,GS-LEO-20,GS-TX-A,FindMy_Ping,2.85,15.5,3996.0,0.0351,Degraded,-1,1
SES-120696,2026-08-28 00:07:45+00:00,2026-08-28,iPhone 16 Pro,v18.2.0-b2,GS-LEO-20,GS-FL-C,FindMy_Ping,8.8,57.2,3865.0,0.1596,Degraded,-1,1
SES-131090,2026-08-15 18:06:24+00:00,2026-08-15,iPhone 16 Pro,v18.2.0-b2,GS-LEO-20,GS-FL-C,Emergency_SOS,17.45,30.6,3856.0,0.2203,Degraded,-1,1
SES-120485,2026-08-05 07:43:08+00:00,2026-08-05,iPhone 16 Pro,v18.2.0-b2,GS-LEO-20,GS-OR-D,FindMy_Ping,16.51,58.3,3777.0,0.1401,Degraded,-1,1
SES-126512,2026-08-15 08:50:40+00:00,2026-08-15,iPhone 16 Pro,v18.2.0-b2,GS-LEO-20,GS-TX-A,Messages_Satellite,19.43,69.9,3761.0,0.1021,Degraded,-1,1
SES-117411,2026-08-14 12:29:30+00:00,2026-08-14,iPhone 16 Pro,v18.2.0-b2,GS-LEO-07,GS-CA-B,Messages_Satellite,16.85,19.4,753.0,0.5994,Degraded,-1,1
SES-188056,2026-08-21 07:56:48+00:00,2026-08-21,iPhone 16 Pro,v18.2.0-b2,GS-LEO-20,GS-OR-D,FindMy_Ping,4.33,56.5,3740.0,0.082,Degraded,-1,1
SES-147514,2026-08-02 18:54:06+00:00,2026-08-02,iPhone 16 Pro,v18.1.0,GS-LEO-04,GS-TX-A,Messages_Satellite,0.38,84.6,1196.0,0.2799,Degraded,-1,1
SES-160434,2026-08-06 21:05:55+00:00,2026-08-06,iPhone 16 Pro,v18.2.0-b2,GS-LEO-20,GS-FL-C,Messages_Satellite,12.5,81.8,3662.0,0.1093,Degraded,-1,1
SES-106904,2026-08-29 13:54:48+00:00,2026-08-29,iPhone 16 Pro,v18.2.0-b2,GS-LEO-20,GS-CA-B,Roadside_Assistance,20.88,21.7,3610.0,0.0695,Degraded,-1,1
SES-109696,2026-08-07 18:06:13+00:00,2026-08-07,iPhone 16 Pro,v18.2.0-b2,GS-LEO-20,GS-CA-B,Messages_Satellite,18.61,35.7,3494.0,0.5323,Degraded,-1,1
SES-160408,2026-08-20 08:50:30+00:00,2026-08-20,iPhone 16 Pro,v18.2.0-b2,GS-LEO-20,GS-FL-C,Messages_Satellite,2.99,65.5,3352.0,0.1016,Degraded,-1,1
SES-181925,2026-08-12 09:26:10+00:00,2026-08-12,iPhone 16 Pro,v18.2.0-b2,GS-LEO-20,GS-CA-B,FindMy_Ping,16.39,20.7,2752.0,0.5997,Degraded,-1,1
SES-148568,2026-08-11 22:22:00+00:00,2026-08-11,iPhone 16 Pro,v18.2.0-b2,GS-LEO-20,GS-CA-B,Emergency_SOS,20.97,62.9,2643.0,0.3931,Degraded,-1,1
SES-118964,2026-08-17 09:26:34+00:00,2026-08-17,iPhone 16 Pro,v18.2.1,GS-LEO-02,GS-CA-B,FindMy_Ping,21.79,72.4,666.0,0.6511,Degraded,-1,1
SES-183705,2026-08-01 10:21:32+00:00,2026-08-01,iPhone 16 Pro,v18.1.0,GS-LEO-09,GS-CA-B,FindMy_Ping,15.29,38.8,794.0,0.6878,Degraded,-1,1
SES-167750,2026-08-30 16:23:17+00:00,2026-08-30,iPhone 16 Pro,v18.1.0,GS-LEO-20,GS-CA-B,FindMy_Ping,6.32,68.0,1030.0,0.5921,Degraded,-1,1
SES-170050,2026-08-03 20:31:28+00:00,2026-08-03,iPhone 16 Pro,v18.2.1,GS-LEO-14,GS-CA-B,FindMy_Ping,10.69,51.4,1020.0,0.606,Degraded,-1,1
SES-167497,2026-08-22 19:32:14+00:00,2026-08-22,iPhone 16 Pro,v18.1.0,GS-LEO-20,GS-CA-B,Emergency_SOS,8.25,22.1,1004.0,0.7691,Degraded,-1,1
SES-161643,2026-08-23 05:20:17+00:00,2026-08-23,iPhone 16 Pro,v18.2.0-b2,GS-LEO-20,GS-CA-B,Roadside_Assistance,9.72,55.9,983.0,0.6813,Degraded,-1,1
SES-111895,2026-08-07 03:28:36+00:00,2026-08-07,iPhone 16 Pro,v18.2.1,GS-LEO-14,GS-FL-C,Messages_Satellite,3.12,81.8,1132.0,0.2583,Degraded,-1,1
SES-166927,2026-08-25 22:23:03+00:00,2026-08-25,iPhone 16 Pro,v18.1.0,GS-LEO-14,GS-CA-B,Emergency_SOS,3.19,23.4,1205.0,0.3531,Degraded,-1,1
SES-184184,2026-08-07 23:03:13+00:00,2026-08-07,iPhone 16 Pro,v18.1.0,GS-LEO-03,GS-CA-B,Roadside_Assistance,11.19,82.5,896.0,0.7314,Degraded,-1,1
SES-137080,2026-08-14 06:36:56+00:00,2026-08-14,iPhone 16 Pro,v18.2.0-b2,GS-LEO-14,GS-CA-B,Messages_Satellite,5.2,48.7,3075.0,0.6625,Degraded,-1,1
SES-155726,2026-08-13 21:45:02+00:00,2026-08-13,iPhone 16 Pro,v18.2.0-b2,GS-LEO-14,GS-OR-D,Messages_Satellite,6.71,16.8,3493.0,0.129,Degraded,-1,1
SES-129376,2026-08-09 10:51:40+00:00,2026-08-09,iPhone 16 Pro,v18.2.0-b2,GS-LEO-14,GS-CA-B,Roadside_Assistance,19.3,47.9,3561.0,0.0863,Degraded,-1,1
SES-185443,2026-08-18 01:21:10+00:00,2026-08-18,iPhone 16 Pro,v18.2.0-b2,GS-LEO-14,GS-CA-B,FindMy_Ping,9.69,15.6,3646.0,0.679,Degraded,-1,1
SES-141230,2026-08-28 08:34:21+00:00,2026-08-28,iPhone 16 Pro,v18.2.0-b2,GS-LEO-04,GS-TX-A,Roadside_Assistance,17.53,16.9,3005.0,0.1594,Degraded,-1,1
SES-178984,2026-08-09 06:43:07+00:00,2026-08-09,iPhone 16 Pro,v18.2.0-b2,GS-LEO-14,GS-CA-B,Messages_Satellite,15.55,21.2,3657.0,0.1795,Degraded,-1,1
SES-190011,2026-08-01 05:51:03+00:00,2026-08-01,iPhone 16 Pro,v18.2.0-b2,GS-LEO-14,GS-CA-B,Messages_Satellite,11.47,52.8,3718.0,0.3794,Degraded,-1,1
SES-197477,2026-08-04 21:28:15+00:00,2026-08-04,iPhone 16 Pro,v18.2.0-b2,GS-LEO-14,GS-OR-D,FindMy_Ping,18.85,43.3,3799.0,0.0076,Degraded,-1,1
SES-156486,2026-08-21 05:00:35+00:00,2026-08-21,iPhone 16 Pro,v18.2.0-b2,GS-LEO-14,GS-OR-D,Emergency_SOS,16.09,79.3,3860.0,0.0307,Degraded,-1,1
SES-141902,2026-08-21 00:21:57+00:00,2026-08-21,iPhone 16 Pro,v18.2.0-b2,GS-LEO-14,GS-CA-B,Messages_Satellite,17.41,15.6,4024.0,0.0515,Degraded,-1,1
SES-135616,2026-08-25 15:08:39+00:00,2026-08-25,iPhone 16 Pro,v18.2.0-b2,GS-LEO-14,GS-CA-B,Roadside_Assistance,17.01,83.8,4054.0,0.0031,Degraded,-1,1
SES-129534,2026-08-30 19:41:12+00:00,2026-08-30,iPhone 16 Pro,v18.2.0-b2,GS-LEO-14,GS-OR-D,FindMy_Ping,13.71,81.0,4061.0,0.0236,Degraded,-1,1
SES-137586,2026-08-11 12:56:20+00:00,2026-08-11,iPhone 16 Pro,v18.2.0-b2,GS-LEO-14,GS-CA-B,Messages_Satellite,15.7,74.1,4127.0,0.7316,Degraded,-1,1
SES-146170,2026-08-28 14:21:45+00:00,2026-08-28,iPhone 16 Pro,v18.2.0-b2,GS-LEO-14,GS-CA-B,Roadside_Assistance,12.49,66.0,4229.0,0.2717,Degraded,-1,1
SES-125522,2026-08-02 08:10:51+00:00,2026-08-02,iPhone 16 Pro,v18.2.0-b2,GS-LEO-14,GS-OR-D,Messages_Satellite,11.36,73.6,4269.0,0.025,Degraded,-1,1
SES-151074,2026-08-21 21:51:01+00:00,2026-08-21,iPhone 16 Pro,v18.2.0-b2,GS-LEO-14,GS-FL-C,Roadside_Assistance,8.8,73.6,4276.0,0.1237,Degraded,-1,1
SES-190466,2026-08-19 21:35:53+00:00,2026-08-19,iPhone 16 Pro,v18.2.0-b2,GS-LEO-14,GS-FL-C,Messages_Satellite,7.01,25.3,4333.0,0.0952,Degraded,-1,1
SES-141017,2026-08-29 05:18:54+00:00,2026-08-29,iPhone 16 Pro,v18.2.0-b2,GS-LEO-14,GS-OR-D,Roadside_Assistance,6.92,18.3,4334.0,0.0576,Degraded,-1,1
SES-161511,2026-08-11 03:06:57+00:00,2026-08-11,iPhone 16 Pro,v18.2.0-b2,GS-LEO-15,GS-TX-A,Roadside_Assistance,23.83,84.9,545.0,0.0377,Optimal,-1,1
SES-119193,2026-08-28 17:51:14+00:00,2026-08-28,iPhone 16 Pro,v18.2.0-b2,GS-LEO-04,GS-FL-C,FindMy_Ping,17.28,65.7,3053.0,0.2531,Degraded,-1,1
SES-101231,2026-08-03 04:49:58+00:00,2026-08-03,iPhone 16 Pro,v18.2.1,GS-LEO-20,GS-CA-B,Messages_Satellite,10.72,42.6,939.0,0.7626,Degraded,-1,1
SES-172831,2026-08-16 04:29:15+00:00,2026-08-16,iPhone 16 Pro,v18.2.0-b2,GS-LEO-15,GS-CA-B,Messages_Satellite,21.24,38.8,700.0,0.5208,Degraded,-1,1
SES-160065,2026-08-14 06:26:54+00:00,2026-08-14,iPhone 16 Pro,v18.2.0-b2,GS-LEO-04,GS-CA-B,FindMy_Ping,12.16,37.5,3250.0,0.5681,Degraded,-1,1
SES-177323,2026-08-29 19:57:58+00:00,2026-08-29,iPhone 16 Pro,v18.1.0,GS-LEO-15,GS-CA-B,Roadside_Assistance,13.26,23.7,794.0,0.7312,Degraded,-1,1
SES-170266,2026-08-21 07:51:46+00:00,2026-08-21,iPhone 16 Pro,v18.2.0-b2,GS-LEO-15,GS-CA-B,Emergency_SOS,17.77,64.1,797.0,0.6456,Degraded,-1,1
SES-140341,2026-08-29 02:13:17+00:00,2026-08-29,iPhone 16 Pro,v18.2.1,GS-LEO-20,GS-CA-B,FindMy_Ping,12.72,62.2,873.0,0.8721,Degraded,-1,1
SES-187196,2026-08-04 18:25:06+00:00,2026-08-04,iPhone 16 Pro,v18.1.0,GS-LEO-09,GS-CA-B,Roadside_Assistance,18.35,82.9,679.0,0.4983,Degraded,-1,1
SES-143351,2026-08-26 19:57:33+00:00,2026-08-26,iPhone 16 Pro,v18.1.0,GS-LEO-03,GS-CA-B,Roadside_Assistance,17.9,22.1,876.0,0.6144,Degraded,-1,1
SES-158110,2026-08-18 22:16:04+00:00,2026-08-18,iPhone 16 Pro,v18.2.1,GS-LEO-15,GS-CA-B,Messages_Satellite,15.28,77.1,820.0,0.7156,Degraded,-1,1
SES-114514,2026-08-24 13:21:08+00:00,2026-08-24,iPhone 16 Pro,v18.2.0-b2,GS-LEO-20,GS-CA-B,Messages_Satellite,13.96,67.2,843.0,0.8006,Degraded,-1,1
SES-103140,2026-08-02 13:33:04+00:00,2026-08-02,iPhone 16 Pro,v18.2.0-b2,GS-LEO-04,GS-OR-D,Emergency_SOS,4.86,21.7,3709.0,0.0049,Degraded,-1,1
SES-123281,2026-08-11 21:30:09+00:00,2026-08-11,iPhone 16 Pro,v18.2.1,GS-LEO-03,GS-CA-B,Roadside_Assistance,13.26,20.3,871.0,0.6304,Degraded,-1,1
SES-111261,2026-08-24 08:44:30+00:00,2026-08-24,iPhone 16 Pro,v18.2.0-b2,GS-LEO-08,GS-TX-A,FindMy_Ping,6.64,81.5,4386.0,0.0233,Degraded,-1,1
SES-153632,2026-08-31 09:07:36+00:00,2026-08-31,iPhone 16 Pro,v18.2.0-b2,GS-LEO-08,GS-OR-D,FindMy_Ping,9.13,55.9,4315.0,0.1232,Degraded,-1,1
SES-189237,2026-08-27 08:22:22+00:00,2026-08-27,iPhone 16 Pro,v18.2.0-b2,GS-LEO-08,GS-FL-C,Messages_Satellite,7.34,37.1,4271.0,0.1358,Degraded,-1,1
SES-139433,2026-08-13 09:27:17+00:00,2026-08-13,iPhone 16 Pro,v18.2.0-b2,GS-LEO-08,GS-OR-D,Messages_Satellite,6.79,60.2,4248.0,0.0319,Degraded,-1,1
SES-104396,2026-08-06 11:34:54+00:00,2026-08-06,iPhone 16 Pro,v18.2.0-b2,GS-LEO-08,GS-OR-D,Emergency_SOS,13.14,70.7,4243.0,0.1486,Degraded,-1,1
SES-115358,2026-08-17 04:51:44+00:00,2026-08-17,iPhone 16 Pro,v18.2.0-b2,GS-LEO-08,GS-OR-D,Messages_Satellite,11.38,84.1,4217.0,0.1246,Degraded,-1,1
SES-142536,2026-08-19 21:57:22+00:00,2026-08-19,iPhone 16 Pro,v18.2.0-b2,GS-LEO-08,GS-FL-C,Roadside_Assistance,8.54,77.7,4179.0,0.0356,Degraded,-1,1
SES-165839,2026-08-14 04:21:37+00:00,2026-08-14,iPhone 16 Pro,v18.2.0-b2,GS-LEO-08,GS-TX-A,FindMy_Ping,5.52,51.9,4173.0,0.0186,Degraded,-1,1
SES-158482,2026-08-14 07:35:23+00:00,2026-08-14,iPhone 16 Pro,v18.2.0-b2,GS-LEO-08,GS-TX-A,FindMy_Ping,4.86,49.3,4171.0,0.0677,Degraded,-1,1
SES-194339,2026-08-05 14:37:25+00:00,2026-08-05,iPhone 16 Pro,v18.2.0-b2,GS-LEO-08,GS-OR-D,Messages_Satellite,6.61,50.6,4168.0,0.0299,Degraded,-1,1
SES-175320,2026-08-26 12:21:43+00:00,2026-08-26,iPhone 16 Pro,v18.2.0-b2,GS-LEO-08,GS-CA-B,Messages_Satellite,18.17,48.6,4168.0,0.0857,Degraded,-1,1
SES-128878,2026-08-14 06:48:15+00:00,2026-08-14,iPhone 16 Pro,v18.2.0-b2,GS-LEO-08,GS-OR-D,FindMy_Ping,12.12,75.9,4151.0,0.0399,Degraded,-1,1
SES-182216,2026-08-18 04:31:48+00:00,2026-08-18,iPhone 16 Pro,v18.2.0-b2,GS-LEO-20,GS-CA-B,FindMy_Ping,17.27,75.0,821.0,0.6634,Degraded,-1,1
SES-175269,2026-08-14 15:05:52+00:00,2026-08-14,iPhone 16 Pro,v18.2.0-b2,GS-LEO-08,GS-TX-A,Roadside_Assistance,2.75,67.5,4123.0,0.0491,Degraded,-1,1
SES-114152,2026-08-26 23:18:10+00:00,2026-08-26,iPhone 16 Pro,v18.2.0-b2,GS-LEO-08,GS-OR-D,Messages_Satellite,13.95,82.2,4091.0,0.0682,Degraded,-1,1
SES-104049,2026-08-24 17:28:40+00:00,2026-08-24,iPhone 16 Pro,v18.2.0-b2,GS-LEO-08,GS-TX-A,Emergency_SOS,5.29,55.6,3959.0,0.0186,Degraded,-1,1
SES-187227,2026-08-27 13:48:32+00:00,2026-08-27,iPhone 16 Pro,v18.2.0-b2,GS-LEO-08,GS-CA-B,Messages_Satellite,16.29,15.9,3842.0,0.6267,Degraded,-1,1
SES-198077,2026-08-12 22:19:15+00:00,2026-08-12,iPhone 16 Pro,v18.2.0-b2,GS-LEO-08,GS-TX-A,Roadside_Assistance,14.84,76.1,3816.0,0.109,Degraded,-1,1
SES-183904,2026-08-07 21:06:53+00:00,2026-08-07,iPhone 16 Pro,v18.2.0-b2,GS-LEO-07,GS-CA-B,FindMy_Ping,13.42,25.9,858.0,0.7772,Degraded,-1,1
SES-170536,2026-08-16 04:50:29+00:00,2026-08-16,iPhone 16 Pro,v18.2.0-b2,GS-LEO-08,GS-TX-A,Messages_Satellite,14.14,82.5,3708.0,0.0437,Degraded,-1,1
SES-121644,2026-08-22 06:00:03+00:00,2026-08-22,iPhone 16 Pro,v18.2.0-b2,GS-LEO-08,GS-CA-B,Roadside_Assistance,9.1,37.5,3537.0,0.484,Degraded,-1,1
SES-116756,2026-08-08 22:57:04+00:00,2026-08-08,iPhone 16 Pro,v18.2.0-b2,GS-LEO-04,GS-TX-A,Messages_Satellite,16.78,63.6,3935.0,0.1395,Degraded,-1,1
SES-133155,2026-08-11 01:14:27+00:00,2026-08-11,iPhone 16 Pro,v18.2.0-b2,GS-LEO-24,GS-CA-B,Messages_Satellite,8.15,58.6,4469.0,0.121,Degraded,-1,1
SES-113806,2026-08-13 22:39:12+00:00,2026-08-13,iPhone 16 Pro,v18.2.0-b2,GS-LEO-08,GS-FL-C,Messages_Satellite,19.41,83.1,3518.0,0.0021,Degraded,-1,1
SES-144379,2026-08-19 16:29:06+00:00,2026-08-19,iPhone 16 Pro,v18.2.0-b2,GS-LEO-24,GS-OR-D,Messages_Satellite,4.26,82.6,4457.0,0.0337,Degraded,-1,1
SES-190332,2026-08-07 02:49:39+00:00,2026-08-07,iPhone 16 Pro,v18.2.0-b2,GS-LEO-04,GS-FL-C,FindMy_Ping,10.9,75.8,3987.0,0.0861,Degraded,-1,1
SES-169882,2026-08-31 14:46:44+00:00,2026-08-31,iPhone 16 Pro,v18.2.0-b2,GS-LEO-04,GS-TX-A,Emergency_SOS,6.24,26.5,3993.0,0.0388,Degraded,-1,1
SES-160891,2026-08-07 23:09:48+00:00,2026-08-07,iPhone 16 Pro,v18.2.0-b2,GS-LEO-04,GS-TX-A,Messages_Satellite,14.68,76.8,4042.0,0.0828,Degraded,-1,1
SES-149280,2026-08-18 20:05:52+00:00,2026-08-18,iPhone 16 Pro,v18.2.0-b2,GS-LEO-20,GS-CA-B,Messages_Satellite,17.53,69.7,771.0,0.6658,Degraded,-1,1
SES-133001,2026-08-27 03:12:03+00:00,2026-08-27,iPhone 16 Pro,v18.2.0-b2,GS-LEO-20,GS-CA-B,Messages_Satellite,14.67,82.2,751.0,0.6084,Degraded,-1,1
SES-172446,2026-08-15 09:12:42+00:00,2026-08-15,iPhone 16 Pro,v18.2.0-b2,GS-LEO-08,GS-CA-B,FindMy_Ping,15.23,22.4,2803.0,0.5315,Degraded,-1,1
SES-144906,2026-08-02 19:11:53+00:00,2026-08-02,iPhone 16 Pro,v18.2.0-b2,GS-LEO-04,GS-FL-C,Roadside_Assistance,14.53,76.1,4132.0,0.1089,Degraded,-1,1
SES-169184,2026-08-22 02:22:43+00:00,2026-08-22,iPhone 16 Pro,v18.2.0-b2,GS-LEO-08,GS-TX-A,Roadside_Assistance,14.57,84.0,2680.0,0.2136,Degraded,-1,1
SES-118026,2026-08-05 01:00:51+00:00,2026-08-05,iPhone 16 Pro,v18.2.0-b2,GS-LEO-08,GS-FL-C,Roadside_Assistance,23.74,47.2,2548.0,0.062,Degraded,-1,1
SES-160693,2026-08-21 07:08:54+00:00,2026-08-21,iPhone 16 Pro,v18.2.0-b2,GS-LEO-08,GS-OR-D,Messages_Satellite,7.22,15.9,2502.0,0.2114,Degraded,-1,1
SES-159450,2026-08-17 08:14:40+00:00,2026-08-17,iPhone 16 Pro,v18.1.0,GS-LEO-03,GS-CA-B,Messages_Satellite,14.62,82.4,847.0,0.6424,Degraded,-1,1
SES-104777,2026-08-20 04:20:25+00:00,2026-08-20,iPhone 16 Pro,v18.2.0-b2,GS-LEO-04,GS-CA-B,FindMy_Ping,15.57,19.9,4238.0,0.0802,Degraded,-1,1
SES-187628,2026-08-06 12:25:40+00:00,2026-08-06,iPhone 16 Pro,v18.2.0-b2,GS-LEO-08,GS-FL-C,Roadside_Assistance,2.64,64.1,1204.0,0.347,Degraded,-1,1
SES-145799,2026-08-20 07:17:00+00:00,2026-08-20,iPhone 16 Pro,v18.2.0-b2,GS-LEO-20,GS-CA-B,Messages_Satellite,19.09,84.9,704.0,0.5505,Degraded,-1,1
SES-171181,2026-08-10 16:39:59+00:00,2026-08-10,iPhone 16 Pro,v18.2.0-b2,GS-LEO-04,GS-OR-D,Emergency_SOS,18.23,70.2,4293.0,0.0842,Degraded,-1,1
SES-170587,2026-08-06 12:25:12+00:00,2026-08-06,iPhone 16 Pro,v18.2.0-b2,GS-LEO-04,GS-TX-A,Messages_Satellite,11.25,60.7,4314.0,0.1513,Degraded,-1,1
SES-182608,2026-08-16 20:35:18+00:00,2026-08-16,iPhone 16 Pro,v18.2.0-b2,GS-LEO-04,GS-FL-C,Messages_Satellite,12.4,79.9,4316.0,0.1007,Degraded,-1,1
SES-198783,2026-08-23 05:44:06+00:00,2026-08-23,iPhone 16 Pro,v18.2.0-b2,GS-LEO-19,GS-TX-A,Emergency_SOS,6.89,48.3,4428.0,0.052,Degraded,-1,1
SES-143388,2026-08-26 21:49:24+00:00,2026-08-26,iPhone 16 Pro,v18.2.0-b2,GS-LEO-19,GS-OR-D,Messages_Satellite,10.93,82.9,4383.0,0.0654,Degraded,-1,1
SES-197932,2026-08-10 01:12:44+00:00,2026-08-10,iPhone 16 Pro,v18.2.0-b2,GS-LEO-19,GS-TX-A,Roadside_Assistance,9.52,57.8,4378.0,0.1331,Degraded,-1,1
SES-139186,2026-08-18 15:59:32+00:00,2026-08-18,iPhone 16 Pro,v18.2.0-b2,GS-LEO-19,GS-TX-A,Messages_Satellite,8.78,60.6,4375.0,0.0697,Degraded,-1,1
SES-192303,2026-08-02 13:25:18+00:00,2026-08-02,iPhone 16 Pro,v18.2.0-b2,GS-LEO-19,GS-CA-B,Messages_Satellite,11.01,36.7,4273.0,0.1602,Degraded,-1,1
SES-178250,2026-08-06 05:17:33+00:00,2026-08-06,iPhone 16 Pro,v18.2.0-b2,GS-LEO-19,GS-OR-D,Roadside_Assistance,17.3,68.0,4181.0,0.0649,Degraded,-1,1
SES-139566,2026-08-10 21:08:17+00:00,2026-08-10,iPhone 16 Pro,v18.2.0-b2,GS-LEO-19,GS-OR-D,FindMy_Ping,18.0,58.6,4170.0,0.0379,Degraded,-1,1
SES-167075,2026-08-07 08:53:24+00:00,2026-08-07,iPhone 16 Pro,v18.2.0-b2,GS-LEO-19,GS-FL-C,Messages_Satellite,12.07,74.2,4151.0,0.1154,Degraded,-1,1
SES-103812,2026-08-04 13:52:39+00:00,2026-08-04,iPhone 16 Pro,v18.2.0-b2,GS-LEO-19,GS-FL-C,Messages_Satellite,5.4,51.1,4064.0,0.0157,Degraded,-1,1
SES-193286,2026-08-12 06:23:12+00:00,2026-08-12,iPhone 16 Pro,v18.2.0-b2,GS-LEO-19,GS-CA-B,Emergency_SOS,6.95,82.0,4057.0,0.0609,Degraded,-1,1
SES-103284,2026-08-19 13:54:08+00:00,2026-08-19,iPhone 16 Pro,v18.2.0-b2,GS-LEO-19,GS-CA-B,Messages_Satellite,19.26,82.4,4045.0,0.135,Degraded,-1,1
SES-147600,2026-08-11 02:07:47+00:00,2026-08-11,iPhone 16 Pro,v18.2.0-b2,GS-LEO-19,GS-OR-D,Messages_Satellite,11.97,61.0,3998.0,0.1606,Degraded,-1,1
SES-157620,2026-08-14 12:16:05+00:00,2026-08-14,iPhone 16 Pro,v18.2.0-b2,GS-LEO-19,GS-CA-B,Emergency_SOS,12.0,41.3,3891.0,0.4179,Degraded,-1,1
SES-138074,2026-08-28 22:36:26+00:00,2026-08-28,iPhone 16 Pro,v18.2.0-b2,GS-LEO-19,GS-CA-B,Emergency_SOS,6.72,78.5,3853.0,0.0222,Degraded,-1,1
SES-192581,2026-08-22 12:48:15+00:00,2026-08-22,iPhone 16 Pro,v18.2.0-b2,GS-LEO-19,GS-CA-B,Messages_Satellite,14.88,84.0,3843.0,0.6132,Degraded,-1,1
SES-148886,2026-08-06 10:36:43+00:00,2026-08-06,iPhone 16 Pro,v18.2.0-b2,GS-LEO-19,GS-CA-B,FindMy_Ping,11.8,47.1,3843.0,0.323,Degraded,-1,1
SES-113553,2026-08-04 22:52:40+00:00,2026-08-04,iPhone 16 Pro,v18.2.0-b2,GS-LEO-19,GS-CA-B,Messages_Satellite,9.73,81.8,3758.0,0.3084,Degraded,-1,1
SES-185146,2026-08-11 07:33:48+00:00,2026-08-11,iPhone 16 Pro,v18.2.0-b2,GS-LEO-19,GS-OR-D,Roadside_Assistance,19.22,43.4,3718.0,0.0736,Degraded,-1,1
SES-131018,2026-08-05 18:48:26+00:00,2026-08-05,iPhone 16 Pro,v18.2.0-b2,GS-LEO-19,GS-CA-B,FindMy_Ping,17.51,24.1,3694.0,0.0029,Degraded,-1,1
SES-114983,2026-08-09 11:28:02+00:00,2026-08-09,iPhone 16 Pro,v18.2.0-b2,GS-LEO-19,GS-OR-D,Messages_Satellite,4.74,59.0,3625.0,0.1527,Degraded,-1,1
SES-155113,2026-08-31 14:07:37+00:00,2026-08-31,iPhone 16 Pro,v18.2.0-b2,GS-LEO-19,GS-CA-B,Messages_Satellite,14.73,55.5,3606.0,0.5551,Degraded,-1,1
SES-189880,2026-08-29 12:32:50+00:00,2026-08-29,iPhone 16 Pro,v18.2.0-b2,GS-LEO-19,GS-CA-B,Messages_Satellite,10.61,50.0,3440.0,0.7167,Degraded,-1,1
SES-122110,2026-08-07 12:55:29+00:00,2026-08-07,iPhone 16 Pro,v18.2.0-b2,GS-LEO-19,GS-CA-B,Messages_Satellite,19.64,79.4,3343.0,0.4611,Degraded,-1,1
SES-140379,2026-08-28 00:43:56+00:00,2026-08-28,iPhone 16 Pro,v18.2.0-b2,GS-LEO-19,GS-FL-C,Emergency_SOS,9.45,81.2,3140.0,0.1808,Degraded,-1,1
SES-194067,2026-08-05 04:29:30+00:00,2026-08-05,iPhone 16 Pro,v18.2.0-b2,GS-LEO-19,GS-CA-B,Roadside_Assistance,15.77,41.7,3026.0,0.5984,Degraded,-1,1
SES-127177,2026-08-06 10:37:19+00:00,2026-08-06,iPhone 16 Pro,v18.1.0,GS-LEO-02,GS-CA-B,FindMy_Ping,15.21,47.3,820.0,0.7023,Degraded,-1,1
SES-169022,2026-08-15 00:18:37+00:00,2026-08-15,iPhone 16 Pro,v18.2.0-b2,GS-LEO-19,GS-CA-B,Emergency_SOS,0.45,45.4,1249.0,0.3892,Degraded,-1,1
SES-199974,2026-08-04 02:35:50+00:00,2026-08-04,iPhone 16 Pro,v18.2.0-b2,GS-LEO-19,GS-CA-B,Messages_Satellite,7.74,80.3,1109.0,0.5668,Degraded,-1,1
SES-107868,2026-08-06 22:21:42+00:00,2026-08-06,iPhone 16 Pro,v18.2.0-b2,GS-LEO-19,GS-CA-B,Messages_Satellite,4.09,61.9,1045.0,0.5042,Degraded,-1,1
SES-168933,2026-08-11 14:33:19+00:00,2026-08-11,iPhone 16 Pro,v18.2.1,GS-LEO-15,GS-CA-B,Messages_Satellite,9.23,17.8,986.0,0.6009,Degraded,-1,1
SES-150192,2026-08-27 12:03:22+00:00,2026-08-27,iPhone 16 Pro,v18.2.1,GS-LEO-15,GS-CA-B,FindMy_Ping,5.94,19.2,996.0,0.6611,Degraded,-1,1
SES-188853,2026-08-28 02:36:38+00:00,2026-08-28,iPhone 16 Pro,v18.2.0-b2,GS-LEO-19,GS-CA-B,Emergency_SOS,5.17,73.5,1011.0,0.6179,Degraded,-1,1
SES-145382,2026-08-30 19:41:54+00:00,2026-08-30,iPhone 16 Pro,v18.2.0-b2,GS-LEO-19,GS-CA-B,Roadside_Assistance,8.04,16.9,1010.0,0.4974,Degraded,-1,1
SES-132900,2026-08-06 16:57:53+00:00,2026-08-06,iPhone 16 Pro,v18.2.0-b2,GS-LEO-05,GS-CA-B,Messages_Satellite,16.51,67.0,849.0,0.6801,Degraded,-1,1
SES-137356,2026-08-07 07:20:17+00:00,2026-08-07,iPhone 16 Pro,v18.1.0,GS-LEO-19,GS-CA-B,Emergency_SOS,7.52,44.2,1001.0,0.602,Degraded,-1,1
SES-171067,2026-08-23 04:42:08+00:00,2026-08-23,iPhone 16 Pro,v18.2.0-b2,GS-LEO-15,GS-CA-B,Messages_Satellite,6.39,25.8,1022.0,0.5196,Degraded,-1,1
SES-126164,2026-08-04 18:36:28+00:00,2026-08-04,iPhone 16 Pro,v18.2.1,GS-LEO-07,GS-CA-B,Emergency_SOS,9.5,28.9,908.0,0.633,Degraded,-1,1
SES-135315,2026-08-15 19:59:24+00:00,2026-08-15,iPhone 16 Pro,v18.2.0-b2,GS-LEO-19,GS-CA-B,Messages_Satellite,7.28,64.9,986.0,0.7316,Degraded,-1,1
SES-136821,2026-08-10 21:36:53+00:00,2026-08-10,iPhone 16 Pro,v18.2.1,GS-LEO-15,GS-CA-B,Messages_Satellite,9.32,63.6,1034.0,0.6132,Degraded,-1,1
SES-161471,2026-08-09 19:27:36+00:00,2026-08-09,iPhone 16 Pro,v18.2.0-b2,GS-LEO-08,GS-CA-B,FindMy_Ping,7.07,19.1,1018.0,0.5968,Degraded,-1,1
SES-164763,2026-08-01 07:53:01+00:00,2026-08-01,iPhone 16 Pro,v18.2.0-b2,GS-LEO-15,GS-CA-B,Roadside_Assistance,7.32,49.1,1069.0,0.6905,Degraded,-1,1
SES-180171,2026-08-27 18:37:17+00:00,2026-08-27,iPhone 16 Pro,v18.2.0-b2,GS-LEO-15,GS-CA-B,Messages_Satellite,5.37,57.2,1071.0,0.6256,Degraded,-1,1
SES-146587,2026-08-06 19:28:07+00:00,2026-08-06,iPhone 16 Pro,v18.2.0-b2,GS-LEO-15,GS-CA-B,Emergency_SOS,0.55,52.4,1077.0,0.5627,Degraded,-1,1
SES-107658,2026-08-26 17:02:35+00:00,2026-08-26,iPhone 16 Pro,v18.2.1,GS-LEO-19,GS-CA-B,Messages_Satellite,8.3,33.8,952.0,0.6827,Degraded,-1,1
SES-151193,2026-08-02 06:40:49+00:00,2026-08-02,iPhone 16 Pro,v18.2.0-b2,GS-LEO-15,GS-CA-B,Messages_Satellite,5.56,68.0,3059.0,0.5791,Degraded,-1,1
SES-193238,2026-08-27 06:17:00+00:00,2026-08-27,iPhone 16 Pro,v18.2.0-b2,GS-LEO-03,GS-CA-B,Messages_Satellite,13.53,70.7,813.0,0.7532,Degraded,-1,1
SES-154083,2026-08-24 15:55:27+00:00,2026-08-24,iPhone 16 Pro,v18.2.0-b2,GS-LEO-15,GS-CA-B,Messages_Satellite,11.46,63.9,3144.0,0.5766,Degraded,-1,1
SES-166449,2026-08-31 19:21:47+00:00,2026-08-31,iPhone 16 Pro,v18.2.0-b2,GS-LEO-15,GS-TX-A,Messages_Satellite,20.33,68.9,3399.0,0.0948,Degraded,-1,1
SES-155993,2026-08-11 20:51:21+00:00,2026-08-11,iPhone 16 Pro,v18.2.0-b2,GS-LEO-15,GS-CA-B,Roadside_Assistance,23.23,41.6,3442.0,0.1311,Degraded,-1,1
SES-181136,2026-08-22 01:13:11+00:00,2026-08-22,iPhone 16 Pro,v18.2.0-b2,GS-LEO-15,GS-CA-B,FindMy_Ping,11.96,22.1,3455.0,0.7528,Degraded,-1,1
SES-172764,2026-08-27 14:00:15+00:00,2026-08-27,iPhone 16 Pro,v18.2.0-b2,GS-LEO-15,GS-TX-A,Messages_Satellite,18.34,24.6,3528.0,0.1342,Degraded,-1,1
SES-144361,2026-08-04 06:11:08+00:00,2026-08-04,iPhone 16 Pro,v18.2.0-b2,GS-LEO-15,GS-FL-C,Emergency_SOS,13.79,82.8,3656.0,0.0189,Degraded,-1,1
SES-129969,2026-08-18 07:23:44+00:00,2026-08-18,iPhone 16 Pro,v18.2.0-b2,GS-LEO-15,GS-OR-D,Messages_Satellite,10.69,82.7,3806.0,0.0084,Degraded,-1,1
SES-195544,2026-08-23 16:31:23+00:00,2026-08-23,iPhone 16 Pro,v18.2.0-b2,GS-LEO-15,GS-CA-B,Messages_Satellite,14.63,19.1,3842.0,0.1802,Degraded,-1,1
SES-135476,2026-08-16 18:48:49+00:00,2026-08-16,iPhone 16 Pro,v18.2.0-b2,GS-LEO-15,GS-CA-B,Emergency_SOS,12.27,83.8,3853.0,0.0591,Degraded,-1,1
SES-186699,2026-08-05 12:22:49+00:00,2026-08-05,iPhone 16 Pro,v18.2.0-b2,GS-LEO-15,GS-OR-D,Messages_Satellite,13.72,78.0,3883.0,0.0528,Degraded,-1,1
SES-177167,2026-08-22 18:06:57+00:00,2026-08-22,iPhone 16 Pro,v18.2.0-b2,GS-LEO-15,GS-CA-B,Messages_Satellite,18.52,65.6,3923.0,0.3624,Degraded,-1,1
SES-166210,2026-08-08 20:23:04+00:00,2026-08-08,iPhone 16 Pro,v18.2.0-b2,GS-LEO-15,GS-OR-D,Messages_Satellite,9.39,32.1,4066.0,0.2456,Degraded,-1,1
SES-140351,2026-08-10 17:11:17+00:00,2026-08-10,iPhone 16 Pro,v18.2.0-b2,GS-LEO-15,GS-CA-B,Messages_Satellite,12.14,16.1,4102.0,0.006,Degraded,-1,1
SES-169361,2026-08-10 15:31:59+00:00,2026-08-10,iPhone 16 Pro,v18.2.0-b2,GS-LEO-15,GS-TX-A,Messages_Satellite,7.38,78.2,4106.0,0.0591,Degraded,-1,1
SES-123549,2026-08-15 22:54:06+00:00,2026-08-15,iPhone 16 Pro,v18.2.0-b2,GS-LEO-15,GS-TX-A,Messages_Satellite,7.14,81.5,4119.0,0.0277,Degraded,-1,1
SES-113602,2026-08-17 00:41:03+00:00,2026-08-17,iPhone 16 Pro,v18.2.1,GS-LEO-05,GS-CA-B,Roadside_Assistance,19.87,54.6,690.0,0.5933,Degraded,-1,1
SES-122186,2026-08-17 06:53:23+00:00,2026-08-17,iPhone 16 Pro,v18.1.0,GS-LEO-19,GS-CA-B,Emergency_SOS,9.98,32.3,932.0,0.8578,Degraded,-1,1
SES-142142,2026-08-12 08:28:27+00:00,2026-08-12,iPhone 16 Pro,v18.2.0-b2,GS-LEO-15,GS-FL-C,FindMy_Ping,8.96,54.6,4181.0,0.232,Degraded,-1,1
SES-141093,2026-08-16 02:47:35+00:00,2026-08-16,iPhone 16 Pro,v18.2.0-b2,GS-LEO-15,GS-TX-A,FindMy_Ping,5.78,18.6,4207.0,0.1784,Degraded,-1,1
SES-102808,2026-08-19 10:43:55+00:00,2026-08-19,iPhone 16 Pro,v18.2.0-b2,GS-LEO-15,GS-TX-A,Emergency_SOS,17.9,51.9,4230.0,0.1934,Degraded,-1,1
SES-138937,2026-08-01 05:21:43+00:00,2026-08-01,iPhone 16 Pro,v18.2.0-b2,GS-LEO-15,GS-TX-A,Messages_Satellite,8.18,78.9,4270.0,0.0656,Degraded,-1,1
SES-148734,2026-08-21 22:50:57+00:00,2026-08-21,iPhone 16 Pro,v18.2.0-b2,GS-LEO-15,GS-CA-B,FindMy_Ping,7.19,20.3,4274.0,0.056,Degraded,-1,1
SES-165541,2026-08-23 23:47:31+00:00,2026-08-23,iPhone 16 Pro,v18.2.0-b2,GS-LEO-15,GS-OR-D,FindMy_Ping,12.85,74.5,4323.0,0.0221,Degraded,-1,1
SES-117830,2026-08-08 05:58:42+00:00,2026-08-08,iPhone 16 Pro,v18.2.1,GS-LEO-19,GS-CA-B,Messages_Satellite,11.86,25.8,930.0,0.7339,Degraded,-1,1
SES-158802,2026-08-29 02:53:16+00:00,2026-08-29,iPhone 16 Pro,v18.2.0-b2,GS-LEO-15,GS-CA-B,FindMy_Ping,12.48,84.0,4364.0,0.1373,Degraded,-1,1
SES-129664,2026-08-22 14:35:53+00:00,2026-08-22,iPhone 16 Pro,v18.2.0-b2,GS-LEO-15,GS-TX-A,Roadside_Assistance,5.52,30.1,4452.0,0.1553,Degraded,-1,1
SES-186316,2026-08-10 23:34:05+00:00,2026-08-10,iPhone 16 Pro,v18.2.0-b2,GS-LEO-15,GS-FL-C,Messages_Satellite,9.87,66.6,4509.0,0.0131,Degraded,-1,1
SES-102076,2026-08-16 12:01:50+00:00,2026-08-16,iPhone 16 Pro,v18.1.0,GS-LEO-02,GS-CA-B,Messages_Satellite,12.95,61.7,846.0,0.7203,Degraded,-1,1
SES-151999,2026-08-05 12:09:42+00:00,2026-08-05,iPhone 16 Pro,v18.2.1,GS-LEO-16,GS-CA-B,Messages_Satellite,18.53,31.3,654.0,0.711,Degraded,-1,1
SES-152717,2026-08-02 13:36:26+00:00,2026-08-02,iPhone 16 Pro,v18.1.0,GS-LEO-16,GS-CA-B,Messages_Satellite,18.61,82.3,664.0,0.4883,Degraded,-1,1
SES-124309,2026-08-01 04:11:13+00:00,2026-08-01,iPhone 16 Pro,v18.2.1,GS-LEO-16,GS-CA-B,Messages_Satellite,18.51,51.0,674.0,0.6032,Degraded,-1,1
SES-182940,2026-08-02 01:49:10+00:00,2026-08-02,iPhone 16 Pro,v18.2.1,GS-LEO-16,GS-CA-B,Messages_Satellite,16.15,30.7,713.0,0.6701,Degraded,-1,1
SES-120793,2026-08-18 01:14:55+00:00,2026-08-18,iPhone 16 Pro,v18.2.1,GS-LEO-19,GS-CA-B,Messages_Satellite,13.84,83.6,894.0,0.6852,Degraded,-1,1
SES-142956,2026-08-04 07:21:43+00:00,2026-08-04,iPhone 16 Pro,v18.2.0-b2,GS-LEO-05,GS-CA-B,Emergency_SOS,13.98,27.6,840.0,0.7161,Degraded,-1,1
SES-190738,2026-08-08 09:08:24+00:00,2026-08-08,iPhone 16 Pro,v18.2.0-b2,GS-LEO-08,GS-CA-B,Messages_Satellite,11.73,82.4,970.0,0.6267,Degraded,-1,1
SES-109270,2026-08-28 04:34:56+00:00,2026-08-28,iPhone 16 Pro,v18.2.1,GS-LEO-16,GS-CA-B,FindMy_Ping,16.54,54.0,786.0,0.6932,Degraded,-1,1
SES-180232,2026-08-01 00:07:01+00:00,2026-08-01,iPhone 16 Pro,v18.2.0-b2,GS-LEO-03,GS-CA-B,Messages_Satellite,13.47,75.7,795.0,0.9259,Degraded,-1,1
SES-180625,2026-08-11 15:06:30+00:00,2026-08-11,iPhone 16 Pro,v18.1.0,GS-LEO-03,GS-CA-B,Messages_Satellite,12.36,37.9,793.0,0.6062,Degraded,-1,1
SES-182500,2026-08-07 11:03:24+00:00,2026-08-07,iPhone 16 Pro,v18.2.1,GS-LEO-16,GS-CA-B,Emergency_SOS,13.47,78.1,813.0,0.7225,Degraded,-1,1
SES-191018,2026-08-29 06:32:33+00:00,2026-08-29,iPhone 16 Pro,v18.1.0,GS-LEO-07,GS-CA-B,Messages_Satellite,10.29,19.5,951.0,0.6678,Degraded,-1,1
SES-123295,2026-08-27 03:11:44+00:00,2026-08-27,iPhone 16 Pro,v18.2.0-b2,GS-LEO-08,GS-CA-B,Roadside_Assistance,8.72,25.5,962.0,0.582,Degraded,-1,1
SES-132584,2026-08-08 14:19:27+00:00,2026-08-08,iPhone 16 Pro,v18.2.0-b2,GS-LEO-07,GS-CA-B,Messages_Satellite,7.13,36.4,956.0,0.658,Degraded,-1,1
SES-186751,2026-08-23 08:07:04+00:00,2026-08-23,iPhone 16 Pro,v18.1.0,GS-LEO-16,GS-CA-B,Messages_Satellite,19.56,15.2,827.0,0.7961,Degraded,-1,1
SES-134490,2026-08-13 17:42:42+00:00,2026-08-13,iPhone 16 Pro,v18.2.1,GS-LEO-07,GS-CA-B,FindMy_Ping,7.41,17.2,957.0,0.5821,Degraded,-1,1
SES-140529,2026-08-30 16:12:39+00:00,2026-08-30,iPhone 16 Pro,v18.2.1,GS-LEO-16,GS-CA-B,Roadside_Assistance,17.09,76.5,830.0,0.6875,Degraded,-1,1
SES-105461,2026-08-05 15:19:41+00:00,2026-08-05,iPhone 16 Pro,v18.2.0-b2,GS-LEO-07,GS-CA-B,Messages_Satellite,9.92,16.0,959.0,0.6682,Degraded,-1,1
SES-144509,2026-08-17 15:55:42+00:00,2026-08-17,iPhone 16 Pro,v18.2.1,GS-LEO-07,GS-CA-B,Messages_Satellite,11.22,81.1,960.0,0.6231,Degraded,-1,1
SES-196277,2026-08-06 04:21:41+00:00,2026-08-06,iPhone 16 Pro,v18.1.0,GS-LEO-19,GS-CA-B,Roadside_Assistance,16.57,30.5,827.0,0.6408,Degraded,-1,1
SES-108736,2026-08-08 08:08:08+00:00,2026-08-08,iPhone 16 Pro,v18.2.1,GS-LEO-03,GS-CA-B,Messages_Satellite,17.18,37.1,779.0,0.7099,Degraded,-1,1
SES-159691,2026-08-02 22:22:24+00:00,2026-08-02,iPhone 16 Pro,v18.2.1,GS-LEO-07,GS-CA-B,Emergency_SOS,9.39,66.8,965.0,0.6426,Degraded,-1,1
SES-187140,2026-08-11 07:12:48+00:00,2026-08-11,iPhone 16 Pro,v18.2.0-b2,GS-LEO-16,GS-CA-B,Messages_Satellite,15.87,24.3,860.0,0.6773,Degraded,-1,1
SES-156034,2026-08-29 13:16:10+00:00,2026-08-29,iPhone 16 Pro,v18.2.1,GS-LEO-19,GS-CA-B,Messages_Satellite,18.91,53.8,747.0,0.7686,Degraded,-1,1
SES-164670,2026-08-16 14:53:44+00:00,2026-08-16,iPhone 16 Pro,v18.2.1,GS-LEO-16,GS-CA-B,FindMy_Ping,14.24,71.0,908.0,0.7366,Degraded,-1,1
SES-133634,2026-08-28 04:39:36+00:00,2026-08-28,iPhone 16 Pro,v18.2.0-b2,GS-LEO-19,GS-CA-B,FindMy_Ping,21.1,20.9,653.0,0.6026,Degraded,-1,1
SES-130484,2026-08-24 20:22:37+00:00,2026-08-24,iPhone 16 Pro,v18.1.0,GS-LEO-03,GS-CA-B,Emergency_SOS,17.0,33.8,746.0,0.6971,Degraded,-1,1
SES-156859,2026-08-18 20:48:36+00:00,2026-08-18,iPhone 16 Pro,v18.2.0-b2,GS-LEO-18,GS-OR-D,Messages_Satellite,9.22,74.9,4481.0,0.045,Degraded,-1,1
SES-132739,2026-08-18 23:59:26+00:00,2026-08-18,iPhone 16 Pro,v18.2.0-b2,GS-LEO-18,GS-TX-A,FindMy_Ping,9.2,41.1,4459.0,0.0836,Degraded,-1,1
SES-151870,2026-08-18 14:36:10+00:00,2026-08-18,iPhone 16 Pro,v18.2.0-b2,GS-LEO-18,GS-FL-C,Messages_Satellite,7.27,81.6,4445.0,0.0649,Degraded,-1,1
SES-117624,2026-08-11 16:35:43+00:00,2026-08-11,iPhone 16 Pro,v18.2.0-b2,GS-LEO-18,GS-CA-B,Messages_Satellite,10.65,73.7,4437.0,0.0608,Degraded,-1,1
SES-139576,2026-08-01 09:03:45+00:00,2026-08-01,iPhone 16 Pro,v18.2.0-b2,GS-LEO-18,GS-FL-C,Messages_Satellite,13.48,70.0,4403.0,0.0326,Degraded,-1,1
SES-101557,2026-08-09 14:23:24+00:00,2026-08-09,iPhone 16 Pro,v18.2.0-b2,GS-LEO-18,GS-OR-D,Emergency_SOS,17.23,70.2,4299.0,0.0204,Degraded,-1,1
SES-158504,2026-08-23 11:47:34+00:00,2026-08-23,iPhone 16 Pro,v18.2.0-b2,GS-LEO-18,GS-FL-C,Emergency_SOS,17.66,49.4,4281.0,0.0643,Degraded,-1,1
SES-102763,2026-08-15 12:40:58+00:00,2026-08-15,iPhone 16 Pro,v18.2.0-b2,GS-LEO-18,GS-CA-B,Messages_Satellite,12.74,75.0,4191.0,0.0593,Degraded,-1,1
SES-142731,2026-08-03 00:40:17+00:00,2026-08-03,iPhone 16 Pro,v18.2.0-b2,GS-LEO-18,GS-OR-D,Messages_Satellite,16.06,66.5,4059.0,0.125,Degraded,-1,1
SES-169303,2026-08-04 22:08:49+00:00,2026-08-04,iPhone 16 Pro,v18.2.0-b2,GS-LEO-18,GS-OR-D,Messages_Satellite,11.49,18.7,4049.0,0.1948,Degraded,-1,1
SES-115302,2026-08-06 05:35:36+00:00,2026-08-06,iPhone 16 Pro,v18.1.0,GS-LEO-16,GS-CA-B,Messages_Satellite,11.0,51.5,920.0,0.719,Degraded,-1,1
SES-111263,2026-08-30 05:04:53+00:00,2026-08-30,iPhone 16 Pro,v18.2.0-b2,GS-LEO-18,GS-OR-D,Emergency_SOS,14.51,77.5,4018.0,0.1865,Degraded,-1,1
SES-144911,2026-08-01 10:46:18+00:00,2026-08-01,iPhone 16 Pro,v18.2.0-b2,GS-LEO-18,GS-OR-D,Messages_Satellite,6.32,33.1,4000.0,0.17,Degraded,-1,1
SES-120072,2026-08-25 19:48:07+00:00,2026-08-25,iPhone 16 Pro,v18.2.0-b2,GS-LEO-18,GS-TX-A,Roadside_Assistance,21.32,42.2,3990.0,0.1269,Degraded,-1,1
SES-118087,2026-08-07 12:12:50+00:00,2026-08-07,iPhone 16 Pro,v18.2.0-b2,GS-LEO-18,GS-OR-D,FindMy_Ping,18.65,40.9,3964.0,0.1616,Degraded,-1,1
SES-176280,2026-08-13 09:53:05+00:00,2026-08-13,iPhone 16 Pro,v18.2.0-b2,GS-LEO-18,GS-FL-C,Messages_Satellite,14.53,63.0,3954.0,0.1442,Degraded,-1,1
SES-150834,2026-08-31 14:31:29+00:00,2026-08-31,iPhone 16 Pro,v18.2.0-b2,GS-LEO-18,GS-FL-C,Emergency_SOS,9.81,15.7,3954.0,0.2084,Degraded,-1,1
SES-189039,2026-08-31 19:33:00+00:00,2026-08-31,iPhone 16 Pro,v18.2.0-b2,GS-LEO-18,GS-OR-D,Messages_Satellite,11.7,80.7,3896.0,0.048,Degraded,-1,1
SES-174765,2026-08-13 15:30:57+00:00,2026-08-13,iPhone 16 Pro,v18.2.0-b2,GS-LEO-18,GS-CA-B,FindMy_Ping,12.64,81.2,3894.0,0.0347,Degraded,-1,1
SES-186982,2026-08-29 11:36:57+00:00,2026-08-29,iPhone 16 Pro,v18.2.0-b2,GS-LEO-18,GS-CA-B,Messages_Satellite,19.54,32.5,3822.0,0.0233,Degraded,-1,1
SES-139953,2026-08-27 16:30:59+00:00,2026-08-27,iPhone 16 Pro,v18.2.0-b2,GS-LEO-03,GS-CA-B,Messages_Satellite,17.03,40.2,741.0,0.6721,Degraded,-1,1
SES-102771,2026-08-19 15:12:47+00:00,2026-08-19,iPhone 16 Pro,v18.2.0-b2,GS-LEO-18,GS-FL-C,Messages_Satellite,18.59,76.9,2879.0,0.3658,Degraded,-1,1
SES-184772,2026-08-14 16:36:45+00:00,2026-08-14,iPhone 16 Pro,v18.2.0-b2,GS-LEO-18,GS-CA-B,Emergency_SOS,13.81,33.6,2760.0,0.6273,Degraded,-1,1
SES-191121,2026-08-27 23:20:17+00:00,2026-08-27,iPhone 16 Pro,v18.2.0-b2,GS-LEO-18,GS-CA-B,Messages_Satellite,9.91,38.9,2673.0,0.4803,Degraded,-1,1
SES-134403,2026-08-11 03:14:50+00:00,2026-08-11,iPhone 16 Pro,v18.2.0-b2,GS-LEO-18,GS-CA-B,Roadside_Assistance,9.8,66.6,2534.0,0.8959,Degraded,-1,1
SES-142951,2026-08-10 06:04:53+00:00,2026-08-10,iPhone 16 Pro,v18.2.1,GS-LEO-08,GS-CA-B,Roadside_Assistance,11.29,19.9,919.0,0.6503,Degraded,-1,1
SES-181793,2026-08-20 20:13:58+00:00,2026-08-20,iPhone 16 Pro,v18.1.0,GS-LEO-03,GS-CA-B,Messages_Satellite,17.3,56.3,730.0,0.6628,Degraded,-1,1
SES-158356,2026-08-10 04:29:52+00:00,2026-08-10,iPhone 16 Pro,v18.2.1,GS-LEO-18,GS-CA-B,Messages_Satellite,-0.1,28.3,1214.0,0.4748,Degraded,-1,1
SES-140854,2026-08-09 23:52:01+00:00,2026-08-09,iPhone 16 Pro,v18.1.0,GS-LEO-18,GS-CA-B,Roadside_Assistance,3.0,40.4,1211.0,0.4312,Degraded,-1,1
SES-140613,2026-08-07 11:29:38+00:00,2026-08-07,iPhone 16 Pro,v18.2.1,GS-LEO-03,GS-CA-B,Emergency_SOS,18.62,27.2,728.0,0.5586,Degraded,-1,1
SES-177123,2026-08-15 03:50:20+00:00,2026-08-15,iPhone 16 Pro,v18.2.0-b2,GS-LEO-18,GS-CA-B,Messages_Satellite,5.02,20.6,1141.0,0.3615,Degraded,-1,1
SES-108470,2026-08-09 15:23:51+00:00,2026-08-09,iPhone 16 Pro,v18.2.1,GS-LEO-18,GS-CA-B,Emergency_SOS,6.84,19.5,1110.0,0.5175,Degraded,-1,1
SES-194133,2026-08-15 23:36:15+00:00,2026-08-15,iPhone 16 Pro,v18.1.0,GS-LEO-18,GS-CA-B,Roadside_Assistance,8.15,18.9,1109.0,0.7742,Degraded,-1,1
SES-137556,2026-08-17 15:25:31+00:00,2026-08-17,iPhone 16 Pro,v18.2.1,GS-LEO-18,GS-CA-B,Messages_Satellite,6.97,26.2,1043.0,0.5379,Degraded,-1,1
SES-135235,2026-08-15 07:36:52+00:00,2026-08-15,iPhone 16 Pro,v18.2.0-b2,GS-LEO-18,GS-CA-B,Messages_Satellite,6.68,35.9,1039.0,0.6439,Degraded,-1,1
SES-157479,2026-08-15 06:39:30+00:00,2026-08-15,iPhone 16 Pro,v18.2.0-b2,GS-LEO-18,GS-CA-B,Messages_Satellite,8.22,82.6,1017.0,0.5752,Degraded,-1,1
SES-199572,2026-08-21 02:37:32+00:00,2026-08-21,iPhone 16 Pro,v18.2.0-b2,GS-LEO-02,GS-CA-B,Messages_Satellite,10.71,84.0,909.0,0.6834,Degraded,-1,1
SES-124929,2026-08-01 13:25:53+00:00,2026-08-01,iPhone 16 Pro,v18.2.1,GS-LEO-02,GS-CA-B,Messages_Satellite,11.76,53.9,910.0,0.6662,Degraded,-1,1
SES-132963,2026-08-24 17:35:16+00:00,2026-08-24,iPhone 16 Pro,v18.2.1,GS-LEO-07,GS-CA-B,Roadside_Assistance,7.46,84.0,1038.0,0.7047,Degraded,-1,1
SES-184460,2026-08-09 19:37:48+00:00,2026-08-09,iPhone 16 Pro,v18.1.0,GS-LEO-03,GS-CA-B,Roadside_Assistance,19.97,58.9,678.0,0.8318,Degraded,-1,1
SES-106808,2026-08-13 15:26:17+00:00,2026-08-13,iPhone 16 Pro,v18.2.1,GS-LEO-08,GS-CA-B,Messages_Satellite,11.46,17.6,904.0,0.6819,Degraded,-1,1
SES-189517,2026-08-03 15:49:09+00:00,2026-08-03,iPhone 16 Pro,v18.2.1,GS-LEO-16,GS-CA-B,Messages_Satellite,8.93,73.2,1013.0,0.5869,Degraded,-1,1
SES-156392,2026-08-29 03:13:21+00:00,2026-08-29,iPhone 16 Pro,v18.2.1,GS-LEO-16,GS-CA-B,Emergency_SOS,3.76,65.7,1046.0,0.4756,Degraded,-1,1
SES-193639,2026-08-27 00:15:51+00:00,2026-08-27,iPhone 16 Pro,v18.2.0-b2,GS-LEO-18,GS-CA-B,Emergency_SOS,6.76,46.8,964.0,0.6451,Degraded,-1,1
SES-183073,2026-08-22 12:11:44+00:00,2026-08-22,iPhone 16 Pro,v18.1.0,GS-LEO-18,GS-CA-B,Messages_Satellite,9.77,17.4,962.0,0.6743,Degraded,-1,1
SES-177079,2026-08-29 05:23:20+00:00,2026-08-29,iPhone 16 Pro,v18.1.0,GS-LEO-03,GS-TX-A,Roadside_Assistance,21.24,83.6,615.0,0.21,Acceptable,-1,1
SES-106491,2026-08-26 01:21:15+00:00,2026-08-26,iPhone 16 Pro,v18.2.0-b2,GS-LEO-03,GS-OR-D,Roadside_Assistance,23.59,79.7,585.0,0.187,Acceptable,-1,1
SES-178656,2026-08-06 21:13:00+00:00,2026-08-06,iPhone 16 Pro,v18.2.0-b2,GS-LEO-16,GS-CA-B,FindMy_Ping,3.54,64.0,1107.0,0.4242,Degraded,-1,1
SES-155816,2026-08-28 18:55:28+00:00,2026-08-28,iPhone 16 Pro,v18.2.0-b2,GS-LEO-02,GS-FL-C,Messages_Satellite,8.84,16.8,4471.0,0.079,Degraded,-1,1
SES-118313,2026-08-01 16:02:25+00:00,2026-08-01,iPhone 16 Pro,v18.2.0-b2,GS-LEO-02,GS-CA-B,Emergency_SOS,9.93,17.6,4355.0,0.0648,Degraded,-1,1
SES-146042,2026-08-03 00:42:04+00:00,2026-08-03,iPhone 16 Pro,v18.1.0,GS-LEO-18,GS-CA-B,Messages_Satellite,8.89,55.2,943.0,0.625,Degraded,-1,1
SES-116719,2026-08-02 10:50:01+00:00,2026-08-02,iPhone 16 Pro,v18.2.0-b2,GS-LEO-02,GS-OR-D,FindMy_Ping,1.91,49.8,4302.0,0.0313,Degraded,-1,1
SES-119153,2026-08-01 20:23:17+00:00,2026-08-01,iPhone 16 Pro,v18.2.0-b2,GS-LEO-02,GS-FL-C,FindMy_Ping,15.38,42.2,4279.0,0.1601,Degraded,-1,1
SES-197968,2026-08-11 22:33:18+00:00,2026-08-11,iPhone 16 Pro,v18.2.0-b2,GS-LEO-02,GS-CA-B,Messages_Satellite,4.96,56.8,4251.0,0.1857,Degraded,-1,1
SES-179388,2026-08-28 01:22:18+00:00,2026-08-28,iPhone 16 Pro,v18.2.0-b2,GS-LEO-02,GS-OR-D,Messages_Satellite,6.79,73.2,4211.0,0.0589,Degraded,-1,1
SES-102793,2026-08-18 06:33:00+00:00,2026-08-18,iPhone 16 Pro,v18.2.0-b2,GS-LEO-07,GS-CA-B,Emergency_SOS,4.53,39.8,1106.0,0.4974,Degraded,-1,1
SES-170522,2026-08-13 12:23:16+00:00,2026-08-13,iPhone 16 Pro,v18.2.0-b2,GS-LEO-02,GS-TX-A,Messages_Satellite,12.84,63.3,4165.0,0.0033,Degraded,-1,1
SES-145664,2026-08-31 04:58:40+00:00,2026-08-31,iPhone 16 Pro,v18.1.0,GS-LEO-18,GS-CA-B,Roadside_Assistance,11.79,74.6,935.0,0.7109,Degraded,-1,1
SES-188715,2026-08-27 18:55:13+00:00,2026-08-27,iPhone 16 Pro,v18.2.0-b2,GS-LEO-07,GS-CA-B,Messages_Satellite,3.62,18.4,1111.0,0.3978,Degraded,-1,1
SES-167988,2026-08-05 08:53:54+00:00,2026-08-05,iPhone 16 Pro,v18.2.0-b2,GS-LEO-02,GS-TX-A,Roadside_Assistance,6.49,51.1,4116.0,0.116,Degraded,-1,1
SES-138993,2026-08-18 03:57:15+00:00,2026-08-18,iPhone 16 Pro,v18.2.0-b2,GS-LEO-16,GS-CA-B,Roadside_Assistance,18.27,44.7,2639.0,0.6663,Degraded,-1,1
SES-132857,2026-08-20 11:32:15+00:00,2026-08-20,iPhone 16 Pro,v18.2.0-b2,GS-LEO-02,GS-FL-C,Messages_Satellite,7.72,71.4,4078.0,0.1144,Degraded,-1,1
SES-137797,2026-08-04 14:46:58+00:00,2026-08-04,iPhone 16 Pro,v18.2.0-b2,GS-LEO-02,GS-FL-C,Messages_Satellite,17.41,64.1,4072.0,0.0165,Degraded,-1,1
SES-111197,2026-08-19 17:00:13+00:00,2026-08-19,iPhone 16 Pro,v18.2.0-b2,GS-LEO-02,GS-TX-A,FindMy_Ping,17.0,70.7,4066.0,0.0187,Degraded,-1,1
SES-124015,2026-08-09 06:17:55+00:00,2026-08-09,iPhone 16 Pro,v18.2.0-b2,GS-LEO-16,GS-CA-B,FindMy_Ping,2.15,73.8,2782.0,0.0295,Degraded,-1,1
SES-183826,2026-08-07 17:37:17+00:00,2026-08-07,iPhone 16 Pro,v18.2.0-b2,GS-LEO-16,GS-CA-B,Messages_Satellite,4.15,69.6,2790.0,0.2348,Degraded,-1,1
SES-168753,2026-08-12 04:02:02+00:00,2026-08-12,iPhone 16 Pro,v18.2.0-b2,GS-LEO-16,GS-FL-C,FindMy_Ping,21.08,73.9,2814.0,0.0959,Degraded,-1,1
SES-103679,2026-08-18 08:26:22+00:00,2026-08-18,iPhone 16 Pro,v18.2.0-b2,GS-LEO-02,GS-TX-A,Emergency_SOS,11.13,18.1,4033.0,0.0958,Degraded,-1,1
SES-116246,2026-08-13 05:12:52+00:00,2026-08-13,iPhone 16 Pro,v18.2.0-b2,GS-LEO-16,GS-CA-B,Roadside_Assistance,14.38,83.6,2885.0,0.556,Degraded,-1,1
SES-146910,2026-08-15 01:37:57+00:00,2026-08-15,iPhone 16 Pro,v18.2.0-b2,GS-LEO-16,GS-FL-C,Messages_Satellite,8.99,84.6,2973.0,0.121,Degraded,-1,1
SES-112600,2026-08-29 08:59:02+00:00,2026-08-29,iPhone 16 Pro,v18.2.0-b2,GS-LEO-02,GS-TX-A,Messages_Satellite,19.73,18.7,3934.0,0.1252,Degraded,-1,1
SES-142692,2026-08-21 10:41:02+00:00,2026-08-21,iPhone 16 Pro,v18.2.1,GS-LEO-02,GS-CA-B,Emergency_SOS,12.32,60.4,927.0,0.7353,Degraded,-1,1
SES-153511,2026-08-17 19:46:50+00:00,2026-08-17,iPhone 16 Pro,v18.2.0-b2,GS-LEO-16,GS-TX-A,Emergency_SOS,18.16,17.2,3493.0,0.0194,Degraded,-1,1
SES-103199,2026-08-14 12:09:23+00:00,2026-08-14,iPhone 16 Pro,v18.2.0-b2,GS-LEO-02,GS-OR-D,Roadside_Assistance,15.52,18.2,3828.0,0.1485,Degraded,-1,1
SES-149261,2026-08-27 07:56:28+00:00,2026-08-27,iPhone 16 Pro,v18.2.1,GS-LEO-18,GS-CA-B,Messages_Satellite,11.89,41.7,921.0,0.6739,Degraded,-1,1
SES-117717,2026-08-21 02:36:16+00:00,2026-08-21,iPhone 16 Pro,v18.2.0-b2,GS-LEO-16,GS-CA-B,Emergency_SOS,8.89,19.9,3552.0,0.21,Degraded,-1,1
SES-107786,2026-08-22 08:14:52+00:00,2026-08-22,iPhone 16 Pro,v18.2.0-b2,GS-LEO-16,GS-FL-C,Emergency_SOS,16.97,73.0,3673.0,0.192,Degraded,-1,1
SES-124919,2026-08-31 10:40:43+00:00,2026-08-31,iPhone 16 Pro,v18.2.0-b2,GS-LEO-16,GS-CA-B,Messages_Satellite,7.15,60.7,3737.0,0.5317,Degraded,-1,1
SES-166727,2026-08-29 13:58:57+00:00,2026-08-29,iPhone 16 Pro,v18.2.0-b2,GS-LEO-02,GS-CA-B,FindMy_Ping,5.93,77.3,3724.0,0.0563,Degraded,-1,1
SES-122549,2026-08-04 11:54:37+00:00,2026-08-04,iPhone 16 Pro,v18.2.0-b2,GS-LEO-02,GS-TX-A,Roadside_Assistance,7.16,15.1,3702.0,0.004,Degraded,-1,1
SES-169211,2026-08-11 02:58:21+00:00,2026-08-11,iPhone 16 Pro,v18.2.0-b2,GS-LEO-02,GS-OR-D,Emergency_SOS,9.21,83.2,3687.0,0.0707,Degraded,-1,1
SES-112939,2026-08-01 14:22:34+00:00,2026-08-01,iPhone 16 Pro,v18.2.0-b2,GS-LEO-16,GS-OR-D,Messages_Satellite,15.38,59.1,3977.0,0.0062,Degraded,-1,1
SES-183688,2026-08-07 10:41:34+00:00,2026-08-07,iPhone 16 Pro,v18.2.0-b2,GS-LEO-16,GS-FL-C,FindMy_Ping,5.57,28.1,3986.0,0.1314,Degraded,-1,1
SES-129262,2026-08-17 02:43:50+00:00,2026-08-17,iPhone 16 Pro,v18.2.0-b2,GS-LEO-16,GS-CA-B,Emergency_SOS,8.36,47.6,4012.0,0.0047,Degraded,-1,1
SES-105715,2026-08-13 18:49:26+00:00,2026-08-13,iPhone 16 Pro,v18.2.0-b2,GS-LEO-16,GS-CA-B,Messages_Satellite,5.97,47.9,4071.0,0.1057,Degraded,-1,1
SES-145558,2026-08-02 00:44:34+00:00,2026-08-02,iPhone 16 Pro,v18.2.0-b2,GS-LEO-16,GS-OR-D,Roadside_Assistance,12.58,81.7,4083.0,0.1035,Degraded,-1,1
SES-162574,2026-08-27 18:36:34+00:00,2026-08-27,iPhone 16 Pro,v18.2.0-b2,GS-LEO-16,GS-CA-B,Messages_Satellite,7.24,55.4,4147.0,0.1034,Degraded,-1,1
SES-152496,2026-08-11 17:56:32+00:00,2026-08-11,iPhone 16 Pro,v18.2.0-b2,GS-LEO-16,GS-FL-C,Messages_Satellite,9.05,38.9,4150.0,0.1556,Degraded,-1,1
SES-148765,2026-08-30 09:16:16+00:00,2026-08-30,iPhone 16 Pro,v18.2.0-b2,GS-LEO-16,GS-TX-A,Messages_Satellite,16.25,16.1,4232.0,0.0441,Degraded,-1,1
SES-173823,2026-08-18 04:15:36+00:00,2026-08-18,iPhone 16 Pro,v18.2.0-b2,GS-LEO-16,GS-CA-B,Messages_Satellite,12.54,80.0,4284.0,0.0747,Degraded,-1,1
SES-102574,2026-08-28 01:17:10+00:00,2026-08-28,iPhone 16 Pro,v18.2.0-b2,GS-LEO-07,GS-TX-A,Messages_Satellite,17.68,46.7,2464.0,0.2757,Degraded,-1,1
SES-165091,2026-08-31 18:39:13+00:00,2026-08-31,iPhone 16 Pro,v18.1.0,GS-LEO-17,GS-FL-C,Messages_Satellite,24.77,84.7,570.0,0.0956,Optimal,-1,1
SES-172118,2026-08-04 12:52:18+00:00,2026-08-04,iPhone 16 Pro,v18.1.0,GS-LEO-17,GS-CA-B,Messages_Satellite,23.1,52.5,599.0,0.595,Degraded,-1,1
SES-108311,2026-08-22 21:25:33+00:00,2026-08-22,iPhone 16 Pro,v18.2.1,GS-LEO-17,GS-CA-B,Messages_Satellite,21.26,54.1,612.0,0.5401,Degraded,-1,1
SES-136726,2026-08-31 07:19:19+00:00,2026-08-31,iPhone 16 Pro,v18.1.0,GS-LEO-17,GS-CA-B,Messages_Satellite,21.8,51.1,617.0,0.4068,Degraded,-1,1
SES-186686,2026-08-10 09:46:30+00:00,2026-08-10,iPhone 16 Pro,v18.1.0,GS-LEO-17,GS-CA-B,Messages_Satellite,22.39,30.1,634.0,0.5921,Degraded,-1,1
SES-128342,2026-08-18 09:11:50+00:00,2026-08-18,iPhone 16 Pro,v18.2.0-b2,GS-LEO-02,GS-OR-D,Roadside_Assistance,3.66,72.9,3491.0,0.1639,Degraded,-1,1
SES-186168,2026-08-24 18:41:05+00:00,2026-08-24,iPhone 16 Pro,v18.2.1,GS-LEO-17,GS-CA-B,FindMy_Ping,18.27,27.7,657.0,0.5508,Degraded,-1,1
SES-177964,2026-08-25 19:16:16+00:00,2026-08-25,iPhone 16 Pro,v18.1.0,GS-LEO-18,GS-CA-B,Messages_Satellite,11.33,56.4,898.0,0.846,Degraded,-1,1
SES-110922,2026-08-25 18:02:03+00:00,2026-08-25,iPhone 16 Pro,v18.2.0-b2,GS-LEO-07,GS-CA-B,Messages_Satellite,12.67,34.0,3025.0,0.657,Degraded,-1,1
SES-111942,2026-08-25 19:46:25+00:00,2026-08-25,iPhone 16 Pro,v18.2.0-b2,GS-LEO-07,GS-TX-A,Roadside_Assistance,9.86,15.5,3038.0,0.2032,Degraded,-1,1
SES-191379,2026-08-22 16:34:56+00:00,2026-08-22,iPhone 16 Pro,v18.2.1,GS-LEO-08,GS-CA-B,Messages_Satellite,13.15,16.2,875.0,0.5865,Degraded,-1,1
SES-194661,2026-08-25 16:32:43+00:00,2026-08-25,iPhone 16 Pro,v18.2.0-b2,GS-LEO-07,GS-CA-B,Roadside_Assistance,16.15,53.3,3115.0,0.2418,Degraded,-1,1
SES-133021,2026-08-31 20:07:23+00:00,2026-08-31,iPhone 16 Pro,v18.2.0-b2,GS-LEO-17,GS-CA-B,Emergency_SOS,19.14,35.6,729.0,0.6311,Degraded,-1,1
SES-195873,2026-08-07 02:09:01+00:00,2026-08-07,iPhone 16 Pro,v18.2.0-b2,GS-LEO-07,GS-CA-B,Roadside_Assistance,19.55,41.7,3288.0,0.6123,Degraded,-1,1
SES-106250,2026-08-19 09:11:33+00:00,2026-08-19,iPhone 16 Pro,v18.2.0-b2,GS-LEO-07,GS-TX-A,Roadside_Assistance,20.34,69.9,3396.0,0.0216,Degraded,-1,1
SES-120569,2026-08-08 07:16:18+00:00,2026-08-08,iPhone 16 Pro,v18.2.0-b2,GS-LEO-07,GS-OR-D,FindMy_Ping,19.55,53.7,3450.0,0.0039,Degraded,-1,1
SES-135023,2026-08-12 14:08:50+00:00,2026-08-12,iPhone 16 Pro,v18.2.0-b2,GS-LEO-02,GS-FL-C,Messages_Satellite,2.48,26.0,3048.0,0.0918,Degraded,-1,1
SES-136650,2026-08-25 11:50:55+00:00,2026-08-25,iPhone 16 Pro,v18.2.0-b2,GS-LEO-18,GS-CA-B,Messages_Satellite,10.62,76.0,874.0,0.6762,Degraded,-1,1
SES-186264,2026-08-14 17:13:56+00:00,2026-08-14,iPhone 16 Pro,v18.2.0-b2,GS-LEO-07,GS-CA-B,Emergency_SOS,18.92,79.5,3796.0,0.1419,Degraded,-1,1
SES-146554,2026-08-01 10:34:23+00:00,2026-08-01,iPhone 16 Pro,v18.2.0-b2,GS-LEO-07,GS-TX-A,Messages_Satellite,11.47,58.1,3846.0,0.1765,Degraded,-1,1
SES-163847,2026-08-05 06:14:50+00:00,2026-08-05,iPhone 16 Pro,v18.2.0-b2,GS-LEO-07,GS-FL-C,Messages_Satellite,19.87,65.1,3899.0,0.1804,Degraded,-1,1
SES-129970,2026-08-27 04:07:06+00:00,2026-08-27,iPhone 16 Pro,v18.2.0-b2,GS-LEO-08,GS-CA-B,Messages_Satellite,12.16,62.6,865.0,0.7589,Degraded,-1,1
SES-165865,2026-08-01 08:25:05+00:00,2026-08-01,iPhone 16 Pro,v18.2.0-b2,GS-LEO-07,GS-TX-A,Roadside_Assistance,6.35,70.4,3937.0,0.0158,Degraded,-1,1
SES-155818,2026-08-01 15:10:45+00:00,2026-08-01,iPhone 16 Pro,v18.2.0-b2,GS-LEO-07,GS-FL-C,FindMy_Ping,12.74,22.1,4046.0,0.1704,Degraded,-1,1
SES-153215,2026-08-18 21:27:08+00:00,2026-08-18,iPhone 16 Pro,v18.2.0-b2,GS-LEO-07,GS-FL-C,Messages_Satellite,5.63,20.5,4138.0,0.0694,Degraded,-1,1
SES-106060,2026-08-18 06:02:43+00:00,2026-08-18,iPhone 16 Pro,v18.2.0-b2,GS-LEO-07,GS-TX-A,Messages_Satellite,6.29,25.6,4167.0,0.0301,Degraded,-1,1
SES-186343,2026-08-02 08:33:09+00:00,2026-08-02,iPhone 16 Pro,v18.2.0-b2,GS-LEO-02,GS-OR-D,Messages_Satellite,14.3,15.8,2571.0,0.3005,Degraded,-1,1
SES-143774,2026-08-19 03:09:36+00:00,2026-08-19,iPhone 16 Pro,v18.2.0-b2,GS-LEO-02,GS-CA-B,Emergency_SOS,19.15,20.3,2568.0,0.4848,Degraded,-1,1
SES-146916,2026-08-23 23:21:44+00:00,2026-08-23,iPhone 16 Pro,v18.2.0-b2,GS-LEO-07,GS-CA-B,Messages_Satellite,15.82,80.0,4225.0,0.1891,Degraded,-1,1
SES-196759,2026-08-28 02:31:44+00:00,2026-08-28,iPhone 16 Pro,v18.2.0-b2,GS-LEO-07,GS-CA-B,Messages_Satellite,10.7,55.8,4227.0,0.5187,Degraded,-1,1
SES-110373,2026-08-16 12:24:39+00:00,2026-08-16,iPhone 16 Pro,v18.2.0-b2,GS-LEO-07,GS-TX-A,Messages_Satellite,14.47,68.0,4292.0,0.0385,Degraded,-1,1
SES-189129,2026-08-31 22:20:32+00:00,2026-08-31,iPhone 16 Pro,v18.2.0-b2,GS-LEO-02,GS-TX-A,Messages_Satellite,20.73,33.8,2551.0,0.1585,Degraded,-1,1
SES-151180,2026-08-05 03:57:20+00:00,2026-08-05,iPhone 16 Pro,v18.2.0-b2,GS-LEO-02,GS-CA-B,Messages_Satellite,16.04,52.3,2526.0,0.5305,Degraded,-1,1
SES-149308,2026-08-27 16:40:18+00:00,2026-08-27,iPhone 16 Pro,v18.2.0-b2,GS-LEO-07,GS-CA-B,Roadside_Assistance,15.0,65.0,4326.0,0.0275,Degraded,-1,1
SES-164348,2026-08-21 02:24:01+00:00,2026-08-21,iPhone 16 Pro,v18.2.0-b2,GS-LEO-07,GS-CA-B,FindMy_Ping,9.29,19.9,4380.0,0.1091,Degraded,-1,1
SES-192833,2026-08-19 13:09:33+00:00,2026-08-19,iPhone 16 Pro,v18.2.0-b2,GS-LEO-07,GS-CA-B,Messages_Satellite,12.78,26.9,4418.0,0.4153,Degraded,-1,1
SES-191250,2026-08-26 22:25:50+00:00,2026-08-26,iPhone 16 Pro,v18.2.0-b2,GS-LEO-07,GS-FL-C,Messages_Satellite,6.08,71.3,4528.0,0.0841,Degraded,-1,1
SES-117945,2026-08-13 21:10:25+00:00,2026-08-13,iPhone 16 Pro,v18.2.0-b2,GS-LEO-07,GS-FL-C,Emergency_SOS,7.07,72.8,4609.0,0.035,Degraded,-1,1
SES-188000,2026-08-31 18:33:22+00:00,2026-08-31,iPhone 16 Pro,v18.2.1,GS-LEO-08,GS-CA-B,FindMy_Ping,23.31,16.8,588.0,0.2023,Acceptable,-1,1
SES-149564,2026-08-06 07:25:31+00:00,2026-08-06,iPhone 16 Pro,v18.2.0-b2,GS-LEO-02,GS-CA-B,Messages_Satellite,2.18,82.2,1166.0,0.3535,Degraded,-1,1
SES-179151,2026-08-09 04:57:44+00:00,2026-08-09,iPhone 16 Pro,v18.2.1,GS-LEO-08,GS-CA-B,Messages_Satellite,12.82,49.3,854.0,0.6834,Degraded,-1,1
SES-101128,2026-08-08 16:03:17+00:00,2026-08-08,iPhone 16 Pro,v18.2.1,GS-LEO-08,GS-OR-D,Messages_Satellite,22.94,74.0,661.0,0.3441,Degraded,-1,1
SES-104544,2026-08-20 07:33:07+00:00,2026-08-20,iPhone 16 Pro,v18.1.0,GS-LEO-02,GS-CA-B,Messages_Satellite,13.08,63.3,949.0,0.7153,Degraded,-1,1
SES-195870,2026-08-13 20:33:56+00:00,2026-08-13,iPhone 16 Pro,v18.1.0,GS-LEO-02,GS-CA-B,Messages_Satellite,5.3,67.2,1133.0,0.5379,Degraded,-1,1
SES-110819,2026-08-14 01:58:08+00:00,2026-08-14,iPhone 16 Pro,v18.1.0,GS-LEO-02,GS-CA-B,Roadside_Assistance,5.68,57.9,1130.0,0.543,Degraded,-1,1
SES-194586,2026-08-29 18:58:04+00:00,2026-08-29,iPhone 16 Pro,v18.1.0,GS-LEO-08,GS-CA-B,Roadside_Assistance,16.79,28.7,688.0,0.5995,Degraded,-1,1
SES-142355,2026-08-13 03:39:45+00:00,2026-08-13,iPhone 16 Pro,v18.1.0,GS-LEO-08,GS-CA-B,Emergency_SOS,20.95,70.7,692.0,0.6093,Degraded,-1,1
SES-176104,2026-08-04 18:46:30+00:00,2026-08-04,iPhone 16 Pro,v18.1.0,GS-LEO-17,GS-CA-B,FindMy_Ping,15.62,21.9,861.0,0.6796,Degraded,-1,1
SES-141196,2026-08-29 02:16:47+00:00,2026-08-29,iPhone 16 Pro,v18.2.1,GS-LEO-02,GS-CA-B,Messages_Satellite,6.37,40.8,1079.0,0.6483,Degraded,-1,1
SES-108472,2026-08-20 08:46:20+00:00,2026-08-20,iPhone 16 Pro,v18.1.0,GS-LEO-18,GS-CA-B,Emergency_SOS,16.95,17.5,775.0,0.6685,Degraded,-1,1
SES-113462,2026-08-30 09:40:54+00:00,2026-08-30,iPhone 16 Pro,v18.1.0,GS-LEO-18,GS-CA-B,Messages_Satellite,16.31,51.9,725.0,0.6467,Degraded,-1,1
SES-149780,2026-08-06 23:35:46+00:00,2026-08-06,iPhone 16 Pro,v18.1.0,GS-LEO-18,GS-CA-B,Messages_Satellite,15.07,34.7,717.0,0.8072,Degraded,-1,1
SES-154898,2026-08-14 22:39:47+00:00,2026-08-14,iPhone 16 Pro,v18.2.0-b2,GS-LEO-18,GS-CA-B,FindMy_Ping,18.5,18.2,712.0,0.718,Degraded,-1,1
SES-121842,2026-08-28 10:57:51+00:00,2026-08-28,iPhone 16 Pro,v18.1.0,GS-LEO-02,GS-CA-B,Messages_Satellite,8.47,51.4,972.0,0.6782,Degraded,-1,1
SES-122559,2026-08-28 23:21:32+00:00,2026-08-28,iPhone 16 Pro,v18.2.1,GS-LEO-18,GS-CA-B,Emergency_SOS,20.81,74.8,696.0,0.637,Degraded,-1,1
SES-137515,2026-08-25 04:41:30+00:00,2026-08-25,iPhone 16 Pro,v18.2.1,GS-LEO-18,GS-CA-B,Messages_Satellite,16.4,16.4,692.0,0.7114,Degraded,-1,1
SES-100564,2026-08-22 20:22:09+00:00,2026-08-22,iPhone 16 Pro,v18.2.1,GS-LEO-18,GS-CA-B,Messages_Satellite,18.24,15.5,683.0,0.5395,Degraded,-1,1
SES-153701,2026-08-31 22:28:06+00:00,2026-08-31,iPhone 16 Pro,v18.1.0,GS-LEO-05,GS-CA-B,Emergency_SOS,13.26,83.2,800.0,0.5959,Degraded,-1,1
SES-112482,2026-08-08 12:19:35+00:00,2026-08-08,iPhone 16 Pro,v18.1.0,GS-LEO-02,GS-CA-B,FindMy_Ping,8.86,25.7,976.0,0.6621,Degraded,-1,1
SES-129083,2026-08-09 22:38:42+00:00,2026-08-09,iPhone 16 Pro,v18.2.0-b2,GS-LEO-17,GS-CA-B,Messages_Satellite,9.63,30.2,906.0,0.9116,Degraded,-1,1
SES-121032,2026-08-03 22:48:42+00:00,2026-08-03,iPhone 16 Pro,v18.2.0-b2,GS-LEO-17,GS-TX-A,Messages_Satellite,7.95,79.0,4377.0,0.0378,Degraded,-1,1
SES-153926,2026-08-22 06:23:52+00:00,2026-08-22,iPhone 16 Pro,v18.2.0-b2,GS-LEO-08,GS-CA-B,Messages_Satellite,16.37,16.1,757.0,0.5181,Degraded,-1,1
SES-198811,2026-08-07 14:46:31+00:00,2026-08-07,iPhone 16 Pro,v18.2.0-b2,GS-LEO-17,GS-FL-C,Roadside_Assistance,15.64,16.5,4203.0,0.1034,Degraded,-1,1
SES-133827,2026-08-15 16:40:32+00:00,2026-08-15,iPhone 16 Pro,v18.2.0-b2,GS-LEO-17,GS-TX-A,Messages_Satellite,13.54,38.6,4132.0,0.3212,Degraded,-1,1
SES-119523,2026-08-24 04:26:45+00:00,2026-08-24,iPhone 16 Pro,v18.2.0-b2,GS-LEO-17,GS-CA-B,Messages_Satellite,13.29,70.7,4075.0,0.141,Degraded,-1,1
SES-161467,2026-08-22 04:07:39+00:00,2026-08-22,iPhone 16 Pro,v18.2.0-b2,GS-LEO-17,GS-OR-D,Messages_Satellite,17.11,64.1,4059.0,0.1582,Degraded,-1,1
SES-135321,2026-08-19 03:31:39+00:00,2026-08-19,iPhone 16 Pro,v18.2.0-b2,GS-LEO-17,GS-FL-C,Messages_Satellite,4.74,46.6,3967.0,0.099,Degraded,-1,1
SES-199966,2026-08-08 04:08:58+00:00,2026-08-08,iPhone 16 Pro,v18.2.0-b2,GS-LEO-17,GS-FL-C,Messages_Satellite,15.51,78.6,3951.0,0.0363,Degraded,-1,1
SES-134866,2026-08-19 22:59:06+00:00,2026-08-19,iPhone 16 Pro,v18.2.0-b2,GS-LEO-17,GS-FL-C,Messages_Satellite,11.83,73.3,3785.0,0.0018,Degraded,-1,1
SES-109030,2026-08-28 16:22:58+00:00,2026-08-28,iPhone 16 Pro,v18.2.0-b2,GS-LEO-17,GS-FL-C,Roadside_Assistance,19.04,41.4,3765.0,0.1263,Degraded,-1,1
SES-146818,2026-08-02 15:24:46+00:00,2026-08-02,iPhone 16 Pro,v18.2.1,GS-LEO-08,GS-CA-B,Messages_Satellite,17.92,71.9,760.0,0.6978,Degraded,-1,1
SES-155698,2026-08-01 06:26:00+00:00,2026-08-01,iPhone 16 Pro,v18.2.0-b2,GS-LEO-17,GS-OR-D,FindMy_Ping,18.03,79.5,3644.0,0.0412,Degraded,-1,1
SES-136191,2026-08-11 03:37:07+00:00,2026-08-11,iPhone 16 Pro,v18.2.0-b2,GS-LEO-17,GS-CA-B,Messages_Satellite,14.28,51.9,920.0,0.7357,Degraded,-1,1
SES-142788,2026-08-07 22:18:29+00:00,2026-08-07,iPhone 16 Pro,v18.2.0-b2,GS-LEO-17,GS-CA-B,FindMy_Ping,16.08,43.4,3238.0,0.4022,Degraded,-1,1
SES-160922,2026-08-09 15:40:44+00:00,2026-08-09,iPhone 16 Pro,v18.2.0-b2,GS-LEO-17,GS-OR-D,Roadside_Assistance,4.28,79.0,3172.0,0.143,Degraded,-1,1
SES-115931,2026-08-20 22:07:02+00:00,2026-08-20,iPhone 16 Pro,v18.2.0-b2,GS-LEO-17,GS-CA-B,Messages_Satellite,23.18,83.2,2777.0,0.0382,Degraded,-1,1
SES-166938,2026-08-08 10:59:54+00:00,2026-08-08,iPhone 16 Pro,v18.2.0-b2,GS-LEO-17,GS-TX-A,FindMy_Ping,23.7,60.3,2346.0,0.0811,Acceptable,-1,1
SES-127907,2026-08-19 15:19:59+00:00,2026-08-19,iPhone 16 Pro,v18.2.1,GS-LEO-02,GS-CA-B,Roadside_Assistance,7.89,61.0,1021.0,0.6784,Degraded,-1,1
SES-198132,2026-08-20 23:47:26+00:00,2026-08-20,iPhone 16 Pro,v18.1.0,GS-LEO-17,GS-CA-B,Messages_Satellite,9.27,39.4,1060.0,0.7227,Degraded,-1,1
SES-128603,2026-08-09 11:05:06+00:00,2026-08-09,iPhone 16 Pro,v18.2.0-b2,GS-LEO-08,GS-CA-B,Roadside_Assistance,17.44,51.3,779.0,0.7203,Degraded,-1,1
SES-177550,2026-08-24 15:36:13+00:00,2026-08-24,iPhone 16 Pro,v18.2.0-b2,GS-LEO-17,GS-CA-B,Messages_Satellite,8.1,17.7,963.0,0.6593,Degraded,-1,1
SES-103232,2026-08-01 18:58:08+00:00,2026-08-01,iPhone 16 Pro,v18.1.0,GS-LEO-02,GS-CA-B,Messages_Satellite,10.32,55.7,998.0,0.7867,Degraded,-1,1
SES-107971,2026-08-05 02:57:51+00:00,2026-08-05,iPhone 17 Pro,v18.2.1,GS-LEO-17,GS-CA-B,Emergency_SOS,9.16,34.7,989.0,0.6011,Degraded,-1,1
SES-196187,2026-08-28 11:53:10+00:00,2026-08-28,iPhone 17 Pro,v18.2.0-b2,GS-LEO-17,GS-CA-B,Emergency_SOS,7.36,53.0,1006.0,0.5723,Degraded,-1,1
SES-104752,2026-08-22 21:35:58+00:00,2026-08-22,iPhone 17 Pro,v18.2.1,GS-LEO-08,GS-CA-B,Roadside_Assistance,12.56,23.1,796.0,0.6123,Degraded,-1,1
SES-122436,2026-08-07 01:15:51+00:00,2026-08-07,iPhone 17 Pro,v18.2.1,GS-LEO-17,GS-CA-B,Messages_Satellite,7.94,84.4,1027.0,0.7017,Degraded,-1,1
SES-148930,2026-08-08 20:55:54+00:00,2026-08-08,iPhone 17 Pro,v18.2.1,GS-LEO-17,GS-CA-B,FindMy_Ping,5.46,78.9,1047.0,0.7693,Degraded,-1,1
SES-138671,2026-08-01 07:25:49+00:00,2026-08-01,iPhone 17 Pro,v18.2.1,GS-LEO-17,GS-FL-C,Roadside_Assistance,3.37,75.8,1051.0,0.3038,Degraded,-1,1
SES-128449,2026-08-26 02:25:01+00:00,2026-08-26,iPhone 17 Pro,v18.2.1,GS-LEO-17,GS-CA-B,Messages_Satellite,6.21,76.4,955.0,0.6204,Degraded,-1,1
SES-195474,2026-08-19 16:23:50+00:00,2026-08-19,iPhone 17 Pro,v18.2.1,GS-LEO-17,GS-CA-B,Messages_Satellite,8.85,16.2,1080.0,0.5659,Degraded,-1,1
SES-176305,2026-08-14 17:57:15+00:00,2026-08-14,iPhone 17 Pro,v18.2.1,GS-LEO-17,GS-CA-B,Messages_Satellite,6.83,82.3,1142.0,0.8284,Degraded,-1,1
SES-175549,2026-08-11 01:20:22+00:00,2026-08-11,iPhone 17 Pro,v18.2.1,GS-LEO-08,GS-CA-B,Roadside_Assistance,17.4,28.1,810.0,0.6108,Degraded,-1,1
SES-107077,2026-08-23 21:00:38+00:00,2026-08-23,iPhone 17 Pro,v18.2.1,GS-LEO-02,GS-CA-B,Messages_Satellite,7.89,83.2,1030.0,0.5769,Degraded,-1,1
SES-117681,2026-08-25 05:13:50+00:00,2026-08-25,iPhone 17 Pro,v18.2.0-b2,GS-LEO-17,GS-CA-B,Messages_Satellite,11.32,23.8,2545.0,0.4862,Degraded,-1,1
SES-138939,2026-08-21 14:00:29+00:00,2026-08-21,iPhone 17 Pro,v18.2.0-b2,GS-LEO-17,GS-CA-B,Messages_Satellite,5.18,56.5,2772.0,0.462,Degraded,-1,1
SES-141150,2026-08-24 02:43:16+00:00,2026-08-24,iPhone 17 Pro,v18.2.0-b2,GS-LEO-17,GS-CA-B,Emergency_SOS,16.34,42.5,2905.0,0.6378,Degraded,-1,1
SES-155864,2026-08-13 03:54:13+00:00,2026-08-13,iPhone 17 Pro,v18.2.1,GS-LEO-02,GS-CA-B,Roadside_Assistance,7.08,21.4,1034.0,0.5151,Degraded,-1,1
SES-104149,2026-08-23 20:29:58+00:00,2026-08-23,iPhone 17 Pro,v18.2.0-b2,GS-LEO-17,GS-CA-B,Roadside_Assistance,8.79,65.5,3287.0,0.3261,Degraded,-1,1
SES-162382,2026-08-09 11:45:55+00:00,2026-08-09,iPhone 17 Pro,v18.2.0-b2,GS-LEO-17,GS-TX-A,FindMy_Ping,20.92,72.4,3441.0,0.0427,Degraded,-1,1
SES-165432,2026-08-09 15:18:02+00:00,2026-08-09,iPhone 17 Pro,v18.2.0-b2,GS-LEO-17,GS-CA-B,Messages_Satellite,18.87,38.6,3514.0,0.1769,Degraded,-1,1
SES-152525,2026-08-22 07:05:20+00:00,2026-08-22,iPhone 17 Pro,v18.2.0-b2,GS-LEO-17,GS-CA-B,Messages_Satellite,14.28,39.1,3574.0,0.4391,Degraded,-1,1
SES-159806,2026-08-21 15:47:48+00:00,2026-08-21,iPhone 17 Pro,v18.2.0-b2,GS-LEO-17,GS-OR-D,Messages_Satellite,16.67,32.3,3688.0,0.225,Degraded,-1,1
SES-118771,2026-08-26 07:51:06+00:00,2026-08-26,iPhone 17 Pro,v18.2.0-b2,GS-LEO-17,GS-TX-A,Emergency_SOS,17.86,81.7,3702.0,0.0262,Degraded,-1,1
SES-140415,2026-08-18 21:12:18+00:00,2026-08-18,iPhone 17 Pro,v18.2.0-b2,GS-LEO-17,GS-OR-D,Messages_Satellite,20.64,15.7,3847.0,0.0674,Degraded,-1,1
SES-117859,2026-08-23 12:01:16+00:00,2026-08-23,iPhone 17 Pro,v18.2.0-b2,GS-LEO-17,GS-FL-C,Emergency_SOS,19.16,68.4,3873.0,0.0652,Degraded,-1,1
SES-132783,2026-08-26 02:45:20+00:00,2026-08-26,iPhone 17 Pro,v18.2.0-b2,GS-LEO-17,GS-FL-C,Emergency_SOS,12.19,79.1,3900.0,0.1566,Degraded,-1,1
SES-152970,2026-08-16 16:57:55+00:00,2026-08-16,iPhone 17 Pro,v18.2.0-b2,GS-LEO-17,GS-TX-A,Emergency_SOS,1.19,27.8,3915.0,0.0613,Degraded,-1,1
SES-193040,2026-08-28 10:45:55+00:00,2026-08-28,iPhone 17 Pro,v18.2.0-b2,GS-LEO-17,GS-OR-D,Messages_Satellite,17.71,49.9,4005.0,0.009,Degraded,-1,1
SES-120048,2026-08-04 23:32:54+00:00,2026-08-04,iPhone 17 Pro,v18.2.0-b2,GS-LEO-17,GS-CA-B,Messages_Satellite,16.29,84.3,4035.0,0.0291,Degraded,-1,1
SES-178957,2026-08-07 14:36:48+00:00,2026-08-07,iPhone 17 Pro,v18.2.0-b2,GS-LEO-17,GS-TX-A,Roadside_Assistance,13.93,78.0,4092.0,0.0178,Degraded,-1,1
SES-150660,2026-08-13 16:08:10+00:00,2026-08-13,iPhone 17 Pro,v18.2.0-b2,GS-LEO-17,GS-FL-C,Messages_Satellite,8.19,17.4,4099.0,0.0271,Degraded,-1,1
SES-150766,2026-08-16 23:05:35+00:00,2026-08-16,iPhone 17 Pro,v18.2.0-b2,GS-LEO-17,GS-FL-C,Emergency_SOS,1.81,47.6,4100.0,0.0694,Degraded,-1,1
SES-188840,2026-08-10 17:05:34+00:00,2026-08-10,iPhone 17 Pro,v18.2.0-b2,GS-LEO-17,GS-CA-B,Messages_Satellite,9.16,71.0,4142.0,0.0772,Degraded,-1,1
SES-155387,2026-08-02 16:10:29+00:00,2026-08-02,iPhone 17 Pro,v18.2.0-b2,GS-LEO-17,GS-TX-A,FindMy_Ping,8.45,55.1,4245.0,0.109,Degraded,-1,1
SES-145882,2026-08-04 06:58:18+00:00,2026-08-04,iPhone 17 Pro,v18.2.0-b2,GS-LEO-17,GS-TX-A,Messages_Satellite,12.73,77.6,4344.0,0.0133,Degraded,-1,1
SES-140066,2026-08-09 13:47:51+00:00,2026-08-09,iPhone 17 Pro,v18.2.0-b2,GS-LEO-17,GS-TX-A,Emergency_SOS,10.03,79.8,4390.0,0.0438,Degraded,-1,1
SES-164046,2026-08-18 09:28:54+00:00,2026-08-18,iPhone 17 Pro,v18.2.0-b2,GS-LEO-17,GS-FL-C,FindMy_Ping,4.54,38.3,4482.0,0.0623,Degraded,-1,1
SES-153345,2026-08-14 04:23:53+00:00,2026-08-14,iPhone 17 Pro,v18.2.0-b2,GS-LEO-18,GS-CA-B,Emergency_SOS,23.54,17.5,587.0,0.1792,Acceptable,-1,1
SES-197977,2026-08-31 16:30:16+00:00,2026-08-31,iPhone 17 Pro,v18.2.0-b2,GS-LEO-02,GS-CA-B,Messages_Satellite,10.75,83.6,977.0,0.561,Degraded,-1,1
SES-156472,2026-08-16 01:35:37+00:00,2026-08-16,iPhone 17 Pro,v18.1.0,GS-LEO-08,GS-CA-B,Emergency_SOS,14.22,33.8,824.0,0.8065,Degraded,-1,1
SES-101086,2026-08-05 09:17:58+00:00,2026-08-05,iPhone 17 Pro,v18.2.1,GS-LEO-18,GS-TX-A,Messages_Satellite,20.7,81.5,653.0,0.2796,Degraded,-1,1
SES-126149,2026-08-30 21:06:16+00:00,2026-08-30,iPhone 17 Pro,v18.1.0,GS-LEO-18,GS-CA-B,Messages_Satellite,20.89,19.4,657.0,0.5417,Degraded,-1,1
SES-140222,2026-08-22 04:06:17+00:00,2026-08-22,iPhone 17 Pro,v18.1.0,GS-LEO-02,GS-CA-B,FindMy_Ping,7.0,55.3,1049.0,0.5843,Degraded,-1,1
SES-168862,2026-08-25 18:56:53+00:00,2026-08-25,iPhone 17 Pro,v18.1.0,GS-LEO-02,GS-CA-B,Messages_Satellite,6.44,61.7,1059.0,0.6529,Degraded,-1,1
SES-155007,2026-08-08 19:07:46+00:00,2026-08-08,iPhone 17 Pro,v18.2.1,GS-LEO-17,GS-CA-B,FindMy_Ping,14.47,33.3,875.0,0.7806,Degraded,-1,1
SES-195682,2026-08-03 07:22:06+00:00,2026-08-03,iPhone 17 Pro,v18.1.0,GS-LEO-18,GS-CA-B,Roadside_Assistance,20.16,53.3,777.0,0.7962,Degraded,-1,1
SES-163237,2026-08-07 22:26:36+00:00,2026-08-07,iPhone 17 Pro,v18.1.0,GS-LEO-18,GS-CA-B,Messages_Satellite,16.74,44.2,779.0,0.7022,Degraded,-1,1
SES-109009,2026-08-20 04:40:15+00:00,2026-08-20,iPhone 17 Pro,v18.2.1,GS-LEO-02,GS-CA-B,FindMy_Ping,12.94,61.6,956.0,0.6697,Degraded,-1,1
SES-138317,2026-08-19 20:09:04+00:00,2026-08-19,iPhone 17 Pro,v18.2.1,GS-LEO-18,GS-CA-B,Messages_Satellite,15.94,40.5,800.0,0.6479,Degraded,-1,1
SES-186692,2026-08-09 21:27:04+00:00,2026-08-09,iPhone 17 Pro,v18.2.0-b2,GS-LEO-17,GS-CA-B,Messages_Satellite,15.54,63.0,828.0,0.6843,Degraded,-1,1
SES-174448,2026-08-02 03:29:40+00:00,2026-08-02,iPhone 17 Pro,v18.2.0-b2,GS-LEO-17,GS-CA-B,Messages_Satellite,15.87,15.8,824.0,0.5713,Degraded,-1,1
SES-193626,2026-08-10 21:12:40+00:00,2026-08-10,iPhone 17 Pro,v18.2.1,GS-LEO-05,GS-CA-B,Messages_Satellite,14.19,35.6,774.0,0.7336,Degraded,-1,1
SES-122225,2026-08-19 00:29:51+00:00,2026-08-19,iPhone 17 Pro,v18.2.1,GS-LEO-05,GS-CA-B,FindMy_Ping,14.65,31.4,807.0,0.7052,Degraded,-1,1
SES-183620,2026-08-26 02:13:25+00:00,2026-08-26,iPhone 17 Pro,v18.2.0-b2,GS-LEO-18,GS-CA-B,Messages_Satellite,16.07,75.9,826.0,0.6675,Degraded,-1,1
SES-142696,2026-08-09 22:09:17+00:00,2026-08-09,iPhone 17 Pro,v18.2.1,GS-LEO-18,GS-CA-B,Messages_Satellite,15.79,15.9,834.0,0.5746,Degraded,-1,1
SES-160092,2026-08-02 20:49:25+00:00,2026-08-02,iPhone 17 Pro,v18.2.1,GS-LEO-18,GS-CA-B,Messages_Satellite,16.6,16.1,834.0,0.5331,Degraded,-1,1
SES-176554,2026-08-21 04:09:54+00:00,2026-08-21,iPhone 17 Pro,v18.2.1,GS-LEO-02,GS-CA-B,Messages_Satellite,1.25,32.2,1222.0,0.2875,Degraded,-1,1
SES-151110,2026-08-08 10:24:36+00:00,2026-08-08,iPhone 17 Pro,v18.2.1,GS-LEO-08,GS-CA-B,Messages_Satellite,17.51,63.9,623.0,0.6969,Degraded,-1,1
SES-157745,2026-08-05 05:40:27+00:00,2026-08-05,iPhone 17 Pro,v18.2.1,GS-LEO-08,GS-CA-B,Roadside_Assistance,21.88,40.3,618.0,0.5629,Degraded,-1,1
SES-121272,2026-08-10 10:46:50+00:00,2026-08-10,iPhone 17 Pro,v18.2.0-b2,GS-LEO-07,GS-TX-A,Messages_Satellite,9.45,60.4,4511.0,0.0637,Degraded,-1,1
SES-158523,2026-08-30 16:02:59+00:00,2026-08-30,iPhone 17 Pro,v18.2.0-b2,GS-LEO-07,GS-CA-B,Messages_Satellite,7.22,50.2,4491.0,0.111,Degraded,-1,1
SES-174264,2026-08-13 14:25:16+00:00,2026-08-13,iPhone 17 Pro,v18.2.0-b2,GS-LEO-07,GS-TX-A,Messages_Satellite,9.73,31.6,4457.0,0.1629,Degraded,-1,1
SES-121253,2026-08-11 21:54:20+00:00,2026-08-11,iPhone 17 Pro,v18.2.0-b2,GS-LEO-07,GS-CA-B,Roadside_Assistance,5.6,40.7,4350.0,0.0648,Degraded,-1,1
SES-180574,2026-08-12 02:48:36+00:00,2026-08-12,iPhone 17 Pro,v18.2.0-b2,GS-LEO-07,GS-OR-D,Messages_Satellite,10.42,82.8,4338.0,0.0453,Degraded,-1,1
SES-103457,2026-08-13 01:14:51+00:00,2026-08-13,iPhone 17 Pro,v18.2.0-b2,GS-LEO-07,GS-OR-D,Roadside_Assistance,9.67,78.0,4279.0,0.052,Degraded,-1,1
SES-175031,2026-08-27 14:16:19+00:00,2026-08-27,iPhone 17 Pro,v18.2.0-b2,GS-LEO-07,GS-TX-A,Messages_Satellite,18.05,46.7,4233.0,0.0139,Degraded,-1,1
SES-181024,2026-08-04 07:57:12+00:00,2026-08-04,iPhone 17 Pro,v18.2.0-b2,GS-LEO-07,GS-CA-B,FindMy_Ping,15.73,53.0,4201.0,0.0351,Degraded,-1,1
SES-122614,2026-08-07 09:37:05+00:00,2026-08-07,iPhone 17 Pro,v18.2.0-b2,GS-LEO-07,GS-CA-B,FindMy_Ping,19.5,66.6,4172.0,0.1432,Degraded,-1,1
SES-178181,2026-08-22 00:57:29+00:00,2026-08-22,iPhone 17 Pro,v18.2.0-b2,GS-LEO-07,GS-FL-C,Messages_Satellite,16.31,57.5,3997.0,0.098,Degraded,-1,1
SES-102055,2026-08-31 10:41:56+00:00,2026-08-31,iPhone 17 Pro,v18.2.0-b2,GS-LEO-07,GS-CA-B,Emergency_SOS,16.1,77.9,3933.0,0.0888,Degraded,-1,1
SES-127468,2026-08-10 21:23:17+00:00,2026-08-10,iPhone 17 Pro,v18.2.0-b2,GS-LEO-07,GS-TX-A,FindMy_Ping,14.85,77.4,3918.0,0.0041,Degraded,-1,1
SES-178184,2026-08-04 11:05:29+00:00,2026-08-04,iPhone 17 Pro,v18.2.0-b2,GS-LEO-07,GS-CA-B,Messages_Satellite,17.55,17.5,3886.0,0.1803,Degraded,-1,1
SES-104275,2026-08-31 06:00:16+00:00,2026-08-31,iPhone 17 Pro,v18.2.0-b2,GS-LEO-07,GS-TX-A,Emergency_SOS,4.82,37.1,3835.0,0.1014,Degraded,-1,1
SES-114323,2026-08-27 00:03:02+00:00,2026-08-27,iPhone 17 Pro,v18.2.0-b2,GS-LEO-07,GS-CA-B,Roadside_Assistance,14.14,50.4,3757.0,0.5521,Degraded,-1,1
SES-160374,2026-08-10 23:22:45+00:00,2026-08-10,iPhone 17 Pro,v18.2.0-b2,GS-LEO-07,GS-CA-B,FindMy_Ping,17.28,84.9,3691.0,0.0267,Degraded,-1,1
SES-136123,2026-08-20 15:14:03+00:00,2026-08-20,iPhone 17 Pro,v18.2.0-b2,GS-LEO-07,GS-CA-B,Emergency_SOS,17.49,17.2,3497.0,0.0214,Degraded,-1,1
SES-116259,2026-08-01 13:58:47+00:00,2026-08-01,iPhone 17 Pro,v18.2.0-b2,GS-LEO-07,GS-FL-C,FindMy_Ping,10.51,81.7,3391.0,0.193,Degraded,-1,1
SES-103595,2026-08-06 21:30:11+00:00,2026-08-06,iPhone 17 Pro,v18.2.0-b2,GS-LEO-07,GS-OR-D,Messages_Satellite,22.89,63.8,3366.0,0.0426,Degraded,-1,1
SES-188699,2026-08-17 12:56:27+00:00,2026-08-17,iPhone 17 Pro,v18.2.0-b2,GS-LEO-07,GS-TX-A,Roadside_Assistance,5.43,83.8,3360.0,0.0092,Degraded,-1,1
SES-160621,2026-08-06 07:49:24+00:00,2026-08-06,iPhone 17 Pro,v18.2.0-b2,GS-LEO-07,GS-FL-C,Emergency_SOS,23.34,67.0,2926.0,0.0222,Degraded,-1,1
SES-198778,2026-08-06 23:47:53+00:00,2026-08-06,iPhone 17 Pro,v18.1.0,GS-LEO-18,GS-CA-B,Messages_Satellite,8.87,76.5,903.0,0.7249,Degraded,-1,1
SES-123000,2026-08-07 21:26:07+00:00,2026-08-07,iPhone 17 Pro,v18.2.0-b2,GS-LEO-07,GS-CA-B,Messages_Satellite,23.35,68.0,2621.0,0.0023,Degraded,-1,1
SES-199197,2026-08-16 10:09:17+00:00,2026-08-16,iPhone 17 Pro,v18.2.0-b2,GS-LEO-07,GS-CA-B,Emergency_SOS,21.57,18.5,2614.0,0.0156,Degraded,-1,1
SES-114861,2026-08-21 17:39:55+00:00,2026-08-21,iPhone 17 Pro,v18.2.0-b2,GS-LEO-02,GS-CA-B,Messages_Satellite,18.88,16.6,3512.0,0.0345,Degraded,-1,1
SES-149550,2026-08-19 18:38:34+00:00,2026-08-19,iPhone 17 Pro,v18.2.0-b2,GS-LEO-07,GS-FL-C,Messages_Satellite,24.31,46.8,2576.0,0.0501,Degraded,-1,1
SES-145614,2026-08-08 18:11:44+00:00,2026-08-08,iPhone 17 Pro,v18.2.0-b2,GS-LEO-02,GS-OR-D,Messages_Satellite,11.01,84.6,3520.0,0.1523,Degraded,-1,1
SES-111762,2026-08-30 22:00:14+00:00,2026-08-30,iPhone 17 Pro,v18.2.0-b2,GS-LEO-07,GS-TX-A,Messages_Satellite,25.26,35.7,2494.0,0.1813,Acceptable,-1,1
SES-161580,2026-08-04 07:10:53+00:00,2026-08-04,iPhone 17 Pro,v18.2.0-b2,GS-LEO-16,GS-CA-B,Emergency_SOS,11.18,18.0,4463.0,0.0032,Degraded,-1,1
SES-172916,2026-08-10 08:47:46+00:00,2026-08-10,iPhone 17 Pro,v18.2.0-b2,GS-LEO-16,GS-FL-C,FindMy_Ping,10.07,64.4,4456.0,0.1279,Degraded,-1,1
SES-167116,2026-08-12 19:18:24+00:00,2026-08-12,iPhone 17 Pro,v18.2.0-b2,GS-LEO-16,GS-FL-C,FindMy_Ping,9.38,65.5,4377.0,0.0156,Degraded,-1,1
SES-135002,2026-08-04 23:05:02+00:00,2026-08-04,iPhone 17 Pro,v18.2.0-b2,GS-LEO-16,GS-CA-B,Emergency_SOS,4.4,65.4,4316.0,0.5938,Degraded,-1,1
SES-141328,2026-08-01 16:03:16+00:00,2026-08-01,iPhone 17 Pro,v18.2.0-b2,GS-LEO-16,GS-TX-A,Emergency_SOS,8.93,26.2,4289.0,0.0109,Degraded,-1,1
SES-190521,2026-08-08 03:05:02+00:00,2026-08-08,iPhone 17 Pro,v18.2.0-b2,GS-LEO-16,GS-FL-C,Messages_Satellite,18.74,83.9,4287.0,0.0274,Degraded,-1,1
SES-152274,2026-08-10 00:48:19+00:00,2026-08-10,iPhone 17 Pro,v18.2.0-b2,GS-LEO-16,GS-TX-A,Roadside_Assistance,8.58,26.5,4284.0,0.0146,Degraded,-1,1
SES-105044,2026-08-19 17:05:44+00:00,2026-08-19,iPhone 17 Pro,v18.2.0-b2,GS-LEO-16,GS-TX-A,Messages_Satellite,5.88,33.1,4229.0,0.0313,Degraded,-1,1
SES-151573,2026-08-18 11:46:23+00:00,2026-08-18,iPhone 17 Pro,v18.2.0-b2,GS-LEO-16,GS-CA-B,Messages_Satellite,8.0,27.3,4228.0,0.0923,Degraded,-1,1
SES-145537,2026-08-02 22:25:47+00:00,2026-08-02,iPhone 17 Pro,v18.2.0-b2,GS-LEO-16,GS-CA-B,FindMy_Ping,8.31,55.3,4149.0,0.0122,Degraded,-1,1
SES-173424,2026-08-26 23:16:33+00:00,2026-08-26,iPhone 17 Pro,v18.2.0-b2,GS-LEO-16,GS-FL-C,Messages_Satellite,5.51,27.2,4104.0,0.0032,Degraded,-1,1
SES-112228,2026-08-09 23:37:56+00:00,2026-08-09,iPhone 17 Pro,v18.2.0-b2,GS-LEO-16,GS-OR-D,Emergency_SOS,14.62,82.3,4056.0,0.0106,Degraded,-1,1
SES-167526,2026-08-02 09:52:56+00:00,2026-08-02,iPhone 17 Pro,v18.2.0-b2,GS-LEO-16,GS-FL-C,Roadside_Assistance,19.42,41.2,4038.0,0.0424,Degraded,-1,1
SES-143218,2026-08-29 21:09:31+00:00,2026-08-29,iPhone 17 Pro,v18.2.0-b2,GS-LEO-16,GS-TX-A,FindMy_Ping,7.75,70.2,4033.0,0.097,Degraded,-1,1
SES-115984,2026-08-21 23:03:52+00:00,2026-08-21,iPhone 17 Pro,v18.2.0-b2,GS-LEO-16,GS-FL-C,Emergency_SOS,14.44,71.1,3928.0,0.079,Degraded,-1,1
SES-128810,2026-08-19 20:45:08+00:00,2026-08-19,iPhone 17 Pro,v18.2.0-b2,GS-LEO-16,GS-OR-D,Messages_Satellite,18.07,44.9,3853.0,0.075,Degraded,-1,1
SES-194878,2026-08-07 15:21:03+00:00,2026-08-07,iPhone 17 Pro,v18.2.0-b2,GS-LEO-16,GS-FL-C,Messages_Satellite,8.09,80.7,3801.0,0.0051,Degraded,-1,1
SES-170528,2026-08-10 04:25:38+00:00,2026-08-10,iPhone 17 Pro,v18.2.0-b2,GS-LEO-16,GS-FL-C,Roadside_Assistance,16.29,78.4,3778.0,0.0855,Degraded,-1,1
SES-170535,2026-08-16 23:42:43+00:00,2026-08-16,iPhone 17 Pro,v18.2.0-b2,GS-LEO-02,GS-FL-C,Emergency_SOS,8.03,78.3,3872.0,0.0922,Degraded,-1,1
SES-101849,2026-08-26 00:27:55+00:00,2026-08-26,iPhone 17 Pro,v18.2.0-b2,GS-LEO-16,GS-CA-B,Emergency_SOS,22.24,60.8,3387.0,0.0998,Degraded,-1,1
SES-169730,2026-08-22 02:32:28+00:00,2026-08-22,iPhone 17 Pro,v18.2.0-b2,GS-LEO-02,GS-OR-D,FindMy_Ping,7.04,73.4,3873.0,0.048,Degraded,-1,1
SES-186355,2026-08-22 01:16:27+00:00,2026-08-22,iPhone 17 Pro,v18.2.0-b2,GS-LEO-02,GS-CA-B,Messages_Satellite,16.99,74.9,3912.0,0.1278,Degraded,-1,1
SES-136175,2026-08-25 10:24:19+00:00,2026-08-25,iPhone 17 Pro,v18.2.0-b2,GS-LEO-02,GS-FL-C,FindMy_Ping,3.94,47.3,3916.0,0.127,Degraded,-1,1
SES-129305,2026-08-05 00:41:43+00:00,2026-08-05,iPhone 17 Pro,v18.2.0-b2,GS-LEO-16,GS-CA-B,Roadside_Assistance,17.55,84.1,3177.0,0.0087,Degraded,-1,1
SES-141885,2026-08-17 12:54:55+00:00,2026-08-17,iPhone 17 Pro,v18.2.0-b2,GS-LEO-02,GS-CA-B,Messages_Satellite,14.94,77.0,3931.0,0.7674,Degraded,-1,1
SES-164674,2026-08-10 14:57:08+00:00,2026-08-10,iPhone 17 Pro,v18.2.0-b2,GS-LEO-16,GS-CA-B,Messages_Satellite,14.85,85.0,3108.0,0.2181,Degraded,-1,1
SES-112255,2026-08-29 07:25:45+00:00,2026-08-29,iPhone 17 Pro,v18.2.0-b2,GS-LEO-02,GS-TX-A,Roadside_Assistance,9.72,78.5,3937.0,0.0934,Degraded,-1,1
SES-191012,2026-08-18 06:46:05+00:00,2026-08-18,iPhone 17 Pro,v18.2.0-b2,GS-LEO-02,GS-FL-C,Messages_Satellite,18.29,84.0,3946.0,0.0003,Degraded,-1,1
SES-184848,2026-08-04 11:01:53+00:00,2026-08-04,iPhone 17 Pro,v18.2.0-b2,GS-LEO-18,GS-CA-B,Emergency_SOS,14.15,22.2,925.0,0.6014,Degraded,-1,1
SES-147800,2026-08-03 02:13:45+00:00,2026-08-03,iPhone 17 Pro,v18.1.0,GS-LEO-07,GS-CA-B,Messages_Satellite,2.43,47.2,1130.0,0.5784,Degraded,-1,1
SES-108116,2026-08-03 16:27:39+00:00,2026-08-03,iPhone 17 Pro,v18.2.0-b2,GS-LEO-02,GS-TX-A,Roadside_Assistance,11.55,80.1,3968.0,0.0817,Degraded,-1,1
SES-111236,2026-08-13 21:12:52+00:00,2026-08-13,iPhone 17 Pro,v18.2.0-b2,GS-LEO-02,GS-OR-D,Messages_Satellite,8.76,15.4,3996.0,0.1383,Degraded,-1,1
SES-160541,2026-08-26 22:29:17+00:00,2026-08-26,iPhone 17 Pro,v18.2.0-b2,GS-LEO-02,GS-TX-A,Messages_Satellite,17.76,52.4,4044.0,0.0105,Degraded,-1,1
SES-105506,2026-08-26 09:52:29+00:00,2026-08-26,iPhone 17 Pro,v18.2.0-b2,GS-LEO-16,GS-CA-B,Messages_Satellite,6.67,74.9,2782.0,0.2831,Degraded,-1,1
SES-197450,2026-08-26 08:00:10+00:00,2026-08-26,iPhone 17 Pro,v18.2.0-b2,GS-LEO-02,GS-CA-B,FindMy_Ping,5.27,28.5,4116.0,0.1464,Degraded,-1,1
SES-179576,2026-08-07 07:39:40+00:00,2026-08-07,iPhone 17 Pro,v18.2.0-b2,GS-LEO-16,GS-OR-D,Messages_Satellite,25.6,25.7,2426.0,0.1392,Acceptable,-1,1
SES-180186,2026-08-13 21:08:19+00:00,2026-08-13,iPhone 17 Pro,v18.2.0-b2,GS-LEO-02,GS-FL-C,FindMy_Ping,4.77,22.7,4140.0,0.0713,Degraded,-1,1
SES-179526,2026-08-24 19:18:59+00:00,2026-08-24,iPhone 17 Pro,v18.2.1,GS-LEO-16,GS-OR-D,Messages_Satellite,2.64,61.4,1194.0,0.2806,Degraded,-1,1
SES-132351,2026-08-23 11:47:11+00:00,2026-08-23,iPhone 17 Pro,v18.2.0-b2,GS-LEO-02,GS-OR-D,Messages_Satellite,17.31,22.7,4146.0,0.0407,Degraded,-1,1
SES-148545,2026-08-13 02:25:18+00:00,2026-08-13,iPhone 17 Pro,v18.2.0-b2,GS-LEO-02,GS-TX-A,FindMy_Ping,9.59,67.9,4158.0,0.2505,Degraded,-1,1
SES-175321,2026-08-30 06:32:30+00:00,2026-08-30,iPhone 17 Pro,v18.2.0-b2,GS-LEO-02,GS-CA-B,Messages_Satellite,8.16,77.6,4248.0,0.0133,Degraded,-1,1
SES-167355,2026-08-11 21:16:25+00:00,2026-08-11,iPhone 17 Pro,v18.2.0-b2,GS-LEO-02,GS-FL-C,FindMy_Ping,8.65,67.4,4304.0,0.1623,Degraded,-1,1
SES-164740,2026-08-08 22:35:23+00:00,2026-08-08,iPhone 17 Pro,v18.2.0-b2,GS-LEO-02,GS-FL-C,FindMy_Ping,12.73,71.7,4306.0,0.1039,Degraded,-1,1
SES-149346,2026-08-24 15:52:51+00:00,2026-08-24,iPhone 17 Pro,v18.2.0-b2,GS-LEO-02,GS-CA-B,Messages_Satellite,4.93,68.6,4476.0,0.5369,Degraded,-1,1
SES-181561,2026-08-09 18:26:57+00:00,2026-08-09,iPhone 17 Pro,v18.2.0-b2,GS-LEO-18,GS-CA-B,Messages_Satellite,9.42,35.1,946.0,0.7101,Degraded,-1,1
SES-161547,2026-08-12 09:17:27+00:00,2026-08-12,iPhone 17 Pro,v18.2.0-b2,GS-LEO-16,GS-CA-B,FindMy_Ping,4.68,41.9,1082.0,0.5413,Degraded,-1,1
SES-141513,2026-08-26 03:21:50+00:00,2026-08-26,iPhone 17 Pro,v18.1.0,GS-LEO-18,GS-CA-B,FindMy_Ping,9.64,28.7,963.0,0.6493,Degraded,-1,1
SES-125235,2026-08-15 05:33:23+00:00,2026-08-15,iPhone 17 Pro,v18.1.0,GS-LEO-18,GS-CA-B,Messages_Satellite,12.64,31.3,964.0,0.6139,Degraded,-1,1
SES-122506,2026-08-12 11:19:35+00:00,2026-08-12,iPhone 17 Pro,v18.2.0-b2,GS-LEO-16,GS-CA-B,Messages_Satellite,8.07,15.8,1036.0,0.7183,Degraded,-1,1
SES-123341,2026-08-22 03:12:46+00:00,2026-08-22,iPhone 17 Pro,v18.2.1,GS-LEO-16,GS-CA-B,Messages_Satellite,3.37,63.1,1027.0,0.6389,Degraded,-1,1
SES-100030,2026-08-17 12:25:14+00:00,2026-08-17,iPhone 17 Pro,v18.2.1,GS-LEO-03,GS-CA-B,Messages_Satellite,23.53,61.0,670.0,0.4558,Degraded,-1,1
SES-168368,2026-08-11 04:53:10+00:00,2026-08-11,iPhone 17 Pro,v18.2.0-b2,GS-LEO-16,GS-CA-B,Messages_Satellite,8.71,20.4,1008.0,0.5466,Degraded,-1,1
SES-125747,2026-08-14 18:30:39+00:00,2026-08-14,iPhone 17 Pro,v18.2.1,GS-LEO-18,GS-CA-B,Messages_Satellite,9.71,83.1,998.0,0.6079,Degraded,-1,1
SES-138407,2026-08-01 07:43:22+00:00,2026-08-01,iPhone 17 Pro,v18.1.0,GS-LEO-18,GS-CA-B,Roadside_Assistance,7.28,18.0,1009.0,0.7042,Degraded,-1,1
SES-121436,2026-08-09 20:56:25+00:00,2026-08-09,iPhone 17 Pro,v18.2.0-b2,GS-LEO-07,GS-CA-B,FindMy_Ping,6.09,40.5,1037.0,0.7337,Degraded,-1,1
SES-168758,2026-08-11 15:59:58+00:00,2026-08-11,iPhone 17 Pro,v18.2.0-b2,GS-LEO-18,GS-CA-B,Messages_Satellite,7.76,24.6,1015.0,0.6646,Degraded,-1,1
SES-121137,2026-08-10 21:22:06+00:00,2026-08-10,iPhone 17 Pro,v18.2.1,GS-LEO-07,GS-CA-B,FindMy_Ping,6.57,82.7,1035.0,0.6988,Degraded,-1,1
SES-131038,2026-08-12 12:46:34+00:00,2026-08-12,iPhone 17 Pro,v18.2.1,GS-LEO-18,GS-CA-B,Roadside_Assistance,4.25,15.1,1026.0,0.4441,Degraded,-1,1
SES-135663,2026-08-29 12:54:59+00:00,2026-08-29,iPhone 17 Pro,v18.2.0-b2,GS-LEO-07,GS-CA-B,Emergency_SOS,8.8,59.8,1024.0,0.596,Degraded,-1,1
SES-159620,2026-08-06 06:11:15+00:00,2026-08-06,iPhone 17 Pro,v18.2.1,GS-LEO-18,GS-CA-B,Messages_Satellite,6.75,44.2,1044.0,0.6677,Degraded,-1,1
SES-103922,2026-08-26 02:08:09+00:00,2026-08-26,iPhone 17 Pro,v18.1.0,GS-LEO-08,GS-CA-B,Messages_Satellite,15.1,33.9,916.0,0.7296,Degraded,-1,1
SES-139073,2026-08-18 12:33:13+00:00,2026-08-18,iPhone 17 Pro,v18.2.0-b2,GS-LEO-18,GS-CA-B,Roadside_Assistance,2.76,30.5,1191.0,0.6208,Degraded,-1,1
SES-100483,2026-08-15 08:27:47+00:00,2026-08-15,iPhone 17 Pro,v18.2.0-b2,GS-LEO-18,GS-TX-A,FindMy_Ping,21.22,84.8,2446.0,0.1989,Acceptable,-1,1
SES-126956,2026-08-01 14:40:54+00:00,2026-08-01,iPhone 17 Pro,v18.2.1,GS-LEO-08,GS-CA-B,Roadside_Assistance,11.4,15.5,921.0,0.5448,Degraded,-1,1
SES-108863,2026-08-15 18:07:05+00:00,2026-08-15,iPhone 17 Pro,v18.2.0-b2,GS-LEO-18,GS-CA-B,Messages_Satellite,19.69,81.2,3106.0,0.2158,Degraded,-1,1
SES-166243,2026-08-16 02:44:14+00:00,2026-08-16,iPhone 17 Pro,v18.2.0-b2,GS-LEO-18,GS-CA-B,Messages_Satellite,20.26,75.0,3197.0,0.061,Degraded,-1,1
SES-116997,2026-08-21 11:57:46+00:00,2026-08-21,iPhone 17 Pro,v18.2.0-b2,GS-LEO-18,GS-CA-B,Messages_Satellite,10.97,74.2,3327.0,0.3979,Degraded,-1,1
SES-130494,2026-08-01 20:59:32+00:00,2026-08-01,iPhone 17 Pro,v18.2.0-b2,GS-LEO-18,GS-OR-D,Messages_Satellite,15.69,66.0,3630.0,0.2761,Degraded,-1,1
SES-164718,2026-08-23 07:57:21+00:00,2026-08-23,iPhone 17 Pro,v18.2.0-b2,GS-LEO-18,GS-CA-B,Messages_Satellite,12.19,82.3,3817.0,0.0244,Degraded,-1,1
SES-120262,2026-08-21 15:21:32+00:00,2026-08-21,iPhone 17 Pro,v18.2.0-b2,GS-LEO-18,GS-OR-D,Messages_Satellite,5.9,84.2,3850.0,0.0612,Degraded,-1,1
SES-137346,2026-08-19 08:49:04+00:00,2026-08-19,iPhone 17 Pro,v18.2.0-b2,GS-LEO-18,GS-TX-A,Messages_Satellite,14.52,68.0,4120.0,0.0572,Degraded,-1,1
SES-119169,2026-08-18 09:56:29+00:00,2026-08-18,iPhone 17 Pro,v18.2.0-b2,GS-LEO-18,GS-TX-A,Messages_Satellite,8.54,78.4,4140.0,0.0103,Degraded,-1,1
SES-147400,2026-08-14 05:04:27+00:00,2026-08-14,iPhone 17 Pro,v18.2.0-b2,GS-LEO-18,GS-FL-C,FindMy_Ping,14.06,78.8,4194.0,0.0616,Degraded,-1,1
SES-174046,2026-08-28 16:41:47+00:00,2026-08-28,iPhone 17 Pro,v18.2.0-b2,GS-LEO-18,GS-CA-B,Messages_Satellite,12.67,26.5,4215.0,0.5125,Degraded,-1,1
SES-149200,2026-08-09 12:58:32+00:00,2026-08-09,iPhone 17 Pro,v18.2.0-b2,GS-LEO-18,GS-FL-C,Messages_Satellite,12.15,70.4,4232.0,0.0155,Degraded,-1,1
SES-144220,2026-08-04 14:57:41+00:00,2026-08-04,iPhone 17 Pro,v18.2.0-b2,GS-LEO-18,GS-CA-B,Roadside_Assistance,9.92,76.0,4343.0,0.0528,Degraded,-1,1
SES-108297,2026-08-11 00:42:48+00:00,2026-08-11,iPhone 17 Pro,v18.2.0-b2,GS-LEO-18,GS-FL-C,Messages_Satellite,7.52,30.2,4352.0,0.0148,Degraded,-1,1
SES-171438,2026-08-30 10:00:04+00:00,2026-08-30,iPhone 17 Pro,v18.2.0-b2,GS-LEO-18,GS-TX-A,FindMy_Ping,9.33,30.3,4369.0,0.1597,Degraded,-1,1
SES-149525,2026-08-10 05:59:45+00:00,2026-08-10,iPhone 17 Pro,v18.2.0-b2,GS-LEO-18,GS-OR-D,FindMy_Ping,8.75,77.8,4377.0,0.01,Degraded,-1,1
SES-192666,2026-08-06 01:45:12+00:00,2026-08-06,iPhone 17 Pro,v18.2.0-b2,GS-LEO-18,GS-FL-C,FindMy_Ping,7.8,15.4,4511.0,0.0558,Degraded,-1,1
SES-194655,2026-08-14 13:56:22+00:00,2026-08-14,iPhone 17 Pro,v18.2.0-b2,GS-LEO-19,GS-CA-B,Roadside_Assistance,21.26,70.9,629.0,0.6285,Degraded,-1,1
SES-157954,2026-08-21 06:32:39+00:00,2026-08-21,iPhone 17 Pro,v18.2.1,GS-LEO-03,GS-CA-B,Messages_Satellite,17.18,76.8,746.0,0.6291,Degraded,-1,1
SES-109421,2026-08-26 03:08:29+00:00,2026-08-26,iPhone 17 Pro,v18.1.0,GS-LEO-19,GS-CA-B,Emergency_SOS,18.0,82.8,698.0,0.4548,Degraded,-1,1
SES-137330,2026-08-11 08:28:28+00:00,2026-08-11,iPhone 17 Pro,v18.1.0,GS-LEO-16,GS-CA-B,Messages_Satellite,9.29,78.8,904.0,0.6502,Degraded,-1,1
SES-172642,2026-08-16 02:08:17+00:00,2026-08-16,iPhone 17 Pro,v18.2.0-b2,GS-LEO-16,GS-CA-B,Roadside_Assistance,13.23,45.4,895.0,0.7553,Degraded,-1,1
SES-150243,2026-08-11 12:18:02+00:00,2026-08-11,iPhone 17 Pro,v18.1.0,GS-LEO-05,GS-CA-B,Messages_Satellite,20.83,19.5,734.0,0.6557,Degraded,-1,1
SES-128427,2026-08-23 18:13:01+00:00,2026-08-23,iPhone 17 Pro,v18.2.1,GS-LEO-16,GS-CA-B,Roadside_Assistance,12.21,79.9,889.0,0.6903,Degraded,-1,1
SES-197008,2026-08-21 10:27:01+00:00,2026-08-21,iPhone 17 Pro,v18.2.1,GS-LEO-07,GS-CA-B,FindMy_Ping,13.02,47.2,979.0,0.6729,Degraded,-1,1
SES-138244,2026-08-01 13:27:44+00:00,2026-08-01,iPhone 17 Pro,v18.1.0,GS-LEO-02,GS-CA-B,FindMy_Ping,14.31,17.5,885.0,0.679,Degraded,-1,1
SES-187991,2026-08-24 08:18:18+00:00,2026-08-24,iPhone 17 Pro,v18.2.1,GS-LEO-16,GS-CA-B,FindMy_Ping,14.51,84.7,865.0,0.7128,Degraded,-1,1
SES-126728,2026-08-10 17:10:56+00:00,2026-08-10,iPhone 17 Pro,v18.1.0,GS-LEO-08,GS-CA-B,Messages_Satellite,7.56,71.9,946.0,0.6611,Degraded,-1,1
SES-189040,2026-08-01 19:08:27+00:00,2026-08-01,iPhone 17 Pro,v18.2.1,GS-LEO-16,GS-CA-B,Messages_Satellite,15.96,21.8,849.0,0.7649,Degraded,-1,1
SES-107874,2026-08-07 12:49:48+00:00,2026-08-07,iPhone 17 Pro,v18.2.0-b2,GS-LEO-19,GS-CA-B,Messages_Satellite,15.24,21.2,819.0,0.6502,Degraded,-1,1
SES-146148,2026-08-26 15:35:15+00:00,2026-08-26,iPhone 17 Pro,v18.1.0,GS-LEO-05,GS-CA-B,Messages_Satellite,15.65,49.5,721.0,0.6113,Degraded,-1,1
SES-171800,2026-08-11 21:44:30+00:00,2026-08-11,iPhone 17 Pro,v18.2.0-b2,GS-LEO-07,GS-CA-B,Messages_Satellite,9.36,47.9,961.0,0.6772,Degraded,-1,1
SES-124367,2026-08-12 06:56:17+00:00,2026-08-12,iPhone 17 Pro,v18.2.1,GS-LEO-07,GS-CA-B,Messages_Satellite,12.47,33.3,960.0,0.7077,Degraded,-1,1
SES-146142,2026-08-15 02:41:31+00:00,2026-08-15,iPhone 17 Pro,v18.2.1,GS-LEO-16,GS-CA-B,Messages_Satellite,14.93,32.4,829.0,0.6645,Degraded,-1,1
SES-192149,2026-08-02 14:51:08+00:00,2026-08-02,iPhone 17 Pro,v18.2.1,GS-LEO-19,GS-CA-B,FindMy_Ping,14.14,54.2,845.0,0.7085,Degraded,-1,1
SES-112823,2026-08-04 16:59:12+00:00,2026-08-04,iPhone 17 Pro,v18.2.1,GS-LEO-19,GS-CA-B,Roadside_Assistance,11.2,33.8,850.0,0.6559,Degraded,-1,1
SES-102893,2026-08-10 18:00:32+00:00,2026-08-10,iPhone 17 Pro,v18.2.1,GS-LEO-19,GS-CA-B,Messages_Satellite,16.09,78.8,860.0,0.669,Degraded,-1,1
SES-107138,2026-08-01 08:24:59+00:00,2026-08-01,iPhone 17 Pro,v18.1.0,GS-LEO-16,GS-CA-B,Messages_Satellite,15.14,64.2,777.0,0.7089,Degraded,-1,1
SES-167319,2026-08-23 16:54:06+00:00,2026-08-23,iPhone 17 Pro,v18.2.0-b2,GS-LEO-07,GS-CA-B,Emergency_SOS,8.79,44.0,939.0,0.6702,Degraded,-1,1
SES-177861,2026-08-27 23:52:11+00:00,2026-08-27,iPhone 17 Pro,v18.2.0-b2,GS-LEO-19,GS-CA-B,Roadside_Assistance,11.95,17.2,905.0,0.626,Degraded,-1,1
SES-145100,2026-08-20 04:16:42+00:00,2026-08-20,iPhone 17 Pro,v18.2.0-b2,GS-LEO-16,GS-CA-B,Messages_Satellite,19.14,44.0,721.0,0.598,Degraded,-1,1
SES-184533,2026-08-29 01:13:41+00:00,2026-08-29,iPhone 17 Pro,v18.2.1,GS-LEO-16,GS-CA-B,Emergency_SOS,20.8,15.7,713.0,0.5205,Degraded,-1,1
SES-107074,2026-08-07 20:57:53+00:00,2026-08-07,iPhone 17 Pro,v18.2.1,GS-LEO-16,GS-CA-B,FindMy_Ping,17.14,29.7,640.0,0.581,Degraded,-1,1
SES-134102,2026-08-16 20:34:44+00:00,2026-08-16,iPhone 17 Pro,v18.2.1,GS-LEO-16,GS-CA-B,Roadside_Assistance,20.97,59.7,633.0,0.5513,Degraded,-1,1
SES-127183,2026-08-31 06:10:29+00:00,2026-08-31,iPhone 17 Pro,v18.2.0-b2,GS-LEO-16,GS-TX-A,Roadside_Assistance,24.1,59.6,575.0,0.2509,Degraded,-1,1
SES-131168,2026-08-05 23:08:55+00:00,2026-08-05,iPhone 17 Pro,v18.2.0-b2,GS-LEO-15,GS-TX-A,Messages_Satellite,7.54,33.9,4590.0,0.0162,Degraded,-1,1
SES-108028,2026-08-17 08:26:41+00:00,2026-08-17,iPhone 17 Pro,v18.2.0-b2,GS-LEO-15,GS-FL-C,Messages_Satellite,12.52,78.2,4366.0,0.1755,Degraded,-1,1
SES-157583,2026-08-07 22:44:50+00:00,2026-08-07,iPhone 17 Pro,v18.2.0-b2,GS-LEO-15,GS-TX-A,Roadside_Assistance,5.3,34.5,4353.0,0.0307,Degraded,-1,1
SES-105611,2026-08-23 19:45:38+00:00,2026-08-23,iPhone 17 Pro,v18.2.0-b2,GS-LEO-15,GS-OR-D,Messages_Satellite,14.28,37.1,4253.0,0.2498,Degraded,-1,1
SES-134487,2026-08-26 04:16:45+00:00,2026-08-26,iPhone 17 Pro,v18.2.0-b2,GS-LEO-15,GS-OR-D,Emergency_SOS,7.47,80.6,4238.0,0.2534,Degraded,-1,1
SES-130339,2026-08-25 03:16:25+00:00,2026-08-25,iPhone 17 Pro,v18.2.0-b2,GS-LEO-15,GS-FL-C,FindMy_Ping,17.91,46.4,4186.0,0.0656,Degraded,-1,1
SES-158592,2026-08-23 12:33:05+00:00,2026-08-23,iPhone 17 Pro,v18.2.0-b2,GS-LEO-15,GS-CA-B,Emergency_SOS,10.62,39.2,4105.0,0.1848,Degraded,-1,1
SES-126562,2026-08-14 01:47:04+00:00,2026-08-14,iPhone 17 Pro,v18.2.0-b2,GS-LEO-15,GS-CA-B,Messages_Satellite,15.91,71.9,4096.0,0.0559,Degraded,-1,1
SES-128830,2026-08-04 21:07:04+00:00,2026-08-04,iPhone 17 Pro,v18.2.0-b2,GS-LEO-15,GS-FL-C,Messages_Satellite,5.65,35.3,4088.0,0.1721,Degraded,-1,1
SES-134215,2026-08-14 19:30:03+00:00,2026-08-14,iPhone 17 Pro,v18.2.0-b2,GS-LEO-15,GS-CA-B,Messages_Satellite,12.23,57.8,4086.0,0.1471,Degraded,-1,1
SES-183029,2026-08-31 07:42:45+00:00,2026-08-31,iPhone 17 Pro,v18.2.0-b2,GS-LEO-15,GS-CA-B,Messages_Satellite,6.37,69.3,4018.0,0.0561,Degraded,-1,1
SES-146808,2026-08-08 14:30:32+00:00,2026-08-08,iPhone 17 Pro,v18.1.0,GS-LEO-19,GS-CA-B,Roadside_Assistance,8.39,21.9,935.0,0.6034,Degraded,-1,1
SES-186485,2026-08-28 12:56:04+00:00,2026-08-28,iPhone 17 Pro,v18.2.0-b2,GS-LEO-15,GS-CA-B,Messages_Satellite,18.51,62.0,3868.0,0.1563,Degraded,-1,1
SES-181530,2026-08-29 07:22:16+00:00,2026-08-29,iPhone 17 Pro,v18.2.0-b2,GS-LEO-15,GS-CA-B,Emergency_SOS,19.2,70.0,3813.0,0.1098,Degraded,-1,1
SES-186746,2026-08-13 06:29:02+00:00,2026-08-13,iPhone 17 Pro,v18.2.0-b2,GS-LEO-15,GS-TX-A,Messages_Satellite,14.91,80.6,3741.0,0.1263,Degraded,-1,1
SES-148627,2026-08-18 06:51:34+00:00,2026-08-18,iPhone 17 Pro,v18.2.0-b2,GS-LEO-15,GS-FL-C,Messages_Satellite,19.04,40.3,3656.0,0.1498,Degraded,-1,1
SES-101824,2026-08-31 11:58:20+00:00,2026-08-31,iPhone 17 Pro,v18.2.0-b2,GS-LEO-15,GS-TX-A,Messages_Satellite,0.15,26.6,3572.0,0.0737,Degraded,-1,1
SES-117001,2026-08-13 18:09:20+00:00,2026-08-13,iPhone 17 Pro,v18.2.0-b2,GS-LEO-15,GS-CA-B,Messages_Satellite,17.27,60.5,3486.0,0.4729,Degraded,-1,1
SES-120144,2026-08-05 21:02:34+00:00,2026-08-05,iPhone 17 Pro,v18.2.0-b2,GS-LEO-15,GS-TX-A,Messages_Satellite,11.84,75.6,3430.0,0.2153,Degraded,-1,1
SES-196756,2026-08-31 12:20:16+00:00,2026-08-31,iPhone 17 Pro,v18.2.0-b2,GS-LEO-15,GS-FL-C,Emergency_SOS,2.78,68.3,3301.0,0.0915,Degraded,-1,1
SES-129813,2026-08-11 07:35:57+00:00,2026-08-11,iPhone 17 Pro,v18.2.0-b2,GS-LEO-15,GS-TX-A,Roadside_Assistance,19.38,17.8,3152.0,0.0948,Degraded,-1,1
SES-135483,2026-08-18 07:31:17+00:00,2026-08-18,iPhone 17 Pro,v18.2.1,GS-LEO-19,GS-CA-B,FindMy_Ping,10.13,25.6,945.0,0.7271,Degraded,-1,1
SES-127194,2026-08-14 06:28:51+00:00,2026-08-14,iPhone 17 Pro,v18.2.0-b2,GS-LEO-15,GS-OR-D,Roadside_Assistance,2.83,84.3,2990.0,0.0263,Degraded,-1,1
SES-198726,2026-08-11 05:34:26+00:00,2026-08-11,iPhone 17 Pro,v18.2.0-b2,GS-LEO-15,GS-CA-B,Messages_Satellite,9.57,78.0,2927.0,0.59,Degraded,-1,1
SES-136228,2026-08-23 00:54:05+00:00,2026-08-23,iPhone 17 Pro,v18.2.0-b2,GS-LEO-15,GS-OR-D,Roadside_Assistance,24.51,43.4,2588.0,0.0437,Degraded,-1,1
SES-125542,2026-08-04 15:23:40+00:00,2026-08-04,iPhone 17 Pro,v18.2.0-b2,GS-LEO-15,GS-CA-B,FindMy_Ping,13.98,77.2,2385.0,0.6141,Degraded,-1,1
SES-132719,2026-08-18 08:25:14+00:00,2026-08-18,iPhone 17 Pro,v18.2.0-b2,GS-LEO-15,GS-CA-B,Emergency_SOS,20.84,19.4,2305.0,0.3804,Degraded,-1,1
SES-112214,2026-08-05 22:01:40+00:00,2026-08-05,iPhone 17 Pro,v18.2.1,GS-LEO-05,GS-CA-B,Roadside_Assistance,18.04,77.1,684.0,0.5521,Degraded,-1,1
SES-136268,2026-08-09 11:18:46+00:00,2026-08-09,iPhone 17 Pro,v18.1.0,GS-LEO-19,GS-CA-B,FindMy_Ping,12.52,50.3,984.0,0.677,Degraded,-1,1
SES-160625,2026-08-05 15:25:39+00:00,2026-08-05,iPhone 17 Pro,v18.2.1,GS-LEO-15,GS-CA-B,Messages_Satellite,5.14,55.2,1038.0,0.7846,Degraded,-1,1
SES-110028,2026-08-03 12:42:32+00:00,2026-08-03,iPhone 17 Pro,v18.2.1,GS-LEO-15,GS-CA-B,FindMy_Ping,6.42,39.7,1032.0,0.7746,Degraded,-1,1
SES-183554,2026-08-02 15:40:01+00:00,2026-08-02,iPhone 17 Pro,v18.1.0,GS-LEO-15,GS-CA-B,FindMy_Ping,7.98,17.4,1028.0,0.6919,Degraded,-1,1
SES-129839,2026-08-18 23:37:50+00:00,2026-08-18,iPhone 17 Pro,v18.1.0,GS-LEO-07,GS-CA-B,Messages_Satellite,10.23,66.0,906.0,0.7324,Degraded,-1,1
SES-160074,2026-08-17 09:39:23+00:00,2026-08-17,iPhone 17 Pro,v18.2.1,GS-LEO-15,GS-CA-B,FindMy_Ping,6.52,50.1,1016.0,0.6652,Degraded,-1,1
SES-102538,2026-08-07 22:54:37+00:00,2026-08-07,iPhone 17 Pro,v18.1.0,GS-LEO-03,GS-CA-B,FindMy_Ping,13.91,55.1,830.0,0.7406,Degraded,-1,1
SES-152803,2026-08-02 00:55:47+00:00,2026-08-02,iPhone 17 Pro,v18.2.1,GS-LEO-19,GS-CA-B,Roadside_Assistance,5.07,20.5,1027.0,0.6358,Degraded,-1,1
SES-121990,2026-08-07 08:51:34+00:00,2026-08-07,iPhone 17 Pro,v18.2.1,GS-LEO-08,GS-CA-B,Messages_Satellite,7.92,69.3,1047.0,0.616,Degraded,-1,1
SES-169040,2026-08-28 11:06:03+00:00,2026-08-28,iPhone 17 Pro,v18.2.1,GS-LEO-19,GS-CA-B,Messages_Satellite,11.12,32.5,1037.0,0.635,Degraded,-1,1
SES-103168,2026-08-15 04:56:38+00:00,2026-08-15,iPhone 17 Pro,v18.2.0-b2,GS-LEO-15,GS-CA-B,Messages_Satellite,6.61,29.1,983.0,0.787,Degraded,-1,1
SES-121305,2026-08-04 12:38:27+00:00,2026-08-04,iPhone 17 Pro,v18.2.1,GS-LEO-15,GS-CA-B,Messages_Satellite,9.04,71.1,968.0,0.6264,Degraded,-1,1
SES-186906,2026-08-29 17:20:10+00:00,2026-08-29,iPhone 17 Pro,v18.1.0,GS-LEO-07,GS-CA-B,Messages_Satellite,14.24,74.4,890.0,0.7846,Degraded,-1,1
SES-168502,2026-08-27 22:23:59+00:00,2026-08-27,iPhone 17 Pro,v18.2.0-b2,GS-LEO-08,GS-CA-B,Messages_Satellite,5.84,16.9,1068.0,0.5985,Degraded,-1,1
SES-139896,2026-08-02 23:15:09+00:00,2026-08-02,iPhone 17 Pro,v18.2.1,GS-LEO-15,GS-CA-B,Messages_Satellite,10.64,53.7,956.0,0.752,Degraded,-1,1
SES-152808,2026-08-27 12:46:38+00:00,2026-08-27,iPhone 17 Pro,v18.2.1,GS-LEO-19,GS-CA-B,Roadside_Assistance,2.73,62.3,1123.0,0.3651,Degraded,-1,1
SES-114264,2026-08-31 15:36:56+00:00,2026-08-31,iPhone 17 Pro,v18.2.1,GS-LEO-05,GS-CA-B,Roadside_Assistance,22.4,51.1,603.0,0.7239,Degraded,-1,1
SES-162830,2026-08-10 22:06:38+00:00,2026-08-10,iPhone 17 Pro,v18.1.0,GS-LEO-15,GS-CA-B,Messages_Satellite,7.73,59.4,945.0,0.6431,Degraded,-1,1
SES-104266,2026-08-29 15:02:31+00:00,2026-08-29,iPhone 17 Pro,v18.2.0-b2,GS-LEO-19,GS-CA-B,Messages_Satellite,8.22,40.1,2886.0,0.6861,Degraded,-1,1
SES-145005,2026-08-14 14:49:36+00:00,2026-08-14,iPhone 17 Pro,v18.1.0,GS-LEO-08,GS-CA-B,Messages_Satellite,2.51,68.5,1087.0,0.4124,Degraded,-1,1
SES-166472,2026-08-17 15:34:11+00:00,2026-08-17,iPhone 17 Pro,v18.1.0,GS-LEO-08,GS-CA-B,Messages_Satellite,6.73,54.5,1089.0,0.8864,Degraded,-1,1
SES-134512,2026-08-15 06:25:59+00:00,2026-08-15,iPhone 17 Pro,v18.2.0-b2,GS-LEO-19,GS-TX-A,Messages_Satellite,21.64,84.7,3388.0,0.0056,Degraded,-1,1
SES-191221,2026-08-22 22:05:49+00:00,2026-08-22,iPhone 17 Pro,v18.2.0-b2,GS-LEO-19,GS-CA-B,Messages_Satellite,8.53,31.0,3463.0,0.6246,Degraded,-1,1
SES-162291,2026-08-04 01:35:59+00:00,2026-08-04,iPhone 17 Pro,v18.2.0-b2,GS-LEO-19,GS-TX-A,Messages_Satellite,20.43,47.5,3623.0,0.1114,Degraded,-1,1
SES-136436,2026-08-26 08:28:09+00:00,2026-08-26,iPhone 17 Pro,v18.2.0-b2,GS-LEO-19,GS-TX-A,FindMy_Ping,19.12,49.8,3660.0,0.0056,Degraded,-1,1
SES-131169,2026-08-19 04:25:58+00:00,2026-08-19,iPhone 17 Pro,v18.2.1,GS-LEO-02,GS-CA-B,FindMy_Ping,16.0,31.2,815.0,0.6868,Degraded,-1,1
SES-198958,2026-08-21 20:43:47+00:00,2026-08-21,iPhone 17 Pro,v18.2.0-b2,GS-LEO-19,GS-OR-D,Roadside_Assistance,16.93,56.8,3891.0,0.1477,Degraded,-1,1
SES-159284,2026-08-02 04:27:01+00:00,2026-08-02,iPhone 17 Pro,v18.2.0-b2,GS-LEO-04,GS-CA-B,Roadside_Assistance,4.33,66.2,4491.0,0.0354,Degraded,-1,1
SES-168105,2026-08-07 08:14:02+00:00,2026-08-07,iPhone 17 Pro,v18.2.0-b2,GS-LEO-19,GS-TX-A,Roadside_Assistance,13.49,61.3,3938.0,0.1425,Degraded,-1,1
SES-193217,2026-08-31 22:27:58+00:00,2026-08-31,iPhone 17 Pro,v18.2.0-b2,GS-LEO-19,GS-OR-D,Messages_Satellite,11.84,49.0,4003.0,0.1843,Degraded,-1,1
SES-131045,2026-08-30 03:19:18+00:00,2026-08-30,iPhone 17 Pro,v18.2.0-b2,GS-LEO-19,GS-CA-B,Messages_Satellite,14.87,75.9,4008.0,0.029,Degraded,-1,1
SES-100070,2026-08-18 05:55:13+00:00,2026-08-18,iPhone 17 Pro,v18.2.0-b2,GS-LEO-19,GS-FL-C,Messages_Satellite,11.74,59.9,4129.0,0.2405,Degraded,-1,1
SES-180605,2026-08-02 23:49:18+00:00,2026-08-02,iPhone 17 Pro,v18.2.0-b2,GS-LEO-19,GS-CA-B,Roadside_Assistance,18.71,60.6,4164.0,0.6424,Degraded,-1,1
SES-125997,2026-08-09 18:02:29+00:00,2026-08-09,iPhone 17 Pro,v18.2.0-b2,GS-LEO-19,GS-CA-B,Roadside_Assistance,16.98,52.4,4192.0,0.0799,Degraded,-1,1
SES-119869,2026-08-24 18:21:10+00:00,2026-08-24,iPhone 17 Pro,v18.2.0-b2,GS-LEO-19,GS-FL-C,Messages_Satellite,9.8,64.2,4196.0,0.1384,Degraded,-1,1
SES-177291,2026-08-14 05:40:34+00:00,2026-08-14,iPhone 17 Pro,v18.2.0-b2,GS-LEO-19,GS-CA-B,Messages_Satellite,10.74,81.9,4303.0,0.0779,Degraded,-1,1
SES-137197,2026-08-19 23:03:26+00:00,2026-08-19,iPhone 17 Pro,v18.2.0-b2,GS-LEO-19,GS-TX-A,Messages_Satellite,9.28,79.5,4312.0,0.0476,Degraded,-1,1
SES-141612,2026-08-15 09:37:15+00:00,2026-08-15,iPhone 17 Pro,v18.2.1,GS-LEO-08,GS-CA-B,Messages_Satellite,6.23,55.1,1120.0,0.6781,Degraded,-1,1
SES-109562,2026-08-24 11:04:54+00:00,2026-08-24,iPhone 17 Pro,v18.2.0-b2,GS-LEO-04,GS-FL-C,Messages_Satellite,9.03,23.5,4423.0,0.0026,Degraded,-1,1
SES-164538,2026-08-07 05:35:26+00:00,2026-08-07,iPhone 17 Pro,v18.2.0-b2,GS-LEO-19,GS-CA-B,Messages_Satellite,9.34,17.6,4460.0,0.0839,Degraded,-1,1
SES-142294,2026-08-12 17:44:03+00:00,2026-08-12,iPhone 17 Pro,v18.2.0-b2,GS-LEO-04,GS-TX-A,Emergency_SOS,8.23,44.3,4306.0,0.0092,Degraded,-1,1
SES-110525,2026-08-26 17:35:48+00:00,2026-08-26,iPhone 17 Pro,v18.2.0-b2,GS-LEO-15,GS-CA-B,Messages_Satellite,13.89,20.4,922.0,0.7355,Degraded,-1,1
SES-156241,2026-08-31 13:02:10+00:00,2026-08-31,iPhone 17 Pro,v18.2.0-b2,GS-LEO-04,GS-TX-A,Roadside_Assistance,4.18,70.5,4262.0,0.0444,Degraded,-1,1
SES-139936,2026-08-16 03:38:09+00:00,2026-08-16,iPhone 17 Pro,v18.1.0,GS-LEO-20,GS-CA-B,Messages_Satellite,19.07,84.7,690.0,0.8058,Degraded,-1,1
SES-153371,2026-08-12 03:18:46+00:00,2026-08-12,iPhone 17 Pro,v18.2.1,GS-LEO-08,GS-TX-A,Messages_Satellite,1.02,84.2,1227.0,0.0048,Optimal,-1,1
SES-127941,2026-08-06 18:41:59+00:00,2026-08-06,iPhone 17 Pro,v18.2.1,GS-LEO-15,GS-CA-B,Roadside_Assistance,11.52,21.9,913.0,0.7357,Degraded,-1,1
SES-135128,2026-08-11 12:04:56+00:00,2026-08-11,iPhone 17 Pro,v18.2.0-b2,GS-LEO-08,GS-CA-B,Emergency_SOS,16.37,80.5,2725.0,0.699,Degraded,-1,1
SES-197358,2026-08-16 17:00:15+00:00,2026-08-16,iPhone 17 Pro,v18.2.0-b2,GS-LEO-04,GS-TX-A,Messages_Satellite,17.77,71.2,4137.0,0.1045,Degraded,-1,1
SES-107697,2026-08-27 18:05:34+00:00,2026-08-27,iPhone 17 Pro,v18.2.1,GS-LEO-15,GS-CA-B,FindMy_Ping,11.12,40.2,902.0,0.801,Degraded,-1,1
SES-196853,2026-08-24 06:43:27+00:00,2026-08-24,iPhone 17 Pro,v18.2.1,GS-LEO-20,GS-CA-B,Roadside_Assistance,19.6,55.7,748.0,0.6134,Degraded,-1,1
SES-174116,2026-08-16 19:32:30+00:00,2026-08-16,iPhone 17 Pro,v18.2.0-b2,GS-LEO-08,GS-CA-B,Messages_Satellite,11.34,57.3,2873.0,0.4615,Degraded,-1,1
SES-135453,2026-08-28 08:33:39+00:00,2026-08-28,iPhone 17 Pro,v18.2.0-b2,GS-LEO-08,GS-CA-B,Messages_Satellite,20.51,76.8,3088.0,0.0224,Degraded,-1,1
SES-156002,2026-08-08 14:03:40+00:00,2026-08-08,iPhone 17 Pro,v18.2.0-b2,GS-LEO-08,GS-FL-C,Messages_Satellite,20.83,59.7,3258.0,0.0142,Degraded,-1,1
SES-130828,2026-08-02 20:49:49+00:00,2026-08-02,iPhone 17 Pro,v18.2.0-b2,GS-LEO-08,GS-OR-D,Messages_Satellite,21.06,38.0,3296.0,0.0908,Degraded,-1,1
SES-117671,2026-08-29 19:53:08+00:00,2026-08-29,iPhone 17 Pro,v18.2.0-b2,GS-LEO-04,GS-CA-B,Messages_Satellite,16.78,71.3,4028.0,0.0614,Degraded,-1,1
SES-141725,2026-08-16 10:53:58+00:00,2026-08-16,iPhone 17 Pro,v18.2.0-b2,GS-LEO-15,GS-CA-B,Messages_Satellite,13.41,47.6,879.0,0.699,Degraded,-1,1
SES-170054,2026-08-17 20:25:36+00:00,2026-08-17,iPhone 17 Pro,v18.2.0-b2,GS-LEO-08,GS-CA-B,Roadside_Assistance,16.09,28.9,3395.0,0.6977,Degraded,-1,1
SES-123489,2026-08-24 03:35:40+00:00,2026-08-24,iPhone 17 Pro,v18.2.0-b2,GS-LEO-08,GS-FL-C,Emergency_SOS,4.02,84.3,3410.0,0.0156,Degraded,-1,1
SES-180291,2026-08-11 09:35:24+00:00,2026-08-11,iPhone 17 Pro,v18.2.0-b2,GS-LEO-08,GS-CA-B,Roadside_Assistance,8.9,33.0,3423.0,0.4038,Degraded,-1,1
SES-127587,2026-08-14 23:54:47+00:00,2026-08-14,iPhone 17 Pro,v18.2.0-b2,GS-LEO-08,GS-CA-B,Messages_Satellite,16.48,42.6,3429.0,0.2778,Degraded,-1,1
SES-151118,2026-08-20 00:22:24+00:00,2026-08-20,iPhone 17 Pro,v18.2.0-b2,GS-LEO-08,GS-OR-D,Messages_Satellite,7.16,20.3,3594.0,0.1982,Degraded,-1,1
SES-187937,2026-08-06 22:18:27+00:00,2026-08-06,iPhone 17 Pro,v18.2.0-b2,GS-LEO-04,GS-FL-C,Messages_Satellite,17.27,28.5,3930.0,0.0999,Degraded,-1,1
SES-106095,2026-08-11 00:53:22+00:00,2026-08-11,iPhone 17 Pro,v18.2.0-b2,GS-LEO-08,GS-OR-D,FindMy_Ping,2.75,67.1,3708.0,0.0393,Degraded,-1,1
SES-101495,2026-08-19 10:58:25+00:00,2026-08-19,iPhone 17 Pro,v18.2.0-b2,GS-LEO-04,GS-CA-B,Messages_Satellite,17.09,80.4,3895.0,0.6394,Degraded,-1,1
SES-156808,2026-08-13 19:23:41+00:00,2026-08-13,iPhone 17 Pro,v18.2.0-b2,GS-LEO-08,GS-TX-A,Roadside_Assistance,4.98,22.0,3794.0,0.0768,Degraded,-1,1
SES-162234,2026-08-24 19:25:08+00:00,2026-08-24,iPhone 17 Pro,v18.2.1,GS-LEO-07,GS-CA-B,Messages_Satellite,12.86,81.7,857.0,0.7084,Degraded,-1,1
SES-116154,2026-08-05 02:47:37+00:00,2026-08-05,iPhone 17 Pro,v18.2.0-b2,GS-LEO-08,GS-OR-D,Emergency_SOS,20.6,15.6,3876.0,0.084,Degraded,-1,1
SES-146655,2026-08-17 08:30:38+00:00,2026-08-17,iPhone 17 Pro,v18.2.0-b2,GS-LEO-08,GS-FL-C,Messages_Satellite,11.27,80.0,3915.0,0.0433,Degraded,-1,1
SES-132954,2026-08-06 02:10:15+00:00,2026-08-06,iPhone 17 Pro,v18.2.0-b2,GS-LEO-04,GS-CA-B,Roadside_Assistance,16.14,49.7,3863.0,0.6493,Degraded,-1,1
SES-123621,2026-08-26 21:14:38+00:00,2026-08-26,iPhone 17 Pro,v18.2.0-b2,GS-LEO-08,GS-CA-B,Messages_Satellite,3.76,63.2,3993.0,0.0935,Degraded,-1,1
SES-156858,2026-08-18 08:16:16+00:00,2026-08-18,iPhone 17 Pro,v18.2.0-b2,GS-LEO-08,GS-OR-D,Messages_Satellite,16.57,80.3,4048.0,0.0462,Degraded,-1,1
SES-182581,2026-08-25 05:34:42+00:00,2026-08-25,iPhone 17 Pro,v18.2.0-b2,GS-LEO-08,GS-FL-C,Messages_Satellite,19.17,59.5,4055.0,0.0264,Degraded,-1,1
SES-146192,2026-08-31 18:04:06+00:00,2026-08-31,iPhone 17 Pro,v18.2.0-b2,GS-LEO-08,GS-FL-C,FindMy_Ping,6.69,42.3,4086.0,0.155,Degraded,-1,1
SES-141784,2026-08-03 12:16:51+00:00,2026-08-03,iPhone 17 Pro,v18.2.0-b2,GS-LEO-08,GS-FL-C,Emergency_SOS,13.81,74.9,4090.0,0.133,Degraded,-1,1
SES-179456,2026-08-02 07:05:23+00:00,2026-08-02,iPhone 17 Pro,v18.2.0-b2,GS-LEO-08,GS-FL-C,FindMy_Ping,15.72,71.2,4113.0,0.0286,Degraded,-1,1
SES-174738,2026-08-14 14:44:57+00:00,2026-08-14,iPhone 17 Pro,v18.1.0,GS-LEO-02,GS-CA-B,Messages_Satellite,16.15,76.1,790.0,0.6407,Degraded,-1,1
SES-107521,2026-08-22 15:35:45+00:00,2026-08-22,iPhone 17 Pro,v18.2.0-b2,GS-LEO-04,GS-FL-C,FindMy_Ping,19.94,70.8,3802.0,0.0763,Degraded,-1,1
SES-115321,2026-08-20 08:30:38+00:00,2026-08-20,iPhone 17 Pro,v18.2.0-b2,GS-LEO-08,GS-CA-B,Messages_Satellite,14.37,50.8,4133.0,0.1486,Degraded,-1,1
SES-110625,2026-08-30 07:15:12+00:00,2026-08-30,iPhone 17 Pro,v18.2.1,GS-LEO-20,GS-CA-B,Messages_Satellite,15.89,26.2,824.0,0.8033,Degraded,-1,1
SES-109517,2026-08-08 00:16:32+00:00,2026-08-08,iPhone 17 Pro,v18.2.0-b2,GS-LEO-08,GS-CA-B,Messages_Satellite,10.14,78.6,4182.0,0.0565,Degraded,-1,1
SES-144089,2026-08-01 06:52:47+00:00,2026-08-01,iPhone 17 Pro,v18.2.0-b2,GS-LEO-08,GS-CA-B,FindMy_Ping,11.78,76.6,4232.0,0.0291,Degraded,-1,1
SES-123947,2026-08-11 23:48:20+00:00,2026-08-11,iPhone 17 Pro,v18.2.0-b2,GS-LEO-08,GS-CA-B,Roadside_Assistance,11.54,62.6,4233.0,0.0811,Degraded,-1,1
SES-140602,2026-08-28 16:53:27+00:00,2026-08-28,iPhone 17 Pro,v18.2.0-b2,GS-LEO-08,GS-FL-C,Roadside_Assistance,17.13,24.1,4246.0,0.0882,Degraded,-1,1
SES-106093,2026-08-27 07:44:53+00:00,2026-08-27,iPhone 17 Pro,v18.2.0-b2,GS-LEO-04,GS-CA-B,FindMy_Ping,18.68,37.3,3780.0,0.1597,Degraded,-1,1
SES-127113,2026-08-04 13:50:04+00:00,2026-08-04,iPhone 17 Pro,v18.2.0-b2,GS-LEO-08,GS-OR-D,Roadside_Assistance,16.94,53.5,4266.0,0.047,Degraded,-1,1
SES-129350,2026-08-11 07:41:14+00:00,2026-08-11,iPhone 17 Pro,v18.2.0-b2,GS-LEO-08,GS-TX-A,Roadside_Assistance,11.1,82.5,4289.0,0.0642,Degraded,-1,1
SES-167312,2026-08-04 06:31:41+00:00,2026-08-04,iPhone 17 Pro,v18.2.0-b2,GS-LEO-08,GS-FL-C,FindMy_Ping,9.65,69.1,4417.0,0.0838,Degraded,-1,1
SES-133321,2026-08-27 08:44:01+00:00,2026-08-27,iPhone 17 Pro,v18.2.0-b2,GS-LEO-08,GS-FL-C,Messages_Satellite,10.81,18.6,4430.0,0.0779,Degraded,-1,1
SES-182316,2026-08-12 07:08:09+00:00,2026-08-12,iPhone 17 Pro,v18.2.0-b2,GS-LEO-08,GS-TX-A,Messages_Satellite,3.6,43.4,4524.0,0.0396,Degraded,-1,1
SES-129377,2026-08-25 05:21:45+00:00,2026-08-25,iPhone 17 Pro,v18.2.1,GS-LEO-15,GS-CA-B,Roadside_Assistance,14.15,47.5,843.0,0.8793,Degraded,-1,1
SES-199470,2026-08-07 16:42:01+00:00,2026-08-07,iPhone 17 Pro,v18.1.0,GS-LEO-09,GS-CA-B,FindMy_Ping,23.33,80.4,597.0,0.6355,Degraded,-1,1
SES-144609,2026-08-12 20:16:02+00:00,2026-08-12,iPhone 17 Pro,v18.2.1,GS-LEO-02,GS-CA-B,Messages_Satellite,16.13,17.7,785.0,0.6281,Degraded,-1,1
SES-178652,2026-08-16 14:34:40+00:00,2026-08-16,iPhone 17 Pro,v18.1.0,GS-LEO-20,GS-CA-B,Messages_Satellite,11.28,44.8,839.0,0.7331,Degraded,-1,1
SES-126525,2026-08-09 22:12:05+00:00,2026-08-09,iPhone 17 Pro,v18.2.0-b2,GS-LEO-15,GS-CA-B,Roadside_Assistance,12.69,16.4,839.0,0.5864,Degraded,-1,1
SES-133291,2026-08-27 11:14:47+00:00,2026-08-27,iPhone 17 Pro,v18.1.0,GS-LEO-09,GS-CA-B,Messages_Satellite,22.15,27.2,616.0,0.4717,Degraded,-1,1
SES-187691,2026-08-16 09:06:23+00:00,2026-08-16,iPhone 17 Pro,v18.2.1,GS-LEO-02,GS-CA-B,Emergency_SOS,13.43,25.5,783.0,0.6294,Degraded,-1,1
SES-167200,2026-08-18 21:11:08+00:00,2026-08-18,iPhone 17 Pro,v18.2.1,GS-LEO-15,GS-CA-B,Messages_Satellite,13.88,65.5,835.0,0.7607,Degraded,-1,1
SES-199605,2026-08-30 19:57:52+00:00,2026-08-30,iPhone 17 Pro,v18.2.0-b2,GS-LEO-04,GS-TX-A,Emergency_SOS,21.05,47.1,3674.0,0.0985,Degraded,-1,1
SES-134914,2026-08-07 10:09:51+00:00,2026-08-07,iPhone 17 Pro,v18.1.0,GS-LEO-09,GS-CA-B,Messages_Satellite,22.15,71.2,656.0,0.4013,Degraded,-1,1
SES-146483,2026-08-16 16:44:42+00:00,2026-08-16,iPhone 17 Pro,v18.2.0-b2,GS-LEO-04,GS-CA-B,Messages_Satellite,15.88,49.6,3635.0,0.5445,Degraded,-1,1
SES-144885,2026-08-03 08:32:32+00:00,2026-08-03,iPhone 17 Pro,v18.1.0,GS-LEO-15,GS-CA-B,Roadside_Assistance,15.14,26.4,822.0,0.7462,Degraded,-1,1
SES-169471,2026-08-09 11:50:31+00:00,2026-08-09,iPhone 17 Pro,v18.2.1,GS-LEO-20,GS-CA-B,Messages_Satellite,10.92,50.7,865.0,0.7157,Degraded,-1,1
SES-122487,2026-08-30 23:56:36+00:00,2026-08-30,iPhone 17 Pro,v18.2.0-b2,GS-LEO-04,GS-FL-C,Messages_Satellite,21.42,39.1,3563.0,0.0883,Degraded,-1,1
SES-159467,2026-08-11 22:30:04+00:00,2026-08-11,iPhone 17 Pro,v18.1.0,GS-LEO-15,GS-CA-B,Messages_Satellite,13.32,34.5,811.0,0.6533,Degraded,-1,1
SES-146769,2026-08-17 07:27:51+00:00,2026-08-17,iPhone 17 Pro,v18.2.1,GS-LEO-20,GS-CA-B,Messages_Satellite,12.42,54.0,877.0,0.8025,Degraded,-1,1
SES-184294,2026-08-25 11:36:10+00:00,2026-08-25,iPhone 17 Pro,v18.2.0-b2,GS-LEO-02,GS-CA-B,FindMy_Ping,18.13,40.4,770.0,0.6729,Degraded,-1,1
SES-166096,2026-08-08 06:53:35+00:00,2026-08-08,iPhone 17 Pro,v18.2.0-b2,GS-LEO-04,GS-TX-A,Messages_Satellite,15.03,84.7,3428.0,0.0362,Degraded,-1,1
SES-138661,2026-08-26 12:05:21+00:00,2026-08-26,iPhone 17 Pro,v18.2.1,GS-LEO-09,GS-CA-B,Emergency_SOS,16.81,81.2,706.0,0.6147,Degraded,-1,1
SES-193098,2026-08-20 03:06:03+00:00,2026-08-20,iPhone 17 Pro,v18.2.1,GS-LEO-15,GS-CA-B,Messages_Satellite,17.98,31.5,778.0,0.632,Degraded,-1,1
SES-196253,2026-08-24 13:14:35+00:00,2026-08-24,iPhone 17 Pro,v18.1.0,GS-LEO-15,GS-CA-B,Roadside_Assistance,14.74,16.0,762.0,0.7456,Degraded,-1,1
SES-116656,2026-08-24 20:51:04+00:00,2026-08-24,iPhone 17 Pro,v18.2.0-b2,GS-LEO-15,GS-CA-B,FindMy_Ping,16.86,81.8,757.0,0.7203,Degraded,-1,1
SES-107321,2026-08-28 16:32:30+00:00,2026-08-28,iPhone 17 Pro,v18.2.0-b2,GS-LEO-02,GS-CA-B,Messages_Satellite,11.97,17.0,753.0,0.8078,Degraded,-1,1
SES-131539,2026-08-27 04:09:26+00:00,2026-08-27,iPhone 17 Pro,v18.2.1,GS-LEO-15,GS-CA-B,Messages_Satellite,17.14,29.6,698.0,0.6202,Degraded,-1,1
SES-107145,2026-08-07 03:50:25+00:00,2026-08-07,iPhone 17 Pro,v18.2.0-b2,GS-LEO-20,GS-CA-B,Messages_Satellite,12.26,63.2,937.0,0.7693,Degraded,-1,1
SES-125934,2026-08-09 01:19:17+00:00,2026-08-09,iPhone 17 Pro,v18.1.0,GS-LEO-15,GS-CA-B,Messages_Satellite,22.4,82.7,600.0,0.6902,Degraded,-1,1
SES-161727,2026-08-08 10:44:07+00:00,2026-08-08,iPhone 17 Pro,v18.2.0-b2,GS-LEO-14,GS-FL-C,Messages_Satellite,12.67,29.6,4451.0,0.1396,Degraded,-1,1
SES-121575,2026-08-07 16:39:53+00:00,2026-08-07,iPhone 17 Pro,v18.2.0-b2,GS-LEO-14,GS-OR-D,Messages_Satellite,2.78,43.0,4440.0,0.1234,Degraded,-1,1
SES-192038,2026-08-17 07:51:46+00:00,2026-08-17,iPhone 17 Pro,v18.2.0-b2,GS-LEO-14,GS-OR-D,Emergency_SOS,9.67,64.7,4435.0,0.0542,Degraded,-1,1
SES-189153,2026-08-16 17:24:44+00:00,2026-08-16,iPhone 17 Pro,v18.2.0-b2,GS-LEO-14,GS-TX-A,Emergency_SOS,8.63,78.7,4427.0,0.1191,Degraded,-1,1
SES-114837,2026-08-21 22:05:21+00:00,2026-08-21,iPhone 17 Pro,v18.2.0-b2,GS-LEO-14,GS-OR-D,Messages_Satellite,10.85,15.9,4275.0,0.0641,Degraded,-1,1
SES-144208,2026-08-06 15:48:37+00:00,2026-08-06,iPhone 17 Pro,v18.2.0-b2,GS-LEO-14,GS-TX-A,FindMy_Ping,12.37,82.0,4206.0,0.1284,Degraded,-1,1
SES-102642,2026-08-21 06:30:49+00:00,2026-08-21,iPhone 17 Pro,v18.2.0-b2,GS-LEO-14,GS-TX-A,Messages_Satellite,7.76,76.1,4090.0,0.0635,Degraded,-1,1
SES-115251,2026-08-31 10:23:22+00:00,2026-08-31,iPhone 17 Pro,v18.2.0-b2,GS-LEO-14,GS-FL-C,Messages_Satellite,19.55,31.3,4022.0,0.0242,Degraded,-1,1
SES-118663,2026-08-26 08:25:58+00:00,2026-08-26,iPhone 17 Pro,v18.2.0-b2,GS-LEO-14,GS-TX-A,Messages_Satellite,6.51,57.0,4010.0,0.2346,Degraded,-1,1
SES-130620,2026-08-12 20:06:42+00:00,2026-08-12,iPhone 17 Pro,v18.2.0-b2,GS-LEO-14,GS-TX-A,FindMy_Ping,14.7,75.1,3987.0,0.0158,Degraded,-1,1
SES-151148,2026-08-19 12:53:48+00:00,2026-08-19,iPhone 17 Pro,v18.2.0-b2,GS-LEO-14,GS-CA-B,Emergency_SOS,14.69,15.3,3981.0,0.1617,Degraded,-1,1
SES-198281,2026-08-18 18:06:48+00:00,2026-08-18,iPhone 17 Pro,v18.2.0-b2,GS-LEO-14,GS-TX-A,Roadside_Assistance,9.45,83.5,3980.0,0.0558,Degraded,-1,1
SES-130416,2026-08-16 10:29:11+00:00,2026-08-16,iPhone 17 Pro,v18.2.0-b2,GS-LEO-14,GS-TX-A,Roadside_Assistance,15.49,75.3,3980.0,0.0266,Degraded,-1,1
SES-119599,2026-08-31 23:40:29+00:00,2026-08-31,iPhone 17 Pro,v18.2.0-b2,GS-LEO-14,GS-FL-C,FindMy_Ping,7.01,78.5,3978.0,0.0622,Degraded,-1,1
SES-110958,2026-08-17 01:53:22+00:00,2026-08-17,iPhone 17 Pro,v18.2.0-b2,GS-LEO-14,GS-OR-D,FindMy_Ping,19.03,62.1,3884.0,0.0314,Degraded,-1,1
SES-189300,2026-08-03 07:30:08+00:00,2026-08-03,iPhone 17 Pro,v18.2.0-b2,GS-LEO-14,GS-TX-A,Messages_Satellite,17.47,83.1,3857.0,0.0186,Degraded,-1,1
SES-110160,2026-08-15 16:06:40+00:00,2026-08-15,iPhone 17 Pro,v18.2.0-b2,GS-LEO-14,GS-OR-D,Messages_Satellite,19.61,40.1,3769.0,0.0071,Degraded,-1,1
SES-176900,2026-08-16 15:58:03+00:00,2026-08-16,iPhone 17 Pro,v18.2.0-b2,GS-LEO-14,GS-CA-B,Messages_Satellite,1.3,44.8,3625.0,0.1423,Degraded,-1,1
SES-141542,2026-08-19 22:59:12+00:00,2026-08-19,iPhone 17 Pro,v18.2.0-b2,GS-LEO-14,GS-CA-B,FindMy_Ping,16.06,62.2,3567.0,0.1745,Degraded,-1,1
SES-174924,2026-08-22 14:48:37+00:00,2026-08-22,iPhone 17 Pro,v18.2.0-b2,GS-LEO-14,GS-CA-B,FindMy_Ping,1.45,36.6,3397.0,0.1063,Degraded,-1,1
SES-121324,2026-08-07 10:36:28+00:00,2026-08-07,iPhone 17 Pro,v18.2.1,GS-LEO-07,GS-CA-B,Messages_Satellite,15.72,62.7,801.0,0.8111,Degraded,-1,1
SES-170304,2026-08-23 04:00:31+00:00,2026-08-23,iPhone 17 Pro,v18.2.1,GS-LEO-20,GS-CA-B,Messages_Satellite,10.54,59.1,957.0,0.6697,Degraded,-1,1
SES-193064,2026-08-18 04:46:04+00:00,2026-08-18,iPhone 17 Pro,v18.2.0-b2,GS-LEO-04,GS-TX-A,FindMy_Ping,18.71,17.5,2980.0,0.1411,Degraded,-1,1
SES-135716,2026-08-23 19:53:48+00:00,2026-08-23,iPhone 17 Pro,v18.2.0-b2,GS-LEO-14,GS-FL-C,Messages_Satellite,17.83,26.7,3171.0,0.1762,Degraded,-1,1
SES-171324,2026-08-09 20:27:45+00:00,2026-08-09,iPhone 17 Pro,v18.2.0-b2,GS-LEO-03,GS-CA-B,Messages_Satellite,10.63,43.6,898.0,0.7155,Degraded,-1,1
SES-158825,2026-08-27 02:55:35+00:00,2026-08-27,iPhone 17 Pro,v18.2.0-b2,GS-LEO-04,GS-CA-B,Messages_Satellite,13.75,75.6,2937.0,0.4363,Degraded,-1,1
SES-154124,2026-08-12 13:17:35+00:00,2026-08-12,iPhone 17 Pro,v18.2.1,GS-LEO-14,GS-CA-B,FindMy_Ping,6.51,46.6,1187.0,0.5339,Degraded,-1,1
SES-182442,2026-08-14 06:31:41+00:00,2026-08-14,iPhone 17 Pro,v18.2.1,GS-LEO-02,GS-CA-B,Messages_Satellite,19.95,75.3,725.0,0.5542,Degraded,-1,1
SES-167493,2026-08-20 19:23:51+00:00,2026-08-20,iPhone 17 Pro,v18.1.0,GS-LEO-09,GS-CA-B,Messages_Satellite,15.18,24.7,773.0,0.6435,Degraded,-1,1
SES-188757,2026-08-21 03:01:21+00:00,2026-08-21,iPhone 17 Pro,v18.1.0,GS-LEO-02,GS-CA-B,Messages_Satellite,16.86,78.2,722.0,0.6481,Degraded,-1,1
SES-109468,2026-08-18 14:42:45+00:00,2026-08-18,iPhone 17 Pro,v18.2.1,GS-LEO-14,GS-CA-B,Messages_Satellite,5.08,25.8,1069.0,0.5977,Degraded,-1,1
SES-102672,2026-08-21 00:28:18+00:00,2026-08-21,iPhone 17 Pro,v18.2.1,GS-LEO-07,GS-CA-B,Roadside_Assistance,16.55,35.1,787.0,0.692,Degraded,-1,1
SES-125537,2026-08-09 12:24:13+00:00,2026-08-09,iPhone 17 Pro,v18.1.0,GS-LEO-20,GS-CA-B,FindMy_Ping,8.17,30.5,1005.0,0.6091,Degraded,-1,1
SES-180953,2026-08-21 19:25:43+00:00,2026-08-21,iPhone 17 Pro,v18.1.0,GS-LEO-20,GS-CA-B,Emergency_SOS,6.46,24.3,1015.0,0.6623,Degraded,-1,1
SES-181810,2026-08-09 11:08:27+00:00,2026-08-09,iPhone 17 Pro,v18.2.0-b2,GS-LEO-14,GS-CA-B,Messages_Satellite,6.2,79.2,1030.0,0.7408,Degraded,-1,1
SES-100065,2026-08-23 00:15:40+00:00,2026-08-23,iPhone 17 Pro,v18.1.0,GS-LEO-14,GS-CA-B,FindMy_Ping,2.68,51.5,1024.0,0.621,Degraded,-1,1
SES-117247,2026-08-14 00:43:31+00:00,2026-08-14,iPhone 17 Pro,v18.1.0,GS-LEO-07,GS-CA-B,Messages_Satellite,18.61,65.6,776.0,0.6674,Degraded,-1,1
SES-146487,2026-08-13 07:11:00+00:00,2026-08-13,iPhone 17 Pro,v18.2.1,GS-LEO-02,GS-CA-B,Messages_Satellite,17.0,22.9,699.0,0.7326,Degraded,-1,1
SES-109559,2026-08-16 14:57:04+00:00,2026-08-16,iPhone 17 Pro,v18.1.0,GS-LEO-20,GS-CA-B,FindMy_Ping,5.77,50.8,1042.0,0.6313,Degraded,-1,1
SES-188036,2026-08-20 11:30:51+00:00,2026-08-20,iPhone 17 Pro,v18.2.1,GS-LEO-20,GS-CA-B,Emergency_SOS,5.57,55.5,1042.0,0.5619,Degraded,-1,1
SES-183380,2026-08-14 16:29:51+00:00,2026-08-14,iPhone 17 Pro,v18.2.1,GS-LEO-14,GS-CA-B,Emergency_SOS,10.02,23.2,1005.0,0.6163,Degraded,-1,1
SES-150055,2026-08-06 06:50:04+00:00,2026-08-06,iPhone 17 Pro,v18.2.1,GS-LEO-02,GS-CA-B,FindMy_Ping,21.41,16.6,690.0,0.6524,Degraded,-1,1
SES-177954,2026-08-31 10:29:17+00:00,2026-08-31,iPhone 17 Pro,v18.2.1,GS-LEO-02,GS-CA-B,Messages_Satellite,15.07,60.7,685.0,0.7659,Degraded,-1,1
SES-162519,2026-08-18 15:41:49+00:00,2026-08-18,iPhone 17 Pro,v18.1.0,GS-LEO-02,GS-CA-B,Roadside_Assistance,20.01,76.5,679.0,0.6822,Degraded,-1,1
SES-171101,2026-08-26 00:12:37+00:00,2026-08-26,iPhone 17 Pro,v18.2.0-b2,GS-LEO-14,GS-CA-B,Messages_Satellite,9.18,51.2,985.0,0.6466,Degraded,-1,1
SES-185588,2026-08-02 06:21:10+00:00,2026-08-02,iPhone 17 Pro,v18.1.0,GS-LEO-20,GS-CA-B,Roadside_Assistance,1.36,16.4,1152.0,0.4471,Degraded,-1,1
SES-119525,2026-08-27 04:17:42+00:00,2026-08-27,iPhone 17 Pro,v18.1.0,GS-LEO-20,GS-CA-B,Messages_Satellite,6.7,64.9,1184.0,0.5903,Degraded,-1,1
SES-193168,2026-08-16 16:14:07+00:00,2026-08-16,iPhone 17 Pro,v18.2.0-b2,GS-LEO-20,GS-CA-B,Messages_Satellite,4.61,71.1,1190.0,0.4122,Degraded,-1,1
SES-121099,2026-08-23 03:51:11+00:00,2026-08-23,iPhone 17 Pro,v18.2.0-b2,GS-LEO-20,GS-OR-D,Roadside_Assistance,21.23,17.5,2352.0,0.0725,Acceptable,-1,1
SES-104240,2026-08-29 13:51:03+00:00,2026-08-29,iPhone 17 Pro,v18.2.0-b2,GS-LEO-04,GS-CA-B,Emergency_SOS,-1.91,53.7,1281.0,0.5821,Degraded,-1,1
SES-192453,2026-08-20 00:33:14+00:00,2026-08-20,iPhone 17 Pro,v18.2.0-b2,GS-LEO-20,GS-CA-B,FindMy_Ping,19.08,28.5,2500.0,0.4086,Degraded,-1,1
SES-143483,2026-08-31 08:42:49+00:00,2026-08-31,iPhone 17 Pro,v18.2.0-b2,GS-LEO-20,GS-CA-B,Messages_Satellite,18.67,56.5,2627.0,0.4755,Degraded,-1,1
SES-184370,2026-08-18 10:52:55+00:00,2026-08-18,iPhone 17 Pro,v18.2.0-b2,GS-LEO-20,GS-TX-A,Messages_Satellite,24.54,19.5,2692.0,0.1038,Degraded,-1,1
SES-107932,2026-08-23 19:22:41+00:00,2026-08-23,iPhone 17 Pro,v18.2.0-b2,GS-LEO-20,GS-TX-A,Messages_Satellite,3.9,82.3,2902.0,0.0028,Degraded,-1,1
SES-126182,2026-08-15 05:51:40+00:00,2026-08-15,iPhone 17 Pro,v18.2.0-b2,GS-LEO-20,GS-CA-B,Roadside_Assistance,3.78,77.9,2969.0,0.6697,Degraded,-1,1
SES-144451,2026-08-08 18:22:57+00:00,2026-08-08,iPhone 17 Pro,v18.2.0-b2,GS-LEO-20,GS-FL-C,Emergency_SOS,15.82,83.7,3265.0,0.0249,Degraded,-1,1
SES-177112,2026-08-02 09:35:50+00:00,2026-08-02,iPhone 17 Pro,v18.2.0-b2,GS-LEO-20,GS-CA-B,FindMy_Ping,14.96,68.6,3462.0,0.2002,Degraded,-1,1
SES-139549,2026-08-14 17:37:22+00:00,2026-08-14,iPhone 17 Pro,v18.2.1,GS-LEO-14,GS-CA-B,Emergency_SOS,11.44,48.8,956.0,0.6925,Degraded,-1,1
SES-181001,2026-08-31 12:38:50+00:00,2026-08-31,iPhone 17 Pro,v18.2.0-b2,GS-LEO-20,GS-FL-C,Messages_Satellite,17.84,69.0,3745.0,0.0119,Degraded,-1,1
SES-170444,2026-08-27 20:07:27+00:00,2026-08-27,iPhone 17 Pro,v18.2.0-b2,GS-LEO-20,GS-OR-D,Messages_Satellite,17.97,74.0,3773.0,0.0593,Degraded,-1,1
SES-190472,2026-08-24 01:30:05+00:00,2026-08-24,iPhone 17 Pro,v18.2.1,GS-LEO-14,GS-CA-B,Messages_Satellite,8.56,22.7,952.0,0.6665,Degraded,-1,1
SES-182171,2026-08-25 10:28:19+00:00,2026-08-25,iPhone 17 Pro,v18.2.0-b2,GS-LEO-20,GS-FL-C,Roadside_Assistance,12.26,82.2,3907.0,0.0979,Degraded,-1,1
SES-135757,2026-08-21 08:27:26+00:00,2026-08-21,iPhone 17 Pro,v18.2.0-b2,GS-LEO-20,GS-TX-A,Roadside_Assistance,5.74,36.0,4012.0,0.0119,Degraded,-1,1
SES-168563,2026-08-22 22:13:29+00:00,2026-08-22,iPhone 17 Pro,v18.2.0-b2,GS-LEO-20,GS-FL-C,Messages_Satellite,15.76,16.6,4017.0,0.0837,Degraded,-1,1
SES-132065,2026-08-25 02:19:26+00:00,2026-08-25,iPhone 17 Pro,v18.2.0-b2,GS-LEO-20,GS-CA-B,Roadside_Assistance,14.28,61.6,4127.0,0.6885,Degraded,-1,1
SES-145048,2026-08-10 06:16:46+00:00,2026-08-10,iPhone 17 Pro,v18.2.0-b2,GS-LEO-20,GS-TX-A,FindMy_Ping,20.99,53.1,4153.0,0.0561,Degraded,-1,1
SES-104713,2026-08-03 03:05:27+00:00,2026-08-03,iPhone 17 Pro,v18.2.0-b2,GS-LEO-20,GS-OR-D,FindMy_Ping,15.95,60.4,4174.0,0.1239,Degraded,-1,1
SES-199094,2026-08-10 10:51:27+00:00,2026-08-10,iPhone 17 Pro,v18.2.0-b2,GS-LEO-20,GS-OR-D,FindMy_Ping,8.32,17.5,4191.0,0.0434,Degraded,-1,1
SES-116710,2026-08-02 02:16:59+00:00,2026-08-02,iPhone 17 Pro,v18.2.0-b2,GS-LEO-20,GS-OR-D,Messages_Satellite,10.03,56.9,4229.0,0.1477,Degraded,-1,1
SES-165875,2026-08-04 22:17:03+00:00,2026-08-04,iPhone 17 Pro,v18.2.0-b2,GS-LEO-20,GS-OR-D,Emergency_SOS,15.25,83.8,4347.0,0.0503,Degraded,-1,1
SES-123117,2026-08-15 03:26:42+00:00,2026-08-15,iPhone 17 Pro,v18.2.0-b2,GS-LEO-20,GS-FL-C,Messages_Satellite,8.36,75.5,4358.0,0.1063,Degraded,-1,1
SES-112739,2026-08-04 12:56:54+00:00,2026-08-04,iPhone 17 Pro,v18.2.0-b2,GS-LEO-20,GS-OR-D,Messages_Satellite,8.93,17.2,4412.0,0.076,Degraded,-1,1
SES-196007,2026-08-05 21:43:32+00:00,2026-08-05,iPhone 17 Pro,v18.2.1,GS-LEO-14,GS-CA-B,Roadside_Assistance,9.9,19.9,942.0,0.6631,Degraded,-1,1
SES-190408,2026-08-30 01:58:27+00:00,2026-08-30,iPhone 17 Pro,v18.2.0-b2,GS-LEO-01,GS-CA-B,Emergency_SOS,5.69,55.9,4534.0,0.1029,Degraded,-1,1
SES-115206,2026-08-08 17:45:52+00:00,2026-08-08,iPhone 17 Pro,v18.2.0-b2,GS-LEO-01,GS-CA-B,Messages_Satellite,3.64,58.8,4475.0,0.0749,Degraded,-1,1
SES-177141,2026-08-19 19:11:00+00:00,2026-08-19,iPhone 17 Pro,v18.2.1,GS-LEO-21,GS-CA-B,Emergency_SOS,20.22,56.2,662.0,0.566,Degraded,-1,1
SES-119036,2026-08-12 18:04:01+00:00,2026-08-12,iPhone 17 Pro,v18.2.0-b2,GS-LEO-01,GS-CA-B,Roadside_Assistance,9.61,82.2,4440.0,0.6706,Degraded,-1,1
SES-119482,2026-08-01 18:50:06+00:00,2026-08-01,iPhone 17 Pro,v18.2.0-b2,GS-LEO-07,GS-CA-B,FindMy_Ping,17.97,79.1,742.0,0.6426,Degraded,-1,1
SES-172734,2026-08-23 15:20:20+00:00,2026-08-23,iPhone 17 Pro,v18.2.0-b2,GS-LEO-01,GS-FL-C,Messages_Satellite,10.21,50.6,4397.0,0.1521,Degraded,-1,1
SES-185558,2026-08-28 00:13:29+00:00,2026-08-28,iPhone 17 Pro,v18.2.0-b2,GS-LEO-01,GS-TX-A,Emergency_SOS,17.74,69.1,4270.0,0.0322,Degraded,-1,1
SES-123105,2026-08-25 22:17:08+00:00,2026-08-25,iPhone 17 Pro,v18.2.0-b2,GS-LEO-01,GS-TX-A,FindMy_Ping,17.81,15.5,4240.0,0.0483,Degraded,-1,1
SES-191213,2026-08-18 19:00:34+00:00,2026-08-18,iPhone 17 Pro,v18.2.0-b2,GS-LEO-01,GS-CA-B,Messages_Satellite,14.36,76.1,4233.0,0.0339,Degraded,-1,1
SES-105245,2026-08-06 15:27:44+00:00,2026-08-06,iPhone 17 Pro,v18.2.0-b2,GS-LEO-01,GS-OR-D,FindMy_Ping,1.68,41.0,4228.0,0.0442,Degraded,-1,1
SES-148295,2026-08-22 23:37:50+00:00,2026-08-22,iPhone 17 Pro,v18.2.0-b2,GS-LEO-01,GS-CA-B,FindMy_Ping,18.04,27.1,4215.0,0.0173,Degraded,-1,1
SES-162960,2026-08-25 11:59:44+00:00,2026-08-25,iPhone 17 Pro,v18.2.0-b2,GS-LEO-01,GS-FL-C,Roadside_Assistance,5.23,69.3,4174.0,0.03,Degraded,-1,1
SES-162086,2026-08-12 04:52:07+00:00,2026-08-12,iPhone 17 Pro,v18.2.0-b2,GS-LEO-01,GS-TX-A,FindMy_Ping,10.72,67.0,4161.0,0.3926,Degraded,-1,1
SES-197571,2026-08-19 10:28:05+00:00,2026-08-19,iPhone 17 Pro,v18.2.0-b2,GS-LEO-05,GS-CA-B,FindMy_Ping,12.37,21.9,881.0,0.6741,Degraded,-1,1
SES-107283,2026-08-13 00:44:40+00:00,2026-08-13,iPhone 17 Pro,v18.2.1,GS-LEO-21,GS-CA-B,FindMy_Ping,20.19,55.0,731.0,0.5405,Degraded,-1,1
SES-156792,2026-08-27 14:52:36+00:00,2026-08-27,iPhone 17 Pro,v18.2.0-b2,GS-LEO-01,GS-FL-C,Messages_Satellite,16.83,16.3,4038.0,0.0316,Degraded,-1,1
SES-162305,2026-08-05 22:50:46+00:00,2026-08-05,iPhone 17 Pro,v18.2.0-b2,GS-LEO-01,GS-OR-D,Emergency_SOS,13.01,61.8,4011.0,0.2218,Degraded,-1,1
SES-164964,2026-08-26 12:00:14+00:00,2026-08-26,iPhone 17 Pro,v18.2.0-b2,GS-LEO-01,GS-CA-B,FindMy_Ping,14.66,28.7,3998.0,0.1838,Degraded,-1,1
SES-157217,2026-08-08 13:46:05+00:00,2026-08-08,iPhone 17 Pro,v18.2.0-b2,GS-LEO-01,GS-FL-C,Messages_Satellite,2.53,34.9,3981.0,0.145,Degraded,-1,1
SES-111251,2026-08-08 00:33:00+00:00,2026-08-08,iPhone 17 Pro,v18.2.1,GS-LEO-21,GS-CA-B,Messages_Satellite,16.28,27.2,746.0,0.6137,Degraded,-1,1
SES-161195,2026-08-27 21:21:30+00:00,2026-08-27,iPhone 17 Pro,v18.2.0-b2,GS-LEO-01,GS-CA-B,FindMy_Ping,13.37,84.9,3932.0,0.1245,Degraded,-1,1
SES-104038,2026-08-10 15:58:46+00:00,2026-08-10,iPhone 17 Pro,v18.2.0-b2,GS-LEO-01,GS-FL-C,Messages_Satellite,21.48,81.0,3776.0,0.1948,Degraded,-1,1
SES-136238,2026-08-08 12:25:43+00:00,2026-08-08,iPhone 17 Pro,v18.2.0-b2,GS-LEO-01,GS-OR-D,Emergency_SOS,19.86,80.2,3703.0,0.1178,Degraded,-1,1
SES-129020,2026-08-05 00:00:15+00:00,2026-08-05,iPhone 17 Pro,v18.1.0,GS-LEO-21,GS-CA-B,Roadside_Assistance,17.47,17.7,796.0,0.5545,Degraded,-1,1
SES-165277,2026-08-01 09:10:09+00:00,2026-08-01,iPhone 17 Pro,v18.1.0,GS-LEO-21,GS-CA-B,FindMy_Ping,15.51,32.9,799.0,0.762,Degraded,-1,1
SES-173295,2026-08-15 04:49:42+00:00,2026-08-15,iPhone 17 Pro,v18.2.0-b2,GS-LEO-01,GS-FL-C,Messages_Satellite,14.89,75.0,3327.0,0.2354,Degraded,-1,1
SES-153478,2026-08-28 20:56:30+00:00,2026-08-28,iPhone 17 Pro,v18.2.0-b2,GS-LEO-03,GS-CA-B,Roadside_Assistance,9.34,42.3,931.0,0.67,Degraded,-1,1
SES-118516,2026-08-26 21:01:28+00:00,2026-08-26,iPhone 17 Pro,v18.2.0-b2,GS-LEO-01,GS-CA-B,Messages_Satellite,13.16,32.7,3241.0,0.8261,Degraded,-1,1
SES-114760,2026-08-04 14:12:11+00:00,2026-08-04,iPhone 17 Pro,v18.2.0-b2,GS-LEO-01,GS-FL-C,Messages_Satellite,20.35,63.5,3175.0,0.0209,Degraded,-1,1
SES-101470,2026-08-06 09:11:45+00:00,2026-08-06,iPhone 17 Pro,v18.2.0-b2,GS-LEO-06,GS-TX-A,Messages_Satellite,5.89,18.0,4627.0,0.0274,Degraded,-1,1
SES-129167,2026-08-05 11:30:06+00:00,2026-08-05,iPhone 17 Pro,v18.2.0-b2,GS-LEO-06,GS-OR-D,Messages_Satellite,6.35,48.8,4576.0,0.0171,Degraded,-1,1
SES-105573,2026-08-14 05:03:33+00:00,2026-08-14,iPhone 17 Pro,v18.2.1,GS-LEO-21,GS-CA-B,FindMy_Ping,12.96,29.9,829.0,0.7071,Degraded,-1,1
SES-189278,2026-08-08 05:37:26+00:00,2026-08-08,iPhone 17 Pro,v18.2.0-b2,GS-LEO-06,GS-CA-B,FindMy_Ping,6.52,20.1,4468.0,0.0528,Degraded,-1,1
SES-140797,2026-08-02 10:31:50+00:00,2026-08-02,iPhone 17 Pro,v18.2.0-b2,GS-LEO-06,GS-TX-A,Emergency_SOS,8.84,66.0,4447.0,0.0605,Degraded,-1,1
SES-169515,2026-08-24 21:41:52+00:00,2026-08-24,iPhone 17 Pro,v18.2.0-b2,GS-LEO-06,GS-CA-B,Messages_Satellite,6.18,68.9,4444.0,0.0168,Degraded,-1,1
SES-150552,2026-08-24 23:01:12+00:00,2026-08-24,iPhone 17 Pro,v18.2.0-b2,GS-LEO-06,GS-CA-B,FindMy_Ping,10.66,84.8,4319.0,0.0183,Degraded,-1,1
SES-114792,2026-08-18 13:59:52+00:00,2026-08-18,iPhone 17 Pro,v18.2.1,GS-LEO-21,GS-CA-B,Roadside_Assistance,16.44,77.3,834.0,0.6743,Degraded,-1,1
SES-186782,2026-08-02 01:45:45+00:00,2026-08-02,iPhone 17 Pro,v18.2.0-b2,GS-LEO-06,GS-CA-B,Messages_Satellite,8.7,84.7,4238.0,0.0338,Degraded,-1,1
SES-178960,2026-08-17 00:50:51+00:00,2026-08-17,iPhone 17 Pro,v18.2.0-b2,GS-LEO-06,GS-TX-A,Messages_Satellite,11.69,82.5,4212.0,0.0122,Degraded,-1,1
SES-191951,2026-08-12 21:00:27+00:00,2026-08-12,iPhone 17 Pro,v18.2.0-b2,GS-LEO-06,GS-CA-B,Roadside_Assistance,12.48,62.1,4211.0,0.107,Degraded,-1,1
SES-170971,2026-08-26 05:55:06+00:00,2026-08-26,iPhone 17 Pro,v18.2.0-b2,GS-LEO-06,GS-TX-A,Messages_Satellite,11.46,80.2,4192.0,0.0704,Degraded,-1,1
SES-170630,2026-08-04 16:22:31+00:00,2026-08-04,iPhone 17 Pro,v18.2.0-b2,GS-LEO-06,GS-FL-C,FindMy_Ping,16.39,24.0,4176.0,0.0115,Degraded,-1,1
SES-142811,2026-08-13 15:16:16+00:00,2026-08-13,iPhone 17 Pro,v18.2.0-b2,GS-LEO-06,GS-CA-B,Messages_Satellite,14.14,55.7,4154.0,0.1406,Degraded,-1,1
SES-142251,2026-08-15 12:27:38+00:00,2026-08-15,iPhone 17 Pro,v18.2.0-b2,GS-LEO-06,GS-OR-D,Messages_Satellite,18.02,66.0,4100.0,0.015,Degraded,-1,1
SES-137287,2026-08-27 17:43:54+00:00,2026-08-27,iPhone 17 Pro,v18.2.0-b2,GS-LEO-06,GS-OR-D,Emergency_SOS,4.55,43.0,4098.0,0.0896,Degraded,-1,1
SES-171253,2026-08-13 11:20:37+00:00,2026-08-13,iPhone 17 Pro,v18.1.0,GS-LEO-14,GS-CA-B,FindMy_Ping,16.51,22.4,848.0,0.6018,Degraded,-1,1
SES-176090,2026-08-19 04:28:18+00:00,2026-08-19,iPhone 17 Pro,v18.2.0-b2,GS-LEO-06,GS-OR-D,Roadside_Assistance,7.37,17.4,3967.0,0.0744,Degraded,-1,1
SES-164605,2026-08-04 05:48:00+00:00,2026-08-04,iPhone 17 Pro,v18.2.0-b2,GS-LEO-06,GS-CA-B,FindMy_Ping,8.12,71.5,3952.0,0.029,Degraded,-1,1
SES-198986,2026-08-11 23:46:10+00:00,2026-08-11,iPhone 17 Pro,v18.2.0-b2,GS-LEO-06,GS-CA-B,Emergency_SOS,19.12,24.0,3934.0,0.0113,Degraded,-1,1
SES-175596,2026-08-21 13:53:58+00:00,2026-08-21,iPhone 17 Pro,v18.2.0-b2,GS-LEO-06,GS-TX-A,Roadside_Assistance,4.85,20.6,3875.0,0.0766,Degraded,-1,1
SES-121728,2026-08-18 12:59:54+00:00,2026-08-18,iPhone 17 Pro,v18.2.0-b2,GS-LEO-06,GS-TX-A,Messages_Satellite,7.26,72.4,3862.0,0.0796,Degraded,-1,1
SES-129040,2026-08-16 03:22:32+00:00,2026-08-16,iPhone 17 Pro,v18.2.0-b2,GS-LEO-06,GS-OR-D,Roadside_Assistance,4.27,73.7,3797.0,0.0247,Degraded,-1,1
SES-108677,2026-08-17 16:36:40+00:00,2026-08-17,iPhone 17 Pro,v18.2.0-b2,GS-LEO-06,GS-OR-D,Messages_Satellite,17.17,42.5,3776.0,0.1566,Degraded,-1,1
SES-104237,2026-08-05 23:39:49+00:00,2026-08-05,iPhone 17 Pro,v18.2.1,GS-LEO-14,GS-CA-B,Messages_Satellite,15.23,18.3,834.0,0.7586,Degraded,-1,1
SES-106308,2026-08-02 13:47:10+00:00,2026-08-02,iPhone 17 Pro,v18.2.0-b2,GS-LEO-06,GS-FL-C,Messages_Satellite,19.44,50.9,3698.0,0.0877,Degraded,-1,1
SES-105557,2026-08-30 18:26:55+00:00,2026-08-30,iPhone 17 Pro,v18.2.0-b2,GS-LEO-06,GS-FL-C,Messages_Satellite,10.87,83.6,3692.0,0.1904,Degraded,-1,1
SES-197548,2026-08-30 22:26:22+00:00,2026-08-30,iPhone 17 Pro,v18.2.0-b2,GS-LEO-06,GS-OR-D,Messages_Satellite,3.83,70.0,3689.0,0.0713,Degraded,-1,1
SES-190932,2026-08-12 10:09:40+00:00,2026-08-12,iPhone 17 Pro,v18.1.0,GS-LEO-01,GS-CA-B,Messages_Satellite,-0.85,47.8,1211.0,0.5143,Degraded,-1,1
SES-141223,2026-08-30 04:09:29+00:00,2026-08-30,iPhone 17 Pro,v18.2.0-b2,GS-LEO-14,GS-CA-B,Roadside_Assistance,16.07,37.3,832.0,0.6532,Degraded,-1,1
SES-199453,2026-08-17 13:56:09+00:00,2026-08-17,iPhone 17 Pro,v18.1.0,GS-LEO-01,GS-CA-B,Messages_Satellite,4.53,75.0,1190.0,0.6078,Degraded,-1,1
SES-113302,2026-08-26 01:32:25+00:00,2026-08-26,iPhone 17 Pro,v18.2.0-b2,GS-LEO-06,GS-TX-A,Messages_Satellite,3.64,71.9,3578.0,0.0189,Degraded,-1,1
SES-185084,2026-08-29 22:21:49+00:00,2026-08-29,iPhone 17 Pro,v18.2.1,GS-LEO-09,GS-CA-B,Messages_Satellite,14.54,82.0,855.0,0.7859,Degraded,-1,1
SES-112350,2026-08-04 03:17:01+00:00,2026-08-04,iPhone 17 Pro,v18.2.0-b2,GS-LEO-06,GS-TX-A,Messages_Satellite,11.45,67.8,3284.0,0.3009,Degraded,-1,1
SES-126394,2026-08-16 16:09:25+00:00,2026-08-16,iPhone 17 Pro,v18.2.0-b2,GS-LEO-14,GS-CA-B,Roadside_Assistance,14.72,28.9,808.0,0.69,Degraded,-1,1
SES-153839,2026-08-01 20:09:57+00:00,2026-08-01,iPhone 17 Pro,v18.2.1,GS-LEO-04,GS-CA-B,Messages_Satellite,7.67,58.6,1086.0,0.6824,Degraded,-1,1
SES-179774,2026-08-19 08:02:36+00:00,2026-08-19,iPhone 17 Pro,v18.2.0-b2,GS-LEO-06,GS-CA-B,Emergency_SOS,21.27,77.8,2952.0,0.715,Degraded,-1,1
SES-131964,2026-08-02 15:01:37+00:00,2026-08-02,iPhone 17 Pro,v18.2.1,GS-LEO-01,GS-CA-B,FindMy_Ping,7.94,60.4,1107.0,0.5944,Degraded,-1,1
SES-152737,2026-08-11 07:13:02+00:00,2026-08-11,iPhone 17 Pro,v18.2.0-b2,GS-LEO-06,GS-CA-B,Roadside_Assistance,22.2,76.8,2836.0,0.26,Degraded,-1,1
SES-150666,2026-08-06 16:17:14+00:00,2026-08-06,iPhone 17 Pro,v18.1.0,GS-LEO-21,GS-CA-B,Emergency_SOS,10.42,80.4,898.0,0.6447,Degraded,-1,1
SES-132404,2026-08-29 08:54:10+00:00,2026-08-29,iPhone 17 Pro,v18.1.0,GS-LEO-14,GS-CA-B,Emergency_SOS,15.94,48.8,750.0,0.7402,Degraded,-1,1
SES-180887,2026-08-20 03:21:06+00:00,2026-08-20,iPhone 17 Pro,v18.1.0,GS-LEO-14,GS-CA-B,Messages_Satellite,16.18,45.4,727.0,0.7086,Degraded,-1,1
SES-107355,2026-08-19 14:10:29+00:00,2026-08-19,iPhone 17 Pro,v18.2.1,GS-LEO-21,GS-CA-B,FindMy_Ping,8.13,20.0,917.0,0.9128,Degraded,-1,1
SES-197987,2026-08-28 18:29:18+00:00,2026-08-28,iPhone 17 Pro,v18.1.0,GS-LEO-14,GS-CA-B,Messages_Satellite,20.11,62.5,669.0,0.675,Degraded,-1,1
SES-162380,2026-08-10 00:56:31+00:00,2026-08-10,iPhone 17 Pro,v18.2.1,GS-LEO-01,GS-CA-B,FindMy_Ping,7.12,61.2,1050.0,0.7078,Degraded,-1,1
SES-182053,2026-08-08 12:53:06+00:00,2026-08-08,iPhone 17 Pro,v18.2.1,GS-LEO-14,GS-CA-B,Emergency_SOS,19.8,29.9,636.0,0.4765,Degraded,-1,1
SES-133838,2026-08-19 17:06:55+00:00,2026-08-19,iPhone 17 Pro,v18.2.1,GS-LEO-14,GS-CA-B,FindMy_Ping,24.04,83.3,620.0,0.4982,Degraded,-1,1
SES-103427,2026-08-23 02:20:37+00:00,2026-08-23,iPhone 17 Pro,v18.2.0-b2,GS-LEO-13,GS-FL-C,FindMy_Ping,8.26,26.8,4415.0,0.0216,Degraded,-1,1
SES-190373,2026-08-23 13:25:04+00:00,2026-08-23,iPhone 17 Pro,v18.2.0-b2,GS-LEO-13,GS-TX-A,Messages_Satellite,4.33,83.1,4338.0,0.0709,Degraded,-1,1
SES-169225,2026-08-20 01:49:44+00:00,2026-08-20,iPhone 17 Pro,v18.2.0-b2,GS-LEO-13,GS-OR-D,Messages_Satellite,16.61,50.6,4334.0,0.0881,Degraded,-1,1
SES-165071,2026-08-04 19:28:14+00:00,2026-08-04,iPhone 17 Pro,v18.2.0-b2,GS-LEO-13,GS-TX-A,FindMy_Ping,14.26,65.6,4318.0,0.0069,Degraded,-1,1
SES-133227,2026-08-19 18:46:31+00:00,2026-08-19,iPhone 17 Pro,v18.2.0-b2,GS-LEO-13,GS-FL-C,Messages_Satellite,6.54,31.0,4284.0,0.0143,Degraded,-1,1
SES-177581,2026-08-23 20:35:28+00:00,2026-08-23,iPhone 17 Pro,v18.2.0-b2,GS-LEO-13,GS-OR-D,Messages_Satellite,11.04,74.2,4275.0,0.0793,Degraded,-1,1
SES-181433,2026-08-04 02:07:49+00:00,2026-08-04,iPhone 17 Pro,v18.2.0-b2,GS-LEO-13,GS-FL-C,Messages_Satellite,18.09,81.3,4219.0,0.0513,Degraded,-1,1
SES-124256,2026-08-16 16:42:23+00:00,2026-08-16,iPhone 17 Pro,v18.2.0-b2,GS-LEO-13,GS-TX-A,Messages_Satellite,10.79,80.9,4199.0,0.2321,Degraded,-1,1
SES-179366,2026-08-24 12:57:17+00:00,2026-08-24,iPhone 17 Pro,v18.2.0-b2,GS-LEO-13,GS-TX-A,Messages_Satellite,19.9,66.6,4169.0,0.0141,Degraded,-1,1
SES-184126,2026-08-10 16:21:57+00:00,2026-08-10,iPhone 17 Pro,v18.2.0-b2,GS-LEO-13,GS-FL-C,Messages_Satellite,9.96,83.8,4117.0,0.1418,Degraded,-1,1
SES-120244,2026-08-01 19:38:36+00:00,2026-08-01,iPhone 17 Pro,v18.2.0-b2,GS-LEO-13,GS-OR-D,FindMy_Ping,19.45,21.3,4101.0,0.1464,Degraded,-1,1
SES-131885,2026-08-07 00:30:27+00:00,2026-08-07,iPhone 17 Pro,v18.2.0-b2,GS-LEO-13,GS-TX-A,Roadside_Assistance,6.36,31.7,4097.0,0.0233,Degraded,-1,1
SES-180579,2026-08-20 15:46:07+00:00,2026-08-20,iPhone 17 Pro,v18.2.0-b2,GS-LEO-13,GS-CA-B,Messages_Satellite,20.78,70.6,4076.0,0.1858,Degraded,-1,1
SES-173291,2026-08-10 03:03:37+00:00,2026-08-10,iPhone 17 Pro,v18.2.0-b2,GS-LEO-13,GS-TX-A,Messages_Satellite,8.99,84.9,4073.0,0.0403,Degraded,-1,1
SES-177918,2026-08-03 12:33:53+00:00,2026-08-03,iPhone 17 Pro,v18.2.0-b2,GS-LEO-13,GS-TX-A,Messages_Satellite,16.71,43.5,4070.0,0.1528,Degraded,-1,1
SES-161795,2026-08-07 20:51:42+00:00,2026-08-07,iPhone 17 Pro,v18.2.0-b2,GS-LEO-13,GS-OR-D,Messages_Satellite,14.5,69.9,4026.0,0.0162,Degraded,-1,1
SES-192701,2026-08-03 00:23:04+00:00,2026-08-03,iPhone 17 Pro,v18.2.0-b2,GS-LEO-13,GS-CA-B,Messages_Satellite,7.87,83.6,3912.0,0.1217,Degraded,-1,1
SES-113839,2026-08-01 23:25:36+00:00,2026-08-01,iPhone 17 Pro,v18.2.0-b2,GS-LEO-13,GS-CA-B,FindMy_Ping,7.97,75.8,3908.0,0.6749,Degraded,-1,1
SES-185296,2026-08-08 09:52:24+00:00,2026-08-08,iPhone 17 Pro,v18.2.0-b2,GS-LEO-13,GS-FL-C,Messages_Satellite,3.78,68.1,3828.0,0.0052,Degraded,-1,1
SES-104264,2026-08-11 06:03:16+00:00,2026-08-11,iPhone 17 Pro,v18.2.1,GS-LEO-06,GS-CA-B,FindMy_Ping,5.66,17.8,1079.0,0.5962,Degraded,-1,1
SES-131442,2026-08-29 02:55:38+00:00,2026-08-29,iPhone 17 Pro,v18.1.0,GS-LEO-06,GS-CA-B,Roadside_Assistance,4.61,16.4,1078.0,0.6252,Degraded,-1,1
SES-109813,2026-08-24 22:57:16+00:00,2026-08-24,iPhone 17 Pro,v18.2.1,GS-LEO-01,GS-CA-B,Messages_Satellite,9.08,67.9,1037.0,0.6347,Degraded,-1,1
SES-128705,2026-08-31 18:25:09+00:00,2026-08-31,iPhone 17 Pro,v18.1.0,GS-LEO-09,GS-CA-B,Messages_Satellite,13.81,18.1,880.0,0.6634,Degraded,-1,1
SES-185497,2026-08-13 19:10:06+00:00,2026-08-13,iPhone 17 Pro,v18.2.0-b2,GS-LEO-13,GS-TX-A,Messages_Satellite,19.12,53.8,3499.0,0.1927,Degraded,-1,1
SES-163784,2026-08-02 01:29:52+00:00,2026-08-02,iPhone 17 Pro,v18.2.0-b2,GS-LEO-13,GS-CA-B,Emergency_SOS,15.0,54.0,3394.0,0.657,Degraded,-1,1
SES-111841,2026-08-11 02:18:19+00:00,2026-08-11,iPhone 17 Pro,v18.2.0-b2,GS-LEO-13,GS-OR-D,Messages_Satellite,19.02,78.6,3389.0,0.2853,Degraded,-1,1
SES-195776,2026-08-09 04:26:01+00:00,2026-08-09,iPhone 17 Pro,v18.2.0-b2,GS-LEO-13,GS-TX-A,Emergency_SOS,10.5,83.7,3185.0,0.1245,Degraded,-1,1
SES-194923,2026-08-15 16:55:31+00:00,2026-08-15,iPhone 17 Pro,v18.2.0-b2,GS-LEO-21,GS-CA-B,FindMy_Ping,9.84,24.0,964.0,0.6038,Degraded,-1,1
SES-157619,2026-08-31 04:48:03+00:00,2026-08-31,iPhone 17 Pro,v18.1.0,GS-LEO-21,GS-CA-B,FindMy_Ping,9.17,59.5,965.0,0.6695,Degraded,-1,1
SES-168668,2026-08-03 15:06:54+00:00,2026-08-03,iPhone 17 Pro,v18.2.1,GS-LEO-21,GS-CA-B,Roadside_Assistance,8.85,63.9,966.0,0.7414,Degraded,-1,1
SES-107554,2026-08-01 14:12:11+00:00,2026-08-01,iPhone 17 Pro,v18.2.0-b2,GS-LEO-13,GS-FL-C,Messages_Satellite,24.28,74.9,2673.0,0.013,Degraded,-1,1
SES-159218,2026-08-27 12:13:14+00:00,2026-08-27,iPhone 17 Pro,v18.2.1,GS-LEO-13,GS-CA-B,Messages_Satellite,4.06,47.7,1104.0,0.7022,Degraded,-1,1
SES-172798,2026-08-26 16:32:26+00:00,2026-08-26,iPhone 17 Pro,v18.2.0-b2,GS-LEO-13,GS-CA-B,Roadside_Assistance,4.24,69.5,1102.0,0.6041,Degraded,-1,1
SES-139074,2026-08-26 01:47:44+00:00,2026-08-26,iPhone 17 Pro,v18.2.0-b2,GS-LEO-09,GS-CA-B,Roadside_Assistance,15.3,64.8,889.0,0.787,Degraded,-1,1
SES-157746,2026-08-27 02:02:38+00:00,2026-08-27,iPhone 17 Pro,v18.1.0,GS-LEO-13,GS-CA-B,Messages_Satellite,7.26,50.3,1081.0,0.5691,Degraded,-1,1
SES-195435,2026-08-06 20:01:14+00:00,2026-08-06,iPhone 17 Pro,v18.1.0,GS-LEO-13,GS-CA-B,Messages_Satellite,5.85,16.7,1064.0,0.5674,Degraded,-1,1
SES-185170,2026-08-31 07:03:26+00:00,2026-08-31,iPhone 17 Pro,v18.2.0-b2,GS-LEO-01,GS-CA-B,Messages_Satellite,7.13,69.2,1019.0,0.7572,Degraded,-1,1
SES-199864,2026-08-11 21:38:55+00:00,2026-08-11,iPhone 17 Pro,v18.1.0,GS-LEO-13,GS-CA-B,Messages_Satellite,8.59,44.7,1052.0,0.7157,Degraded,-1,1
SES-122264,2026-08-11 16:19:51+00:00,2026-08-11,iPhone 17 Pro,v18.2.0-b2,GS-LEO-21,GS-CA-B,Roadside_Assistance,9.91,48.7,1014.0,0.6251,Degraded,-1,1
SES-147579,2026-08-14 02:52:35+00:00,2026-08-14,iPhone 17 Pro,v18.2.0-b2,GS-LEO-21,GS-CA-B,Messages_Satellite,10.37,62.3,1034.0,0.628,Degraded,-1,1
SES-103742,2026-08-17 08:07:19+00:00,2026-08-17,iPhone 17 Pro,v18.2.1,GS-LEO-03,GS-CA-B,FindMy_Ping,5.4,56.5,993.0,0.7843,Degraded,-1,1
SES-134705,2026-08-20 06:02:46+00:00,2026-08-20,iPhone 17 Pro,v18.1.0,GS-LEO-21,GS-CA-B,Messages_Satellite,5.5,40.0,1047.0,0.6263,Degraded,-1,1
SES-104526,2026-08-29 09:42:54+00:00,2026-08-29,iPhone 17 Pro,v18.2.1,GS-LEO-06,GS-CA-B,Roadside_Assistance,8.26,32.5,1029.0,0.6495,Degraded,-1,1
SES-171494,2026-08-22 07:09:48+00:00,2026-08-22,iPhone 17 Pro,v18.2.1,GS-LEO-13,GS-CA-B,Roadside_Assistance,7.72,21.1,992.0,0.5829,Degraded,-1,1
SES-119950,2026-08-16 18:46:18+00:00,2026-08-16,iPhone 17 Pro,v18.2.0-b2,GS-LEO-13,GS-CA-B,FindMy_Ping,5.55,52.5,985.0,0.6238,Degraded,-1,1
SES-177679,2026-08-15 20:44:06+00:00,2026-08-15,iPhone 17 Pro,v18.1.0,GS-LEO-21,GS-CA-B,FindMy_Ping,5.22,80.9,1108.0,0.5998,Degraded,-1,1
SES-139488,2026-08-24 22:55:20+00:00,2026-08-24,iPhone 17 Pro,v18.1.0,GS-LEO-21,GS-CA-B,Messages_Satellite,1.4,55.6,1119.0,0.3443,Degraded,-1,1
SES-126181,2026-08-18 10:11:24+00:00,2026-08-18,iPhone 17 Pro,v18.1.0,GS-LEO-13,GS-CA-B,Messages_Satellite,12.54,37.2,975.0,0.7129,Degraded,-1,1
SES-188313,2026-08-17 00:36:54+00:00,2026-08-17,iPhone 17 Pro,v18.2.1,GS-LEO-21,GS-CA-B,Messages_Satellite,2.97,20.0,1150.0,0.6101,Degraded,-1,1
SES-185968,2026-08-21 20:57:58+00:00,2026-08-21,iPhone 17 Pro,v18.2.0-b2,GS-LEO-21,GS-FL-C,Messages_Satellite,21.19,41.7,2423.0,0.1652,Acceptable,-1,1
SES-187439,2026-08-08 05:11:42+00:00,2026-08-08,iPhone 17 Pro,v18.2.0-b2,GS-LEO-21,GS-CA-B,Roadside_Assistance,16.2,84.8,2782.0,0.0186,Degraded,-1,1
SES-119094,2026-08-15 08:20:16+00:00,2026-08-15,iPhone 17 Pro,v18.2.1,GS-LEO-03,GS-CA-B,Emergency_SOS,7.59,58.9,1002.0,0.646,Degraded,-1,1
SES-170815,2026-08-22 09:58:33+00:00,2026-08-22,iPhone 17 Pro,v18.2.0-b2,GS-LEO-21,GS-CA-B,Messages_Satellite,22.21,64.9,2843.0,0.4511,Degraded,-1,1
SES-133010,2026-08-30 17:08:18+00:00,2026-08-30,iPhone 17 Pro,v18.2.0-b2,GS-LEO-21,GS-FL-C,Messages_Satellite,21.94,68.4,3089.0,0.1614,Degraded,-1,1
SES-193641,2026-08-03 21:19:48+00:00,2026-08-03,iPhone 17 Pro,v18.2.0-b2,GS-LEO-21,GS-CA-B,Messages_Satellite,15.94,41.9,3274.0,0.4555,Degraded,-1,1
SES-186539,2026-08-06 16:58:58+00:00,2026-08-06,iPhone 17 Pro,v18.2.1,GS-LEO-13,GS-CA-B,Messages_Satellite,8.2,42.5,956.0,0.6768,Degraded,-1,1
SES-137549,2026-08-02 21:41:50+00:00,2026-08-02,iPhone 17 Pro,v18.2.1,GS-LEO-13,GS-CA-B,Messages_Satellite,7.77,45.1,953.0,0.6047,Degraded,-1,1
SES-123152,2026-08-08 00:10:14+00:00,2026-08-08,iPhone 17 Pro,v18.2.0-b2,GS-LEO-21,GS-TX-A,Messages_Satellite,16.85,50.6,3806.0,0.1446,Degraded,-1,1
SES-141546,2026-08-02 15:31:27+00:00,2026-08-02,iPhone 17 Pro,v18.2.0-b2,GS-LEO-21,GS-OR-D,Roadside_Assistance,16.4,64.7,3912.0,0.0562,Degraded,-1,1
SES-133384,2026-08-01 10:56:24+00:00,2026-08-01,iPhone 17 Pro,v18.2.0-b2,GS-LEO-21,GS-TX-A,Roadside_Assistance,20.61,34.7,3940.0,0.0532,Degraded,-1,1
SES-169885,2026-08-30 13:55:26+00:00,2026-08-30,iPhone 17 Pro,v18.2.0-b2,GS-LEO-21,GS-CA-B,Messages_Satellite,18.59,51.6,3945.0,0.1355,Degraded,-1,1
SES-197128,2026-08-27 20:51:57+00:00,2026-08-27,iPhone 17 Pro,v18.2.0-b2,GS-LEO-21,GS-OR-D,Messages_Satellite,17.62,41.6,3964.0,0.1002,Degraded,-1,1
SES-135417,2026-08-20 12:12:27+00:00,2026-08-20,iPhone 17 Pro,v18.2.0-b2,GS-LEO-21,GS-CA-B,Messages_Satellite,16.49,49.4,3971.0,0.5552,Degraded,-1,1
SES-158864,2026-08-29 07:52:13+00:00,2026-08-29,iPhone 17 Pro,v18.2.0-b2,GS-LEO-21,GS-FL-C,FindMy_Ping,19.35,28.3,3979.0,0.1334,Degraded,-1,1
SES-115513,2026-08-22 22:44:54+00:00,2026-08-22,iPhone 17 Pro,v18.2.0-b2,GS-LEO-21,GS-TX-A,Roadside_Assistance,13.18,25.4,3996.0,0.172,Degraded,-1,1
SES-114279,2026-08-31 08:01:04+00:00,2026-08-31,iPhone 17 Pro,v18.2.0-b2,GS-LEO-21,GS-OR-D,Messages_Satellite,20.64,46.5,4000.0,0.0778,Degraded,-1,1
SES-182146,2026-08-21 14:08:08+00:00,2026-08-21,iPhone 17 Pro,v18.2.0-b2,GS-LEO-21,GS-TX-A,FindMy_Ping,15.8,80.3,4024.0,0.1496,Degraded,-1,1
SES-189321,2026-08-05 11:22:26+00:00,2026-08-05,iPhone 17 Pro,v18.2.0-b2,GS-LEO-21,GS-TX-A,Emergency_SOS,15.56,83.4,4041.0,0.0298,Degraded,-1,1
SES-114590,2026-08-04 13:06:52+00:00,2026-08-04,iPhone 17 Pro,v18.2.1,GS-LEO-13,GS-CA-B,Messages_Satellite,8.69,62.3,948.0,0.799,Degraded,-1,1
SES-187839,2026-08-04 01:10:54+00:00,2026-08-04,iPhone 17 Pro,v18.2.0-b2,GS-LEO-21,GS-CA-B,Messages_Satellite,8.38,52.6,4182.0,0.1204,Degraded,-1,1
SES-134754,2026-08-23 03:16:21+00:00,2026-08-23,iPhone 17 Pro,v18.2.0-b2,GS-LEO-21,GS-CA-B,Messages_Satellite,17.32,70.0,4195.0,0.0421,Degraded,-1,1
SES-113804,2026-08-25 08:19:11+00:00,2026-08-25,iPhone 17 Pro,v18.1.0,GS-LEO-09,GS-CA-B,Messages_Satellite,8.84,51.5,912.0,0.8443,Degraded,-1,1
SES-167625,2026-08-16 20:12:47+00:00,2026-08-16,iPhone 17 Pro,v18.2.0-b2,GS-LEO-21,GS-TX-A,Emergency_SOS,8.93,41.0,4365.0,0.0165,Degraded,-1,1
SES-129575,2026-08-31 13:04:14+00:00,2026-08-31,iPhone 17 Pro,v18.2.0-b2,GS-LEO-21,GS-CA-B,FindMy_Ping,7.93,60.2,4429.0,0.0022,Degraded,-1,1
SES-101771,2026-08-21 13:07:39+00:00,2026-08-21,iPhone 17 Pro,v18.2.0-b2,GS-LEO-21,GS-FL-C,Roadside_Assistance,5.99,64.2,4431.0,0.0325,Degraded,-1,1
SES-126459,2026-08-25 08:52:11+00:00,2026-08-25,iPhone 17 Pro,v18.2.0-b2,GS-LEO-21,GS-OR-D,Roadside_Assistance,5.96,17.7,4471.0,0.0278,Degraded,-1,1
SES-115960,2026-08-18 15:24:32+00:00,2026-08-18,iPhone 17 Pro,v18.2.1,GS-LEO-06,GS-CA-B,Emergency_SOS,7.74,53.7,987.0,0.6499,Degraded,-1,1
SES-199723,2026-08-26 03:11:31+00:00,2026-08-26,iPhone 17 Pro,v18.2.0-b2,GS-LEO-22,GS-CA-B,Messages_Satellite,17.37,36.4,752.0,0.6901,Degraded,-1,1
SES-149797,2026-08-18 11:08:00+00:00,2026-08-18,iPhone 17 Pro,v18.2.0-b2,GS-LEO-03,GS-CA-B,Emergency_SOS,4.25,70.7,1034.0,0.7013,Degraded,-1,1
SES-119419,2026-08-27 10:30:11+00:00,2026-08-27,iPhone 17 Pro,v18.2.1,GS-LEO-13,GS-CA-B,FindMy_Ping,13.3,49.3,879.0,0.6756,Degraded,-1,1
SES-147945,2026-08-27 09:59:09+00:00,2026-08-27,iPhone 17 Pro,v18.2.0-b2,GS-LEO-13,GS-CA-B,Messages_Satellite,13.3,25.9,878.0,0.6401,Degraded,-1,1
SES-197139,2026-08-31 17:29:08+00:00,2026-08-31,iPhone 17 Pro,v18.2.1,GS-LEO-01,GS-CA-B,Messages_Satellite,8.73,77.2,967.0,0.6875,Degraded,-1,1
SES-100979,2026-08-14 23:34:41+00:00,2026-08-14,iPhone 17 Pro,v18.2.1,GS-LEO-09,GS-CA-B,Messages_Satellite,12.3,19.0,943.0,0.7852,Degraded,-1,1
SES-165602,2026-08-30 18:58:30+00:00,2026-08-30,iPhone 17 Pro,v18.1.0,GS-LEO-03,GS-CA-B,Messages_Satellite,10.98,40.5,1061.0,0.5983,Degraded,-1,1
SES-185645,2026-08-12 18:57:54+00:00,2026-08-12,iPhone 17 Pro,v18.2.1,GS-LEO-13,GS-CA-B,Emergency_SOS,12.34,52.6,847.0,0.6549,Degraded,-1,1
SES-105032,2026-08-09 19:54:37+00:00,2026-08-09,iPhone 17 Pro,v18.2.1,GS-LEO-03,GS-CA-B,FindMy_Ping,5.84,29.4,1070.0,0.6604,Degraded,-1,1
SES-149529,2026-08-30 11:08:59+00:00,2026-08-30,iPhone 17 Pro,v18.1.0,GS-LEO-01,GS-CA-B,Emergency_SOS,9.65,23.4,959.0,0.6033,Degraded,-1,1
SES-160683,2026-08-17 12:38:35+00:00,2026-08-17,iPhone 17 Pro,v18.2.1,GS-LEO-03,GS-CA-B,FindMy_Ping,8.39,37.8,1082.0,0.7236,Degraded,-1,1
SES-115340,2026-08-13 01:45:27+00:00,2026-08-13,iPhone 17 Pro,v18.2.0-b2,GS-LEO-22,GS-CA-B,Messages_Satellite,12.2,49.9,867.0,0.6696,Degraded,-1,1
SES-147423,2026-08-09 01:04:26+00:00,2026-08-09,iPhone 17 Pro,v18.2.0-b2,GS-LEO-09,GS-CA-B,Messages_Satellite,10.65,16.6,960.0,0.6521,Degraded,-1,1
SES-106225,2026-08-21 01:49:53+00:00,2026-08-21,iPhone 17 Pro,v18.2.1,GS-LEO-22,GS-CA-B,FindMy_Ping,16.86,39.1,873.0,0.6667,Degraded,-1,1
SES-152990,2026-08-17 16:18:39+00:00,2026-08-17,iPhone 17 Pro,v18.2.1,GS-LEO-22,GS-CA-B,Messages_Satellite,8.58,82.4,878.0,0.6023,Degraded,-1,1
SES-122466,2026-08-08 20:01:41+00:00,2026-08-08,iPhone 17 Pro,v18.1.0,GS-LEO-13,GS-CA-B,Messages_Satellite,17.73,15.5,790.0,0.43,Degraded,-1,1
SES-180620,2026-08-01 22:10:59+00:00,2026-08-01,iPhone 17 Pro,v18.2.1,GS-LEO-09,GS-CA-B,Messages_Satellite,7.7,48.5,969.0,0.6711,Degraded,-1,1
SES-126888,2026-08-14 03:39:37+00:00,2026-08-14,iPhone 17 Pro,v18.1.0,GS-LEO-13,GS-CA-B,Messages_Satellite,11.85,17.7,778.0,0.6844,Degraded,-1,1
SES-165396,2026-08-09 20:38:05+00:00,2026-08-09,iPhone 17 Pro,v18.2.0-b2,GS-LEO-03,GS-CA-B,Emergency_SOS,17.61,53.6,2377.0,0.7796,Degraded,-1,1
SES-124580,2026-08-19 05:52:15+00:00,2026-08-19,iPhone 17 Pro,v18.2.0-b2,GS-LEO-03,GS-CA-B,Emergency_SOS,19.42,84.0,2410.0,0.2088,Acceptable,-1,1
SES-184581,2026-08-21 21:52:36+00:00,2026-08-21,iPhone 17 Pro,v18.2.1,GS-LEO-01,GS-CA-B,Emergency_SOS,8.16,82.1,939.0,0.6496,Degraded,-1,1
SES-181677,2026-08-31 04:50:32+00:00,2026-08-31,iPhone 17 Pro,v18.1.0,GS-LEO-13,GS-CA-B,FindMy_Ping,17.92,55.0,702.0,0.6086,Degraded,-1,1
SES-198408,2026-08-19 02:16:37+00:00,2026-08-19,iPhone 17 Pro,v18.2.0-b2,GS-LEO-13,GS-CA-B,Roadside_Assistance,18.3,29.5,697.0,0.5664,Degraded,-1,1
SES-187151,2026-08-15 17:56:54+00:00,2026-08-15,iPhone 17 Pro,v18.2.0-b2,GS-LEO-22,GS-CA-B,Emergency_SOS,6.48,60.6,932.0,0.7103,Degraded,-1,1
SES-175119,2026-08-24 15:17:31+00:00,2026-08-24,iPhone 17 Pro,v18.2.0-b2,GS-LEO-03,GS-CA-B,FindMy_Ping,12.54,67.4,2915.0,0.4335,Degraded,-1,1
SES-172042,2026-08-13 16:59:54+00:00,2026-08-13,iPhone 17 Pro,v18.2.0-b2,GS-LEO-05,GS-CA-B,Messages_Satellite,9.28,64.8,917.0,0.6858,Degraded,-1,1
SES-174646,2026-08-01 17:35:11+00:00,2026-08-01,iPhone 17 Pro,v18.2.0-b2,GS-LEO-03,GS-CA-B,FindMy_Ping,7.46,25.8,2922.0,0.6706,Degraded,-1,1
SES-173504,2026-08-02 01:31:19+00:00,2026-08-02,iPhone 17 Pro,v18.2.0-b2,GS-LEO-03,GS-CA-B,Messages_Satellite,19.23,81.9,2925.0,0.0632,Degraded,-1,1
SES-176355,2026-08-17 09:49:26+00:00,2026-08-17,iPhone 17 Pro,v18.2.1,GS-LEO-13,GS-CA-B,Messages_Satellite,19.68,59.6,661.0,0.5076,Degraded,-1,1
SES-184780,2026-08-31 18:09:12+00:00,2026-08-31,iPhone 17 Pro,v18.2.0-b2,GS-LEO-09,GS-CA-B,Roadside_Assistance,8.21,32.9,989.0,0.625,Degraded,-1,1
SES-129054,2026-08-14 09:28:00+00:00,2026-08-14,iPhone 17 Pro,v18.2.0-b2,GS-LEO-03,GS-CA-B,Messages_Satellite,16.79,36.1,3039.0,0.5934,Degraded,-1,1
SES-107084,2026-08-31 17:06:14+00:00,2026-08-31,iPhone 17 Pro,v18.2.0-b2,GS-LEO-03,GS-OR-D,FindMy_Ping,16.49,66.8,3046.0,0.2647,Degraded,-1,1
SES-111316,2026-08-03 15:00:41+00:00,2026-08-03,iPhone 17 Pro,v18.2.1,GS-LEO-09,GS-CA-B,Emergency_SOS,8.18,58.3,991.0,0.6732,Degraded,-1,1
SES-166397,2026-08-30 16:29:25+00:00,2026-08-30,iPhone 17 Pro,v18.2.0-b2,GS-LEO-12,GS-CA-B,FindMy_Ping,7.39,44.8,4537.0,0.1345,Degraded,-1,1
SES-198219,2026-08-14 05:43:25+00:00,2026-08-14,iPhone 17 Pro,v18.2.0-b2,GS-LEO-12,GS-TX-A,Messages_Satellite,8.57,52.3,4409.0,0.0223,Degraded,-1,1
SES-130553,2026-08-19 23:34:51+00:00,2026-08-19,iPhone 17 Pro,v18.2.0-b2,GS-LEO-12,GS-TX-A,Messages_Satellite,7.47,35.2,4407.0,0.0102,Degraded,-1,1
SES-170032,2026-08-10 19:12:12+00:00,2026-08-10,iPhone 17 Pro,v18.2.0-b2,GS-LEO-12,GS-OR-D,Emergency_SOS,14.5,66.9,4381.0,0.1823,Degraded,-1,1
SES-124928,2026-08-19 04:02:45+00:00,2026-08-19,iPhone 17 Pro,v18.2.0-b2,GS-LEO-12,GS-OR-D,Messages_Satellite,6.24,23.0,4328.0,0.0834,Degraded,-1,1
SES-153578,2026-08-08 23:40:48+00:00,2026-08-08,iPhone 17 Pro,v18.2.0-b2,GS-LEO-12,GS-CA-B,FindMy_Ping,11.2,15.7,4313.0,0.9044,Degraded,-1,1
SES-118940,2026-08-15 04:29:18+00:00,2026-08-15,iPhone 17 Pro,v18.2.0-b2,GS-LEO-12,GS-FL-C,Messages_Satellite,17.27,48.2,4269.0,0.1409,Degraded,-1,1
SES-131591,2026-08-28 14:33:41+00:00,2026-08-28,iPhone 17 Pro,v18.2.0-b2,GS-LEO-12,GS-CA-B,FindMy_Ping,8.75,69.3,4158.0,0.0428,Degraded,-1,1
SES-198068,2026-08-18 01:01:41+00:00,2026-08-18,iPhone 17 Pro,v18.2.0-b2,GS-LEO-03,GS-FL-C,Emergency_SOS,20.39,68.7,3078.0,0.1132,Degraded,-1,1
SES-183041,2026-08-17 21:11:49+00:00,2026-08-17,iPhone 17 Pro,v18.2.0-b2,GS-LEO-12,GS-OR-D,Messages_Satellite,12.29,61.7,4133.0,0.2148,Degraded,-1,1
SES-172167,2026-08-13 06:28:29+00:00,2026-08-13,iPhone 17 Pro,v18.2.0-b2,GS-LEO-12,GS-CA-B,Messages_Satellite,14.75,18.0,4103.0,0.0116,Degraded,-1,1
SES-170678,2026-08-26 10:21:48+00:00,2026-08-26,iPhone 17 Pro,v18.2.0-b2,GS-LEO-12,GS-OR-D,Messages_Satellite,19.76,54.0,4089.0,0.1118,Degraded,-1,1
SES-185860,2026-08-27 16:10:13+00:00,2026-08-27,iPhone 17 Pro,v18.2.0-b2,GS-LEO-12,GS-TX-A,FindMy_Ping,18.23,18.3,4063.0,0.0607,Degraded,-1,1
SES-159999,2026-08-21 04:20:42+00:00,2026-08-21,iPhone 17 Pro,v18.2.0-b2,GS-LEO-12,GS-CA-B,Messages_Satellite,8.74,18.1,4058.0,0.0065,Degraded,-1,1
SES-191380,2026-08-22 00:22:00+00:00,2026-08-22,iPhone 17 Pro,v18.2.0-b2,GS-LEO-12,GS-OR-D,Emergency_SOS,20.48,51.3,3951.0,0.0266,Degraded,-1,1
SES-128136,2026-08-16 15:58:39+00:00,2026-08-16,iPhone 17 Pro,v18.2.0-b2,GS-LEO-12,GS-TX-A,Roadside_Assistance,8.6,77.5,3890.0,0.0451,Degraded,-1,1
SES-150528,2026-08-03 22:55:16+00:00,2026-08-03,iPhone 17 Pro,v18.2.0-b2,GS-LEO-12,GS-OR-D,Messages_Satellite,19.49,54.4,3775.0,0.0336,Degraded,-1,1
SES-120051,2026-08-16 13:40:56+00:00,2026-08-16,iPhone 17 Pro,v18.2.0-b2,GS-LEO-12,GS-TX-A,Messages_Satellite,10.13,22.1,3426.0,0.2416,Degraded,-1,1
SES-167237,2026-08-24 07:01:34+00:00,2026-08-24,iPhone 17 Pro,v18.2.0-b2,GS-LEO-12,GS-TX-A,Roadside_Assistance,1.51,58.9,3392.0,0.0059,Degraded,-1,1
SES-156974,2026-08-22 22:16:07+00:00,2026-08-22,iPhone 17 Pro,v18.2.0-b2,GS-LEO-12,GS-FL-C,Emergency_SOS,20.92,25.6,3205.0,0.0021,Degraded,-1,1
SES-164616,2026-08-05 00:36:28+00:00,2026-08-05,iPhone 17 Pro,v18.2.0-b2,GS-LEO-22,GS-CA-B,Messages_Satellite,11.28,58.6,960.0,0.7568,Degraded,-1,1
SES-111477,2026-08-30 11:03:46+00:00,2026-08-30,iPhone 17 Pro,v18.2.0-b2,GS-LEO-03,GS-OR-D,Roadside_Assistance,23.99,35.3,3507.0,0.0892,Degraded,-1,1
SES-178731,2026-08-24 14:16:51+00:00,2026-08-24,iPhone 17 Pro,v18.2.0-b2,GS-LEO-12,GS-CA-B,Messages_Satellite,19.76,27.6,2639.0,0.1823,Degraded,-1,1
SES-158689,2026-08-17 02:13:17+00:00,2026-08-17,iPhone 17 Pro,v18.2.1,GS-LEO-22,GS-CA-B,FindMy_Ping,7.13,33.9,971.0,0.6154,Degraded,-1,1
SES-143398,2026-08-20 01:45:36+00:00,2026-08-20,iPhone 17 Pro,v18.2.0-b2,GS-LEO-03,GS-TX-A,FindMy_Ping,20.82,64.1,3597.0,0.0071,Degraded,-1,1
SES-112816,2026-08-15 04:41:07+00:00,2026-08-15,iPhone 17 Pro,v18.2.0-b2,GS-LEO-12,GS-CA-B,Messages_Satellite,22.57,68.2,2363.0,0.0103,Acceptable,-1,1
SES-129762,2026-08-02 04:13:36+00:00,2026-08-02,iPhone 17 Pro,v18.2.0-b2,GS-LEO-03,GS-CA-B,Emergency_SOS,15.04,67.4,3646.0,0.6728,Degraded,-1,1
SES-157480,2026-08-27 01:59:28+00:00,2026-08-27,iPhone 17 Pro,v18.2.0-b2,GS-LEO-03,GS-CA-B,Messages_Satellite,10.0,19.7,3650.0,0.5661,Degraded,-1,1
SES-113346,2026-08-06 14:56:20+00:00,2026-08-06,iPhone 17 Pro,v18.1.0,GS-LEO-22,GS-CA-B,Emergency_SOS,4.65,73.4,980.0,0.4958,Degraded,-1,1
SES-177017,2026-08-16 04:01:32+00:00,2026-08-16,iPhone 17 Pro,v18.2.0-b2,GS-LEO-03,GS-CA-B,Messages_Satellite,19.93,62.7,3801.0,0.0504,Degraded,-1,1
SES-104516,2026-08-23 04:53:43+00:00,2026-08-23,iPhone 17 Pro,v18.2.0-b2,GS-LEO-03,GS-FL-C,Messages_Satellite,12.58,80.1,3840.0,0.0018,Degraded,-1,1
SES-117201,2026-08-17 13:45:33+00:00,2026-08-17,iPhone 17 Pro,v18.2.0-b2,GS-LEO-12,GS-CA-B,Messages_Satellite,9.08,58.6,1079.0,0.6411,Degraded,-1,1
SES-162615,2026-08-28 21:47:48+00:00,2026-08-28,iPhone 17 Pro,v18.2.0-b2,GS-LEO-03,GS-FL-C,FindMy_Ping,12.97,76.2,3869.0,0.0852,Degraded,-1,1
SES-115998,2026-08-08 07:33:31+00:00,2026-08-08,iPhone 17 Pro,v18.2.0-b2,GS-LEO-03,GS-CA-B,Messages_Satellite,12.78,75.6,3873.0,0.0938,Degraded,-1,1
SES-136923,2026-08-08 17:07:05+00:00,2026-08-08,iPhone 17 Pro,v18.2.0-b2,GS-LEO-03,GS-FL-C,Messages_Satellite,17.37,52.1,3916.0,0.2222,Degraded,-1,1
SES-101617,2026-08-22 06:01:31+00:00,2026-08-22,iPhone 17 Pro,v18.2.0-b2,GS-LEO-03,GS-FL-C,Messages_Satellite,20.37,44.8,3924.0,0.0212,Degraded,-1,1
SES-123432,2026-08-03 21:29:13+00:00,2026-08-03,iPhone 17 Pro,v18.2.0-b2,GS-LEO-03,GS-OR-D,Messages_Satellite,18.56,81.0,4004.0,0.0071,Degraded,-1,1
SES-116754,2026-08-23 22:28:24+00:00,2026-08-23,iPhone 17 Pro,v18.2.0-b2,GS-LEO-12,GS-CA-B,FindMy_Ping,7.8,50.8,1052.0,0.7606,Degraded,-1,1
SES-142817,2026-08-10 14:50:44+00:00,2026-08-10,iPhone 17 Pro,v18.2.1,GS-LEO-09,GS-CA-B,FindMy_Ping,8.23,73.1,1013.0,0.6295,Degraded,-1,1
SES-125892,2026-08-23 15:05:23+00:00,2026-08-23,iPhone 17 Pro,v18.2.1,GS-LEO-12,GS-CA-B,Roadside_Assistance,5.31,26.6,1037.0,0.8222,Degraded,-1,1
SES-155214,2026-08-22 13:32:56+00:00,2026-08-22,iPhone 17 Pro,v18.2.0-b2,GS-LEO-03,GS-FL-C,Messages_Satellite,18.06,43.1,4109.0,0.0345,Degraded,-1,1
SES-137228,2026-08-31 12:05:52+00:00,2026-08-31,iPhone 17 Pro,v18.1.0,GS-LEO-09,GS-CA-B,Roadside_Assistance,6.11,80.0,1015.0,0.6309,Degraded,-1,1
SES-156877,2026-08-26 11:04:43+00:00,2026-08-26,iPhone 17 Pro,v18.2.0-b2,GS-LEO-03,GS-OR-D,Emergency_SOS,15.46,46.3,4146.0,0.1546,Degraded,-1,1
SES-114987,2026-08-18 17:20:06+00:00,2026-08-18,iPhone 17 Pro,v18.2.0-b2,GS-LEO-03,GS-TX-A,Emergency_SOS,7.0,25.7,4169.0,0.159,Degraded,-1,1
SES-150634,2026-08-06 21:05:37+00:00,2026-08-06,iPhone 17 Pro,v18.1.0,GS-LEO-06,GS-CA-B,Roadside_Assistance,12.89,21.7,902.0,0.6393,Degraded,-1,1
SES-142482,2026-08-09 22:29:16+00:00,2026-08-09,iPhone 17 Pro,v18.1.0,GS-LEO-12,GS-CA-B,FindMy_Ping,4.69,69.6,1032.0,0.7181,Degraded,-1,1
SES-190928,2026-08-21 16:23:12+00:00,2026-08-21,iPhone 17 Pro,v18.2.1,GS-LEO-06,GS-CA-B,Roadside_Assistance,9.08,45.8,901.0,0.6703,Degraded,-1,1
SES-158314,2026-08-08 17:57:01+00:00,2026-08-08,iPhone 17 Pro,v18.2.0-b2,GS-LEO-03,GS-TX-A,Emergency_SOS,6.48,48.8,4200.0,0.0352,Degraded,-1,1
SES-118022,2026-08-06 22:15:14+00:00,2026-08-06,iPhone 17 Pro,v18.2.0-b2,GS-LEO-03,GS-OR-D,FindMy_Ping,7.72,61.7,4206.0,0.0724,Degraded,-1,1
SES-130800,2026-08-12 09:38:41+00:00,2026-08-12,iPhone 17 Pro,v18.2.0-b2,GS-LEO-03,GS-TX-A,Roadside_Assistance,7.17,62.7,4319.0,0.0157,Degraded,-1,1
SES-172638,2026-08-31 04:53:12+00:00,2026-08-31,iPhone 17 Pro,v18.2.0-b2,GS-LEO-03,GS-OR-D,Messages_Satellite,8.18,76.9,4357.0,0.07,Degraded,-1,1
SES-136535,2026-08-03 17:10:07+00:00,2026-08-03,iPhone 17 Pro,v18.2.0-b2,GS-LEO-03,GS-TX-A,Emergency_SOS,7.99,54.2,4500.0,0.0898,Degraded,-1,1
SES-166902,2026-08-23 06:54:17+00:00,2026-08-23,iPhone 17 Pro,v18.2.0-b2,GS-LEO-03,GS-TX-A,FindMy_Ping,4.0,57.0,4655.0,0.1346,Degraded,-1,1
SES-150939,2026-08-03 20:29:51+00:00,2026-08-03,iPhone 17 Pro,v18.2.0-b2,GS-LEO-12,GS-CA-B,Roadside_Assistance,5.97,65.4,1010.0,0.6684,Degraded,-1,1
SES-106782,2026-08-31 14:46:31+00:00,2026-08-31,iPhone 17 Pro,v18.2.1,GS-LEO-12,GS-CA-B,Messages_Satellite,6.85,18.1,1009.0,0.6839,Degraded,-1,1
SES-110314,2026-08-24 09:46:01+00:00,2026-08-24,iPhone 17 Pro,v18.2.0-b2,GS-LEO-22,GS-CA-B,Roadside_Assistance,10.17,57.3,1053.0,0.6088,Degraded,-1,1
SES-118437,2026-08-06 20:08:00+00:00,2026-08-06,iPhone 17 Pro,v18.2.1,GS-LEO-22,GS-CA-B,Messages_Satellite,5.61,79.0,1074.0,0.4653,Degraded,-1,1
SES-110542,2026-08-02 21:36:18+00:00,2026-08-02,iPhone 17 Pro,v18.2.1,GS-LEO-22,GS-CA-B,Messages_Satellite,6.37,44.4,1091.0,0.6296,Degraded,-1,1
SES-180544,2026-08-01 16:23:42+00:00,2026-08-01,iPhone 17 Pro,v18.2.1,GS-LEO-09,GS-CA-B,FindMy_Ping,10.39,59.0,1031.0,0.6675,Degraded,-1,1
SES-166099,2026-08-13 07:14:49+00:00,2026-08-13,iPhone 17 Pro,v18.2.0-b2,GS-LEO-12,GS-CA-B,Messages_Satellite,9.82,49.7,983.0,0.687,Degraded,-1,1
SES-176517,2026-08-11 07:43:41+00:00,2026-08-11,iPhone 17 Pro,v18.2.0-b2,GS-LEO-22,GS-CA-B,FindMy_Ping,2.49,52.5,1153.0,0.6926,Degraded,-1,1
SES-152302,2026-08-04 04:10:21+00:00,2026-08-04,iPhone 17 Pro,v18.2.0-b2,GS-LEO-22,GS-CA-B,Messages_Satellite,3.49,74.3,1166.0,0.5077,Degraded,-1,1
SES-129514,2026-08-19 16:38:23+00:00,2026-08-19,iPhone 17 Pro,v18.2.0-b2,GS-LEO-01,GS-CA-B,Emergency_SOS,12.28,33.6,910.0,0.6886,Degraded,-1,1
SES-180889,2026-08-09 01:36:48+00:00,2026-08-09,iPhone 17 Pro,v18.2.1,GS-LEO-04,GS-CA-B,Messages_Satellite,18.91,80.5,673.0,0.4428,Degraded,-1,1
SES-106144,2026-08-07 12:13:20+00:00,2026-08-07,iPhone 17 Pro,v18.2.0-b2,GS-LEO-22,GS-CA-B,Roadside_Assistance,13.69,70.5,2973.0,0.7263,Degraded,-1,1
SES-139036,2026-08-10 15:31:39+00:00,2026-08-10,iPhone 17 Pro,v18.2.0-b2,GS-LEO-22,GS-TX-A,FindMy_Ping,5.68,83.9,3369.0,0.1285,Degraded,-1,1
SES-169051,2026-08-11 20:43:21+00:00,2026-08-11,iPhone 17 Pro,v18.2.1,GS-LEO-12,GS-CA-B,Messages_Satellite,8.34,52.3,960.0,0.6777,Degraded,-1,1
SES-145710,2026-08-19 04:42:47+00:00,2026-08-19,iPhone 17 Pro,v18.2.0-b2,GS-LEO-22,GS-FL-C,Messages_Satellite,6.38,17.6,3514.0,0.121,Degraded,-1,1
SES-118065,2026-08-24 23:59:19+00:00,2026-08-24,iPhone 17 Pro,v18.2.0-b2,GS-LEO-22,GS-FL-C,Roadside_Assistance,16.06,83.1,3527.0,0.2555,Degraded,-1,1
SES-168213,2026-08-05 07:07:11+00:00,2026-08-05,iPhone 17 Pro,v18.2.0-b2,GS-LEO-22,GS-CA-B,FindMy_Ping,18.29,48.8,3637.0,0.128,Degraded,-1,1
SES-122035,2026-08-15 11:49:19+00:00,2026-08-15,iPhone 17 Pro,v18.2.0-b2,GS-LEO-22,GS-FL-C,Roadside_Assistance,3.67,21.7,3673.0,0.1445,Degraded,-1,1
SES-190119,2026-08-03 21:26:36+00:00,2026-08-03,iPhone 17 Pro,v18.2.0-b2,GS-LEO-22,GS-FL-C,Messages_Satellite,18.48,18.4,3816.0,0.0347,Degraded,-1,1
SES-188062,2026-08-03 22:36:42+00:00,2026-08-03,iPhone 17 Pro,v18.2.0-b2,GS-LEO-22,GS-TX-A,Messages_Satellite,18.94,53.5,3836.0,0.1356,Degraded,-1,1
SES-113551,2026-08-25 23:21:20+00:00,2026-08-25,iPhone 17 Pro,v18.2.0-b2,GS-LEO-22,GS-OR-D,Roadside_Assistance,17.86,67.8,3892.0,0.0367,Degraded,-1,1
SES-153901,2026-08-26 15:28:34+00:00,2026-08-26,iPhone 17 Pro,v18.2.0-b2,GS-LEO-22,GS-TX-A,Messages_Satellite,14.51,19.6,3903.0,0.1525,Degraded,-1,1
SES-157391,2026-08-11 05:06:12+00:00,2026-08-11,iPhone 17 Pro,v18.2.0-b2,GS-LEO-22,GS-FL-C,Messages_Satellite,14.82,71.5,3957.0,0.0363,Degraded,-1,1
SES-116178,2026-08-31 09:29:24+00:00,2026-08-31,iPhone 17 Pro,v18.2.0-b2,GS-LEO-22,GS-FL-C,Messages_Satellite,4.45,41.5,4003.0,0.0574,Degraded,-1,1
SES-115768,2026-08-10 04:46:45+00:00,2026-08-10,iPhone 17 Pro,v18.2.0-b2,GS-LEO-22,GS-OR-D,Messages_Satellite,18.46,72.6,4089.0,0.0778,Degraded,-1,1
SES-187580,2026-08-15 00:37:58+00:00,2026-08-15,iPhone 17 Pro,v18.2.0-b2,GS-LEO-22,GS-OR-D,Messages_Satellite,8.18,77.6,4092.0,0.0901,Degraded,-1,1
SES-128203,2026-08-11 02:46:37+00:00,2026-08-11,iPhone 17 Pro,v18.2.0-b2,GS-LEO-22,GS-CA-B,Roadside_Assistance,7.57,27.0,4124.0,0.1314,Degraded,-1,1
SES-191591,2026-08-27 23:12:01+00:00,2026-08-27,iPhone 17 Pro,v18.2.0-b2,GS-LEO-22,GS-FL-C,Messages_Satellite,20.17,36.3,4135.0,0.017,Degraded,-1,1
SES-183725,2026-08-10 08:31:33+00:00,2026-08-10,iPhone 17 Pro,v18.2.0-b2,GS-LEO-22,GS-TX-A,Messages_Satellite,12.28,79.4,4176.0,0.0132,Degraded,-1,1
SES-119110,2026-08-16 00:42:08+00:00,2026-08-16,iPhone 17 Pro,v18.2.0-b2,GS-LEO-04,GS-CA-B,FindMy_Ping,19.45,56.9,699.0,0.62,Degraded,-1,1
SES-120869,2026-08-07 08:27:29+00:00,2026-08-07,iPhone 17 Pro,v18.2.0-b2,GS-LEO-22,GS-TX-A,Emergency_SOS,12.06,24.3,4230.0,0.16,Degraded,-1,1
SES-154948,2026-08-23 06:02:31+00:00,2026-08-23,iPhone 17 Pro,v18.2.1,GS-LEO-12,GS-CA-B,Roadside_Assistance,13.16,36.3,949.0,0.6505,Degraded,-1,1
SES-161863,2026-08-21 22:07:13+00:00,2026-08-21,iPhone 17 Pro,v18.2.0-b2,GS-LEO-22,GS-OR-D,Messages_Satellite,7.36,32.3,4286.0,0.0826,Degraded,-1,1
SES-185426,2026-08-16 20:33:20+00:00,2026-08-16,iPhone 17 Pro,v18.2.0-b2,GS-LEO-22,GS-FL-C,Emergency_SOS,17.4,76.4,4287.0,0.0715,Degraded,-1,1
SES-174210,2026-08-10 15:31:47+00:00,2026-08-10,iPhone 17 Pro,v18.2.0-b2,GS-LEO-22,GS-OR-D,Messages_Satellite,11.4,64.0,4369.0,0.0063,Degraded,-1,1
SES-162966,2026-08-10 06:47:58+00:00,2026-08-10,iPhone 17 Pro,v18.2.0-b2,GS-LEO-22,GS-FL-C,FindMy_Ping,8.49,28.7,4454.0,0.0875,Degraded,-1,1
SES-136789,2026-08-05 09:09:13+00:00,2026-08-05,iPhone 17 Pro,v18.2.1,GS-LEO-12,GS-CA-B,Emergency_SOS,9.97,15.2,943.0,0.5892,Degraded,-1,1
SES-118476,2026-08-08 23:25:00+00:00,2026-08-08,iPhone 17 Pro,v18.2.0-b2,GS-LEO-04,GS-CA-B,FindMy_Ping,18.99,38.7,710.0,0.619,Degraded,-1,1
SES-121764,2026-08-01 23:53:50+00:00,2026-08-01,iPhone 17 Pro,v18.1.0,GS-LEO-12,GS-CA-B,Messages_Satellite,16.11,23.0,920.0,0.6515,Degraded,-1,1
SES-139895,2026-08-20 12:36:38+00:00,2026-08-20,iPhone 17 Pro,v18.1.0,GS-LEO-01,GS-CA-B,Messages_Satellite,14.67,79.7,895.0,0.6998,Degraded,-1,1
SES-143834,2026-08-26 02:21:24+00:00,2026-08-26,iPhone 17 Pro,v18.2.1,GS-LEO-12,GS-CA-B,Messages_Satellite,12.73,82.4,917.0,0.758,Degraded,-1,1
SES-124376,2026-08-31 22:03:37+00:00,2026-08-31,iPhone 17 Pro,v18.1.0,GS-LEO-06,GS-CA-B,Messages_Satellite,13.52,33.6,865.0,0.6777,Degraded,-1,1
SES-134744,2026-08-13 05:58:50+00:00,2026-08-13,iPhone 17 Pro,v18.1.0,GS-LEO-09,GS-CA-B,Emergency_SOS,4.65,55.4,1140.0,0.5022,Degraded,-1,1
SES-165356,2026-08-28 00:02:07+00:00,2026-08-28,iPhone 17 Pro,v18.1.0,GS-LEO-23,GS-CA-B,Emergency_SOS,17.19,33.6,786.0,0.6478,Degraded,-1,1
SES-166024,2026-08-21 08:46:32+00:00,2026-08-21,iPhone 17 Pro,v18.1.0,GS-LEO-23,GS-CA-B,Roadside_Assistance,18.1,19.6,790.0,0.552,Degraded,-1,1
SES-151163,2026-08-12 15:35:31+00:00,2026-08-12,iPhone 17 Pro,v18.2.1,GS-LEO-09,GS-CA-B,Emergency_SOS,1.64,49.8,1226.0,0.6402,Degraded,-1,1
SES-101167,2026-08-31 11:57:43+00:00,2026-08-31,iPhone 17 Pro,v18.2.1,GS-LEO-06,GS-CA-B,Roadside_Assistance,14.03,75.2,862.0,0.7335,Degraded,-1,1
SES-187150,2026-08-25 18:54:15+00:00,2026-08-25,iPhone 17 Pro,v18.1.0,GS-LEO-23,GS-CA-B,FindMy_Ping,16.88,34.4,801.0,0.6906,Degraded,-1,1
SES-104199,2026-08-16 05:09:13+00:00,2026-08-16,iPhone 17 Pro,v18.1.0,GS-LEO-04,GS-CA-B,Messages_Satellite,18.97,18.5,744.0,0.5443,Degraded,-1,1
SES-145317,2026-08-03 05:23:34+00:00,2026-08-03,iPhone 17 Pro,v18.2.0-b2,GS-LEO-09,GS-FL-C,FindMy_Ping,18.6,84.0,2880.0,0.0839,Degraded,-1,1
SES-139253,2026-08-19 22:20:12+00:00,2026-08-19,iPhone 17 Pro,v18.1.0,GS-LEO-23,GS-CA-B,Messages_Satellite,15.42,32.8,825.0,0.659,Degraded,-1,1
SES-184520,2026-08-11 19:14:20+00:00,2026-08-11,iPhone 17 Pro,v18.2.1,GS-LEO-23,GS-CA-B,Emergency_SOS,13.83,16.4,830.0,0.6584,Degraded,-1,1
SES-182889,2026-08-17 09:54:25+00:00,2026-08-17,iPhone 17 Pro,v18.2.1,GS-LEO-23,GS-CA-B,Emergency_SOS,10.33,44.2,831.0,0.6906,Degraded,-1,1
SES-106392,2026-08-17 23:22:18+00:00,2026-08-17,iPhone 17 Pro,v18.2.1,GS-LEO-12,GS-CA-B,Messages_Satellite,13.27,84.6,855.0,0.8076,Degraded,-1,1
SES-106436,2026-08-27 00:21:06+00:00,2026-08-27,iPhone 17 Pro,v18.2.0-b2,GS-LEO-09,GS-FL-C,Messages_Satellite,20.72,81.9,3281.0,0.0097,Degraded,-1,1
SES-164661,2026-08-21 21:53:10+00:00,2026-08-21,iPhone 17 Pro,v18.2.0-b2,GS-LEO-09,GS-FL-C,FindMy_Ping,8.65,53.3,3455.0,0.2339,Degraded,-1,1
SES-180669,2026-08-05 21:57:10+00:00,2026-08-05,iPhone 17 Pro,v18.2.0-b2,GS-LEO-09,GS-FL-C,FindMy_Ping,23.9,80.5,3474.0,0.0329,Degraded,-1,1
SES-182991,2026-08-02 07:24:53+00:00,2026-08-02,iPhone 17 Pro,v18.2.1,GS-LEO-23,GS-CA-B,Emergency_SOS,13.56,23.5,842.0,0.6123,Degraded,-1,1
SES-125336,2026-08-25 04:59:29+00:00,2026-08-25,iPhone 17 Pro,v18.2.0-b2,GS-LEO-09,GS-FL-C,Messages_Satellite,2.89,45.5,3542.0,0.0105,Degraded,-1,1
SES-167467,2026-08-31 08:09:37+00:00,2026-08-31,iPhone 17 Pro,v18.2.1,GS-LEO-12,GS-CA-B,FindMy_Ping,17.57,38.3,840.0,0.6802,Degraded,-1,1
SES-144403,2026-08-09 09:35:51+00:00,2026-08-09,iPhone 17 Pro,v18.2.0-b2,GS-LEO-04,GS-CA-B,Roadside_Assistance,9.77,41.3,973.0,0.7584,Degraded,-1,1
SES-191905,2026-08-05 19:18:51+00:00,2026-08-05,iPhone 17 Pro,v18.2.1,GS-LEO-04,GS-CA-B,Messages_Satellite,8.85,65.2,972.0,0.6248,Degraded,-1,1
SES-117277,2026-08-11 16:10:11+00:00,2026-08-11,iPhone 17 Pro,v18.2.0-b2,GS-LEO-04,GS-CA-B,FindMy_Ping,22.14,56.3,763.0,0.5259,Degraded,-1,1
SES-103209,2026-08-18 09:21:35+00:00,2026-08-18,iPhone 17 Pro,v18.1.0,GS-LEO-12,GS-CA-B,Messages_Satellite,13.58,43.5,830.0,0.6596,Degraded,-1,1
SES-192609,2026-08-15 03:35:34+00:00,2026-08-15,iPhone 17 Pro,v18.2.0-b2,GS-LEO-09,GS-CA-B,Messages_Satellite,10.18,16.4,3848.0,0.3922,Degraded,-1,1
SES-112582,2026-08-14 12:17:23+00:00,2026-08-14,iPhone 17 Pro,v18.2.0-b2,GS-LEO-09,GS-CA-B,Emergency_SOS,17.28,56.6,3849.0,0.4458,Degraded,-1,1
SES-135388,2026-08-12 09:48:30+00:00,2026-08-12,iPhone 17 Pro,v18.2.0-b2,GS-LEO-09,GS-OR-D,FindMy_Ping,8.4,76.0,3970.0,0.1824,Degraded,-1,1
SES-122598,2026-08-23 00:50:08+00:00,2026-08-23,iPhone 17 Pro,v18.2.0-b2,GS-LEO-09,GS-OR-D,Emergency_SOS,17.96,80.9,4078.0,0.056,Degraded,-1,1
SES-162048,2026-08-26 06:22:50+00:00,2026-08-26,iPhone 17 Pro,v18.2.0-b2,GS-LEO-09,GS-FL-C,Emergency_SOS,11.85,84.9,4085.0,0.03,Degraded,-1,1
SES-173758,2026-08-02 02:46:05+00:00,2026-08-02,iPhone 17 Pro,v18.2.0-b2,GS-LEO-09,GS-OR-D,Messages_Satellite,8.48,71.8,4206.0,0.0062,Degraded,-1,1
SES-126839,2026-08-04 12:31:05+00:00,2026-08-04,iPhone 17 Pro,v18.2.0-b2,GS-LEO-09,GS-CA-B,Messages_Satellite,11.7,66.2,4253.0,0.655,Degraded,-1,1
SES-192857,2026-08-07 14:57:27+00:00,2026-08-07,iPhone 17 Pro,v18.2.0-b2,GS-LEO-09,GS-CA-B,Emergency_SOS,5.76,53.8,4294.0,0.4971,Degraded,-1,1
SES-116124,2026-08-07 08:13:05+00:00,2026-08-07,iPhone 17 Pro,v18.2.0-b2,GS-LEO-09,GS-TX-A,Messages_Satellite,9.58,80.4,4352.0,0.0816,Degraded,-1,1
SES-188549,2026-08-26 17:34:26+00:00,2026-08-26,iPhone 17 Pro,v18.2.0-b2,GS-LEO-09,GS-OR-D,FindMy_Ping,13.31,69.2,4358.0,0.0865,Degraded,-1,1
SES-166844,2026-08-24 01:30:07+00:00,2026-08-24,iPhone 17 Pro,v18.2.0-b2,GS-LEO-09,GS-FL-C,FindMy_Ping,11.86,59.9,4362.0,0.1546,Degraded,-1,1
SES-193916,2026-08-06 08:38:36+00:00,2026-08-06,iPhone 17 Pro,v18.2.0-b2,GS-LEO-09,GS-FL-C,Emergency_SOS,13.34,79.8,4469.0,0.035,Degraded,-1,1
SES-177254,2026-08-04 05:16:31+00:00,2026-08-04,iPhone 17 Pro,v18.2.0-b2,GS-LEO-04,GS-CA-B,Roadside_Assistance,8.54,48.3,968.0,0.6931,Degraded,-1,1
SES-104255,2026-08-24 19:05:58+00:00,2026-08-24,iPhone 17 Pro,v18.2.1,GS-LEO-06,GS-CA-B,Roadside_Assistance,16.2,63.8,820.0,0.6794,Degraded,-1,1
SES-139212,2026-08-13 23:27:35+00:00,2026-08-13,iPhone 17 Pro,v18.2.1,GS-LEO-12,GS-CA-B,Messages_Satellite,15.71,16.8,702.0,0.582,Degraded,-1,1
SES-159637,2026-08-22 07:35:37+00:00,2026-08-22,iPhone 17 Pro,v18.2.0-b2,GS-LEO-11,GS-FL-C,FindMy_Ping,4.91,52.5,4456.0,0.0985,Degraded,-1,1
SES-143627,2026-08-27 21:40:16+00:00,2026-08-27,iPhone 17 Pro,v18.2.0-b2,GS-LEO-11,GS-CA-B,Messages_Satellite,3.56,61.3,4407.0,0.6138,Degraded,-1,1
SES-164790,2026-08-01 17:53:51+00:00,2026-08-01,iPhone 17 Pro,v18.2.0-b2,GS-LEO-11,GS-FL-C,Roadside_Assistance,8.89,67.0,4291.0,0.1696,Degraded,-1,1
SES-148494,2026-08-24 17:13:03+00:00,2026-08-24,iPhone 17 Pro,v18.2.0-b2,GS-LEO-11,GS-TX-A,Messages_Satellite,14.29,18.4,4287.0,0.0186,Degraded,-1,1
SES-100559,2026-08-21 17:11:20+00:00,2026-08-21,iPhone 17 Pro,v18.2.0-b2,GS-LEO-11,GS-FL-C,Messages_Satellite,13.77,78.6,4260.0,0.1526,Degraded,-1,1
SES-128075,2026-08-03 05:51:01+00:00,2026-08-03,iPhone 17 Pro,v18.2.0-b2,GS-LEO-11,GS-CA-B,FindMy_Ping,13.6,58.8,4232.0,0.1572,Degraded,-1,1
SES-103773,2026-08-06 01:17:49+00:00,2026-08-06,iPhone 17 Pro,v18.2.0-b2,GS-LEO-11,GS-TX-A,Roadside_Assistance,5.52,73.2,4232.0,0.0119,Degraded,-1,1
SES-155998,2026-08-21 04:22:33+00:00,2026-08-21,iPhone 17 Pro,v18.2.0-b2,GS-LEO-11,GS-TX-A,FindMy_Ping,17.24,60.4,4216.0,0.1624,Degraded,-1,1
SES-163529,2026-08-06 03:32:26+00:00,2026-08-06,iPhone 17 Pro,v18.2.0-b2,GS-LEO-11,GS-CA-B,FindMy_Ping,13.89,26.0,4210.0,0.6707,Degraded,-1,1
SES-111362,2026-08-12 00:50:27+00:00,2026-08-12,iPhone 17 Pro,v18.2.0-b2,GS-LEO-11,GS-FL-C,FindMy_Ping,17.68,60.1,4151.0,0.0144,Degraded,-1,1
SES-117160,2026-08-17 22:02:50+00:00,2026-08-17,iPhone 17 Pro,v18.2.0-b2,GS-LEO-11,GS-CA-B,Messages_Satellite,8.56,45.1,4084.0,0.651,Degraded,-1,1
SES-159745,2026-08-11 10:58:25+00:00,2026-08-11,iPhone 17 Pro,v18.2.0-b2,GS-LEO-11,GS-TX-A,Messages_Satellite,12.12,25.7,4069.0,0.1799,Degraded,-1,1
SES-155997,2026-08-22 04:50:03+00:00,2026-08-22,iPhone 17 Pro,v18.2.0-b2,GS-LEO-11,GS-CA-B,Messages_Satellite,3.27,52.7,4056.0,0.1032,Degraded,-1,1
SES-121390,2026-08-17 19:49:53+00:00,2026-08-17,iPhone 17 Pro,v18.2.0-b2,GS-LEO-11,GS-OR-D,Messages_Satellite,15.86,15.3,4047.0,0.033,Degraded,-1,1
SES-166144,2026-08-29 18:46:02+00:00,2026-08-29,iPhone 17 Pro,v18.2.0-b2,GS-LEO-11,GS-TX-A,Messages_Satellite,13.89,66.0,4040.0,0.1043,Degraded,-1,1
SES-106298,2026-08-31 12:24:48+00:00,2026-08-31,iPhone 17 Pro,v18.2.0-b2,GS-LEO-11,GS-CA-B,Messages_Satellite,6.89,60.2,4033.0,0.1314,Degraded,-1,1
SES-181827,2026-08-12 05:48:05+00:00,2026-08-12,iPhone 17 Pro,v18.2.0-b2,GS-LEO-11,GS-FL-C,Emergency_SOS,10.03,77.6,4004.0,0.0976,Degraded,-1,1
SES-126206,2026-08-17 08:53:07+00:00,2026-08-17,iPhone 17 Pro,v18.2.0-b2,GS-LEO-11,GS-CA-B,Messages_Satellite,17.31,51.8,3975.0,0.4671,Degraded,-1,1
SES-118431,2026-08-05 16:50:44+00:00,2026-08-05,iPhone 17 Pro,v18.2.0-b2,GS-LEO-11,GS-FL-C,Emergency_SOS,12.36,79.3,3903.0,0.0213,Degraded,-1,1
SES-105522,2026-08-01 00:06:27+00:00,2026-08-01,iPhone 17 Pro,v18.2.0-b2,GS-LEO-11,GS-CA-B,Roadside_Assistance,14.78,46.0,3841.0,0.2334,Degraded,-1,1
SES-160650,2026-08-25 12:22:53+00:00,2026-08-25,iPhone 17 Pro,v18.2.0-b2,GS-LEO-01,GS-CA-B,Messages_Satellite,11.86,21.6,849.0,0.6244,Degraded,-1,1
SES-129659,2026-08-21 18:37:17+00:00,2026-08-21,iPhone 17 Pro,v18.2.0-b2,GS-LEO-11,GS-TX-A,Messages_Satellite,13.97,84.3,3760.0,0.0889,Degraded,-1,1
SES-140023,2026-08-16 11:54:10+00:00,2026-08-16,iPhone 17 Pro,v18.2.0-b2,GS-LEO-10,GS-CA-B,FindMy_Ping,17.07,37.6,736.0,0.783,Degraded,-1,1
SES-112724,2026-08-02 10:55:36+00:00,2026-08-02,iPhone 17 Pro,v18.2.0-b2,GS-LEO-11,GS-CA-B,Messages_Satellite,20.93,55.4,3556.0,0.0513,Degraded,-1,1
SES-188229,2026-08-29 12:26:00+00:00,2026-08-29,iPhone 17 Pro,v18.2.0-b2,GS-LEO-11,GS-CA-B,Roadside_Assistance,16.36,50.7,3410.0,0.5675,Degraded,-1,1
SES-190359,2026-08-31 11:46:54+00:00,2026-08-31,iPhone 17 Pro,v18.2.0-b2,GS-LEO-11,GS-OR-D,FindMy_Ping,4.98,23.4,3394.0,0.175,Degraded,-1,1
SES-155159,2026-08-16 04:45:34+00:00,2026-08-16,iPhone 17 Pro,v18.2.0-b2,GS-LEO-11,GS-CA-B,FindMy_Ping,19.15,77.6,3321.0,0.4374,Degraded,-1,1
SES-133715,2026-08-18 06:12:04+00:00,2026-08-18,iPhone 17 Pro,v18.2.1,GS-LEO-01,GS-CA-B,Emergency_SOS,13.54,18.4,847.0,0.8223,Degraded,-1,1
SES-100350,2026-08-15 12:48:05+00:00,2026-08-15,iPhone 17 Pro,v18.2.1,GS-LEO-23,GS-CA-B,FindMy_Ping,10.7,47.0,955.0,0.7554,Degraded,-1,1
SES-177075,2026-08-13 07:56:04+00:00,2026-08-13,iPhone 17 Pro,v18.2.0-b2,GS-LEO-11,GS-CA-B,Roadside_Assistance,2.33,59.0,1108.0,0.42,Degraded,-1,1
SES-174803,2026-08-30 11:20:03+00:00,2026-08-30,iPhone 17 Pro,v18.1.0,GS-LEO-11,GS-CA-B,Emergency_SOS,2.95,29.0,1100.0,0.7457,Degraded,-1,1
SES-167333,2026-08-03 01:15:27+00:00,2026-08-03,iPhone 17 Pro,v18.2.0-b2,GS-LEO-23,GS-CA-B,Emergency_SOS,6.99,25.9,1007.0,0.7102,Degraded,-1,1
SES-194575,2026-08-18 12:38:00+00:00,2026-08-18,iPhone 17 Pro,v18.2.1,GS-LEO-06,GS-CA-B,Messages_Satellite,11.82,22.7,789.0,0.6568,Degraded,-1,1
SES-143873,2026-08-09 03:14:37+00:00,2026-08-09,iPhone 17 Pro,v18.1.0,GS-LEO-11,GS-CA-B,Messages_Satellite,9.59,57.2,995.0,0.727,Degraded,-1,1
SES-102514,2026-08-29 19:59:42+00:00,2026-08-29,iPhone 17 Pro,v18.2.1,GS-LEO-23,GS-CA-B,Messages_Satellite,6.79,27.0,1043.0,0.636,Degraded,-1,1
SES-118494,2026-08-23 08:56:06+00:00,2026-08-23,iPhone 17 Pro,v18.1.0,GS-LEO-11,GS-CA-B,Messages_Satellite,9.95,79.0,973.0,0.6449,Degraded,-1,1
SES-151910,2026-08-23 03:47:17+00:00,2026-08-23,iPhone 17 Pro,v18.2.1,GS-LEO-11,GS-CA-B,FindMy_Ping,7.28,82.5,970.0,0.6884,Degraded,-1,1
SES-101225,2026-08-31 20:17:57+00:00,2026-08-31,iPhone 17 Pro,v18.2.1,GS-LEO-23,GS-CA-B,Messages_Satellite,2.74,77.0,1145.0,0.2773,Degraded,-1,1
SES-120233,2026-08-16 12:10:08+00:00,2026-08-16,iPhone 17 Pro,v18.2.0-b2,GS-LEO-23,GS-CA-B,FindMy_Ping,9.96,68.0,2517.0,0.4944,Degraded,-1,1
SES-156620,2026-08-25 03:45:43+00:00,2026-08-25,iPhone 17 Pro,v18.1.0,GS-LEO-10,GS-CA-B,Roadside_Assistance,16.0,27.9,791.0,0.6909,Degraded,-1,1
SES-166260,2026-08-09 19:33:28+00:00,2026-08-09,iPhone 17 Pro,v18.2.0-b2,GS-LEO-23,GS-OR-D,Messages_Satellite,21.07,23.2,3012.0,0.0807,Degraded,-1,1
SES-115459,2026-08-16 13:00:26+00:00,2026-08-16,iPhone 17 Pro,v18.2.0-b2,GS-LEO-23,GS-FL-C,Roadside_Assistance,18.83,82.4,3371.0,0.0868,Degraded,-1,1
SES-162602,2026-08-11 15:21:24+00:00,2026-08-11,iPhone 17 Pro,v18.2.0-b2,GS-LEO-23,GS-TX-A,Roadside_Assistance,10.45,75.5,3777.0,0.1448,Degraded,-1,1
SES-107735,2026-08-06 05:36:58+00:00,2026-08-06,iPhone 17 Pro,v18.2.0-b2,GS-LEO-23,GS-FL-C,FindMy_Ping,20.0,52.1,3826.0,0.011,Degraded,-1,1
SES-168308,2026-08-29 09:21:59+00:00,2026-08-29,iPhone 17 Pro,v18.2.0-b2,GS-LEO-23,GS-OR-D,Messages_Satellite,11.43,66.1,3855.0,0.253,Degraded,-1,1
SES-161777,2026-08-06 12:59:42+00:00,2026-08-06,iPhone 17 Pro,v18.2.0-b2,GS-LEO-23,GS-CA-B,Messages_Satellite,6.39,32.4,3860.0,0.4663,Degraded,-1,1
SES-128360,2026-08-30 22:36:08+00:00,2026-08-30,iPhone 17 Pro,v18.2.0-b2,GS-LEO-23,GS-TX-A,Messages_Satellite,17.82,38.4,3873.0,0.181,Degraded,-1,1
SES-101098,2026-08-15 05:47:53+00:00,2026-08-15,iPhone 17 Pro,v18.2.0-b2,GS-LEO-23,GS-FL-C,Roadside_Assistance,14.86,17.2,3890.0,0.1744,Degraded,-1,1
SES-165411,2026-08-06 18:17:49+00:00,2026-08-06,iPhone 17 Pro,v18.2.0-b2,GS-LEO-23,GS-OR-D,Messages_Satellite,19.41,67.2,3959.0,0.0652,Degraded,-1,1
SES-191617,2026-08-20 09:40:46+00:00,2026-08-20,iPhone 17 Pro,v18.2.0-b2,GS-LEO-23,GS-OR-D,Messages_Satellite,12.65,41.7,3968.0,0.1892,Degraded,-1,1
SES-131537,2026-08-10 08:10:07+00:00,2026-08-10,iPhone 17 Pro,v18.2.0-b2,GS-LEO-23,GS-TX-A,Emergency_SOS,12.94,59.9,3986.0,0.184,Degraded,-1,1
SES-149869,2026-08-30 15:24:06+00:00,2026-08-30,iPhone 17 Pro,v18.2.0-b2,GS-LEO-23,GS-OR-D,Emergency_SOS,12.4,73.8,4003.0,0.0069,Degraded,-1,1
SES-142258,2026-08-27 21:28:08+00:00,2026-08-27,iPhone 17 Pro,v18.2.0-b2,GS-LEO-23,GS-TX-A,Roadside_Assistance,7.53,61.3,4005.0,0.0056,Degraded,-1,1
SES-131578,2026-08-22 00:13:40+00:00,2026-08-22,iPhone 17 Pro,v18.2.0-b2,GS-LEO-23,GS-OR-D,FindMy_Ping,10.03,72.6,4121.0,0.0069,Degraded,-1,1
SES-130945,2026-08-10 12:56:07+00:00,2026-08-10,iPhone 17 Pro,v18.2.0-b2,GS-LEO-23,GS-FL-C,FindMy_Ping,8.65,75.7,4185.0,0.0588,Degraded,-1,1
SES-160900,2026-08-10 12:32:36+00:00,2026-08-10,iPhone 17 Pro,v18.2.0-b2,GS-LEO-23,GS-FL-C,Messages_Satellite,9.22,69.1,4245.0,0.0962,Degraded,-1,1
SES-147503,2026-08-30 22:44:06+00:00,2026-08-30,iPhone 17 Pro,v18.2.0-b2,GS-LEO-23,GS-OR-D,FindMy_Ping,10.01,79.7,4257.0,0.1042,Degraded,-1,1
SES-143915,2026-08-12 05:36:31+00:00,2026-08-12,iPhone 17 Pro,v18.2.0-b2,GS-LEO-23,GS-TX-A,Messages_Satellite,14.96,83.2,4268.0,0.0328,Degraded,-1,1
SES-172999,2026-08-01 14:47:11+00:00,2026-08-01,iPhone 17 Pro,v18.2.0-b2,GS-LEO-23,GS-FL-C,Messages_Satellite,10.74,67.9,4270.0,0.0857,Degraded,-1,1
SES-149213,2026-08-24 07:39:28+00:00,2026-08-24,iPhone 17 Pro,v18.2.0-b2,GS-LEO-23,GS-CA-B,Emergency_SOS,7.52,51.9,4279.0,0.0059,Degraded,-1,1
SES-186635,2026-08-25 11:34:06+00:00,2026-08-25,iPhone 17 Pro,v18.2.0-b2,GS-LEO-23,GS-CA-B,Messages_Satellite,12.7,28.1,4365.0,0.6146,Degraded,-1,1
SES-184285,2026-08-16 08:05:35+00:00,2026-08-16,iPhone 17 Pro,v18.2.0-b2,GS-LEO-23,GS-CA-B,FindMy_Ping,9.31,18.3,4433.0,0.0959,Degraded,-1,1
SES-186506,2026-08-01 12:07:20+00:00,2026-08-01,iPhone 17 Pro,v18.2.1,GS-LEO-24,GS-CA-B,Roadside_Assistance,19.14,80.5,679.0,0.6739,Degraded,-1,1
SES-177505,2026-08-28 00:09:19+00:00,2026-08-28,iPhone 17 Pro,v18.2.0-b2,GS-LEO-10,GS-CA-B,Messages_Satellite,16.32,82.5,805.0,0.7075,Degraded,-1,1
SES-116161,2026-08-12 19:04:12+00:00,2026-08-12,iPhone 17 Pro,v18.2.1,GS-LEO-01,GS-CA-B,Roadside_Assistance,16.08,26.3,814.0,0.6635,Degraded,-1,1
SES-193532,2026-08-28 02:44:40+00:00,2026-08-28,iPhone 17 Pro,v18.1.0,GS-LEO-24,GS-CA-B,Messages_Satellite,18.52,18.5,695.0,0.5379,Degraded,-1,1
SES-135089,2026-08-13 12:00:49+00:00,2026-08-13,iPhone 17 Pro,v18.1.0,GS-LEO-24,GS-CA-B,Messages_Satellite,15.76,30.9,696.0,0.5994,Degraded,-1,1
SES-168565,2026-08-31 06:22:29+00:00,2026-08-31,iPhone 17 Pro,v18.1.0,GS-LEO-01,GS-CA-B,Roadside_Assistance,17.97,62.0,812.0,0.6004,Degraded,-1,1
SES-117086,2026-08-20 03:46:33+00:00,2026-08-20,iPhone 17 Pro,v18.1.0,GS-LEO-11,GS-CA-B,Emergency_SOS,13.06,31.1,901.0,0.6761,Degraded,-1,1
SES-167692,2026-08-07 10:23:16+00:00,2026-08-07,iPhone 17 Pro,v18.1.0,GS-LEO-06,GS-CA-B,Roadside_Assistance,12.85,27.6,729.0,0.6462,Degraded,-1,1
SES-101437,2026-08-05 10:54:19+00:00,2026-08-05,iPhone 17 Pro,v18.2.0-b2,GS-LEO-24,GS-CA-B,Emergency_SOS,15.26,76.4,766.0,0.7291,Degraded,-1,1
SES-127202,2026-08-30 08:50:48+00:00,2026-08-30,iPhone 17 Pro,v18.1.0,GS-LEO-24,GS-CA-B,FindMy_Ping,15.74,25.2,783.0,0.6628,Degraded,-1,1
SES-152283,2026-08-26 22:17:11+00:00,2026-08-26,iPhone 17 Pro,v18.2.0-b2,GS-LEO-10,GS-CA-B,Messages_Satellite,15.54,21.2,824.0,0.6723,Degraded,-1,1
SES-170810,2026-08-25 21:48:50+00:00,2026-08-25,iPhone 17 Pro,v18.2.0-b2,GS-LEO-24,GS-CA-B,Messages_Satellite,16.14,20.3,789.0,0.596,Degraded,-1,1
SES-196521,2026-08-09 10:24:24+00:00,2026-08-09,iPhone 17 Pro,v18.2.1,GS-LEO-11,GS-CA-B,Messages_Satellite,12.56,42.6,867.0,0.6961,Degraded,-1,1
SES-198540,2026-08-12 18:41:32+00:00,2026-08-12,iPhone 17 Pro,v18.1.0,GS-LEO-11,GS-CA-B,Roadside_Assistance,14.4,20.1,864.0,0.7516,Degraded,-1,1
SES-142333,2026-08-04 12:53:08+00:00,2026-08-04,iPhone 17 Pro,v18.1.0,GS-LEO-24,GS-CA-B,Emergency_SOS,16.44,15.3,804.0,0.4739,Degraded,-1,1
SES-137483,2026-08-24 20:52:52+00:00,2026-08-24,iPhone 17 Pro,v18.2.1,GS-LEO-04,GS-CA-B,Roadside_Assistance,8.03,22.6,943.0,0.5186,Degraded,-1,1
SES-191819,2026-08-03 20:16:52+00:00,2026-08-03,iPhone 17 Pro,v18.1.0,GS-LEO-10,GS-CA-B,Roadside_Assistance,13.67,81.0,832.0,0.66,Degraded,-1,1
SES-114640,2026-08-06 09:52:19+00:00,2026-08-06,iPhone 17 Pro,v18.1.0,GS-LEO-06,GS-CA-B,Messages_Satellite,19.61,17.7,625.0,0.5391,Degraded,-1,1
SES-171292,2026-08-05 09:09:35+00:00,2026-08-05,iPhone 17 Pro,v18.2.1,GS-LEO-06,GS-FL-C,Emergency_SOS,23.9,84.4,520.0,0.0758,Optimal,-1,1
SES-136572,2026-08-02 21:03:45+00:00,2026-08-02,iPhone 17 Pro,v18.2.0-b2,GS-LEO-05,GS-OR-D,Messages_Satellite,8.56,27.7,4481.0,0.1282,Degraded,-1,1
SES-182681,2026-08-03 21:47:03+00:00,2026-08-03,iPhone 17 Pro,v18.2.0-b2,GS-LEO-05,GS-CA-B,Messages_Satellite,9.87,65.6,4351.0,0.3912,Degraded,-1,1
SES-124424,2026-08-08 00:17:17+00:00,2026-08-08,iPhone 17 Pro,v18.2.0-b2,GS-LEO-05,GS-TX-A,Roadside_Assistance,9.4,16.1,4317.0,0.0822,Degraded,-1,1
SES-160113,2026-08-28 11:16:28+00:00,2026-08-28,iPhone 17 Pro,v18.2.0-b2,GS-LEO-05,GS-CA-B,FindMy_Ping,12.01,30.8,4259.0,0.1694,Degraded,-1,1
SES-108253,2026-08-18 20:17:04+00:00,2026-08-18,iPhone 17 Pro,v18.2.0-b2,GS-LEO-05,GS-OR-D,Messages_Satellite,9.81,65.4,4220.0,0.1135,Degraded,-1,1
SES-167914,2026-08-07 02:32:59+00:00,2026-08-07,iPhone 17 Pro,v18.2.0-b2,GS-LEO-05,GS-OR-D,Messages_Satellite,6.93,31.3,4176.0,0.0228,Degraded,-1,1
SES-141839,2026-08-11 04:19:26+00:00,2026-08-11,iPhone 17 Pro,v18.2.0-b2,GS-LEO-05,GS-TX-A,Messages_Satellite,16.36,15.7,4101.0,0.073,Degraded,-1,1
SES-121720,2026-08-18 10:28:05+00:00,2026-08-18,iPhone 17 Pro,v18.2.0-b2,GS-LEO-05,GS-FL-C,Emergency_SOS,16.6,69.0,4065.0,0.0628,Degraded,-1,1
SES-134558,2026-08-26 21:00:20+00:00,2026-08-26,iPhone 17 Pro,v18.2.0-b2,GS-LEO-05,GS-OR-D,Messages_Satellite,7.86,25.4,3989.0,0.0032,Degraded,-1,1
SES-117757,2026-08-09 14:53:15+00:00,2026-08-09,iPhone 17 Pro,v18.2.0-b2,GS-LEO-05,GS-OR-D,FindMy_Ping,17.97,70.9,3986.0,0.0609,Degraded,-1,1
SES-149301,2026-08-19 16:26:58+00:00,2026-08-19,iPhone 17 Pro,v18.2.0-b2,GS-LEO-05,GS-TX-A,Messages_Satellite,11.7,84.5,3906.0,0.136,Degraded,-1,1
SES-180047,2026-08-28 06:10:02+00:00,2026-08-28,iPhone 17 Pro,v18.2.0-b2,GS-LEO-05,GS-CA-B,Roadside_Assistance,7.13,79.5,3866.0,0.2136,Degraded,-1,1
SES-141673,2026-08-11 03:06:59+00:00,2026-08-11,iPhone 17 Pro,v18.2.0-b2,GS-LEO-05,GS-FL-C,Messages_Satellite,5.65,84.3,3856.0,0.0607,Degraded,-1,1
SES-100361,2026-08-11 05:24:04+00:00,2026-08-11,iPhone 17 Pro,v18.2.0-b2,GS-LEO-24,GS-CA-B,Messages_Satellite,13.88,15.6,861.0,0.6065,Degraded,-1,1
SES-122603,2026-08-24 00:54:36+00:00,2026-08-24,iPhone 17 Pro,v18.2.0-b2,GS-LEO-05,GS-CA-B,Messages_Satellite,7.94,78.2,3851.0,0.599,Degraded,-1,1
SES-148411,2026-08-30 06:10:05+00:00,2026-08-30,iPhone 17 Pro,v18.2.0-b2,GS-LEO-05,GS-CA-B,Messages_Satellite,19.92,47.1,3777.0,0.2131,Degraded,-1,1
SES-130735,2026-08-21 22:36:16+00:00,2026-08-21,iPhone 17 Pro,v18.2.0-b2,GS-LEO-05,GS-OR-D,Messages_Satellite,20.51,53.1,3731.0,0.0739,Degraded,-1,1
SES-170632,2026-08-31 06:26:58+00:00,2026-08-31,iPhone 17 Pro,v18.2.0-b2,GS-LEO-05,GS-CA-B,FindMy_Ping,14.69,53.9,3719.0,0.2143,Degraded,-1,1
SES-190788,2026-08-31 08:00:22+00:00,2026-08-31,iPhone 17 Pro,v18.1.0,GS-LEO-11,GS-CA-B,Roadside_Assistance,16.54,73.3,789.0,0.6612,Degraded,-1,1
SES-169672,2026-08-30 05:45:11+00:00,2026-08-30,iPhone 17 Pro,v18.2.0-b2,GS-LEO-05,GS-CA-B,Emergency_SOS,20.93,67.0,3686.0,0.05,Degraded,-1,1
SES-141132,2026-08-18 08:19:55+00:00,2026-08-18,iPhone 17 Pro,v18.1.0,GS-LEO-11,GS-CA-B,Emergency_SOS,13.98,15.9,786.0,0.6461,Degraded,-1,1
SES-180823,2026-08-09 20:25:32+00:00,2026-08-09,iPhone 17 Pro,v18.2.0-b2,GS-LEO-05,GS-OR-D,Messages_Satellite,13.81,83.2,3607.0,0.0132,Degraded,-1,1
SES-175986,2026-08-06 23:00:41+00:00,2026-08-06,iPhone 17 Pro,v18.2.0-b2,GS-LEO-05,GS-CA-B,Emergency_SOS,12.98,38.3,3560.0,0.6603,Degraded,-1,1
SES-109368,2026-08-19 15:17:57+00:00,2026-08-19,iPhone 17 Pro,v18.2.0-b2,GS-LEO-05,GS-CA-B,Emergency_SOS,13.89,31.6,3267.0,0.513,Degraded,-1,1
SES-199502,2026-08-29 01:26:06+00:00,2026-08-29,iPhone 17 Pro,v18.1.0,GS-LEO-11,GS-CA-B,Messages_Satellite,21.68,72.1,727.0,0.4675,Degraded,-1,1
SES-157348,2026-08-09 01:22:06+00:00,2026-08-09,iPhone 17 Pro,v18.2.0-b2,GS-LEO-24,GS-CA-B,FindMy_Ping,9.25,25.5,895.0,0.6944,Degraded,-1,1
SES-178598,2026-08-04 20:26:02+00:00,2026-08-04,iPhone 17 Pro,v18.2.0-b2,GS-LEO-05,GS-TX-A,Emergency_SOS,23.52,83.5,2628.0,0.1001,Degraded,-1,1
SES-151461,2026-08-22 19:23:56+00:00,2026-08-22,iPhone 17 Pro,v18.1.0,GS-LEO-11,GS-CA-B,FindMy_Ping,14.97,24.9,699.0,0.8231,Degraded,-1,1
SES-150023,2026-08-05 04:50:10+00:00,2026-08-05,iPhone 17 Pro,v18.2.0-b2,GS-LEO-24,GS-CA-B,Emergency_SOS,12.75,20.9,905.0,0.6473,Degraded,-1,1
SES-168795,2026-08-05 16:59:08+00:00,2026-08-05,iPhone 17 Pro,v18.1.0,GS-LEO-11,GS-CA-B,FindMy_Ping,23.65,84.9,565.0,0.0972,Optimal,-1,1
SES-169786,2026-08-07 12:57:55+00:00,2026-08-07,iPhone 17 Pro,v18.2.0-b2,GS-LEO-10,GS-TX-A,Messages_Satellite,12.16,52.1,4354.0,0.1383,Degraded,-1,1
SES-181112,2026-08-03 18:08:33+00:00,2026-08-03,iPhone 17 Pro,v18.2.0-b2,GS-LEO-10,GS-CA-B,Emergency_SOS,7.96,20.5,4349.0,0.4341,Degraded,-1,1
SES-107625,2026-08-30 01:45:32+00:00,2026-08-30,iPhone 17 Pro,v18.2.0-b2,GS-LEO-10,GS-CA-B,FindMy_Ping,7.29,25.3,4335.0,0.0465,Degraded,-1,1
SES-162098,2026-08-09 01:47:08+00:00,2026-08-09,iPhone 17 Pro,v18.2.0-b2,GS-LEO-10,GS-CA-B,Messages_Satellite,12.14,69.5,4317.0,0.1792,Degraded,-1,1
SES-133657,2026-08-09 10:21:11+00:00,2026-08-09,iPhone 17 Pro,v18.2.0-b2,GS-LEO-10,GS-CA-B,Emergency_SOS,18.77,34.4,4256.0,0.6425,Degraded,-1,1
SES-155741,2026-08-07 10:03:48+00:00,2026-08-07,iPhone 17 Pro,v18.2.0-b2,GS-LEO-10,GS-CA-B,Messages_Satellite,16.32,18.7,4252.0,0.0551,Degraded,-1,1
SES-145973,2026-08-01 23:10:41+00:00,2026-08-01,iPhone 17 Pro,v18.2.0-b2,GS-LEO-10,GS-FL-C,Emergency_SOS,4.93,28.6,4212.0,0.059,Degraded,-1,1
SES-154046,2026-08-15 05:15:16+00:00,2026-08-15,iPhone 17 Pro,v18.2.0-b2,GS-LEO-10,GS-CA-B,Emergency_SOS,12.12,19.0,4207.0,0.2314,Degraded,-1,1
SES-114826,2026-08-28 02:27:20+00:00,2026-08-28,iPhone 17 Pro,v18.2.0-b2,GS-LEO-10,GS-OR-D,Messages_Satellite,13.59,60.9,4187.0,0.1305,Degraded,-1,1
SES-156063,2026-08-06 13:22:42+00:00,2026-08-06,iPhone 17 Pro,v18.2.0-b2,GS-LEO-10,GS-TX-A,Roadside_Assistance,13.2,17.7,4128.0,0.1208,Degraded,-1,1
SES-124338,2026-08-06 03:06:03+00:00,2026-08-06,iPhone 17 Pro,v18.2.0-b2,GS-LEO-10,GS-OR-D,Messages_Satellite,14.27,73.8,4080.0,0.0711,Degraded,-1,1
SES-123479,2026-08-05 19:31:02+00:00,2026-08-05,iPhone 17 Pro,v18.2.0-b2,GS-LEO-10,GS-TX-A,Messages_Satellite,8.57,61.5,4070.0,0.099,Degraded,-1,1
SES-169416,2026-08-22 08:25:11+00:00,2026-08-22,iPhone 17 Pro,v18.2.0-b2,GS-LEO-10,GS-OR-D,FindMy_Ping,3.75,25.0,4065.0,0.077,Degraded,-1,1
SES-165947,2026-08-13 20:19:13+00:00,2026-08-13,iPhone 17 Pro,v18.2.0-b2,GS-LEO-10,GS-CA-B,Messages_Satellite,12.3,79.7,3994.0,0.1924,Degraded,-1,1
SES-172489,2026-08-04 08:51:12+00:00,2026-08-04,iPhone 17 Pro,v18.2.0-b2,GS-LEO-10,GS-FL-C,FindMy_Ping,13.75,65.2,3969.0,0.1953,Degraded,-1,1
SES-179994,2026-08-31 06:50:56+00:00,2026-08-31,iPhone 17 Pro,v18.2.0-b2,GS-LEO-10,GS-OR-D,Emergency_SOS,6.38,33.3,3915.0,0.1218,Degraded,-1,1
SES-100548,2026-08-06 21:23:34+00:00,2026-08-06,iPhone 17 Pro,v18.2.0-b2,GS-LEO-10,GS-OR-D,Roadside_Assistance,19.41,51.0,3823.0,0.0175,Degraded,-1,1
SES-139018,2026-08-12 00:27:47+00:00,2026-08-12,iPhone 17 Pro,v18.2.0-b2,GS-LEO-10,GS-CA-B,Messages_Satellite,5.95,72.7,3791.0,0.0399,Degraded,-1,1
SES-179059,2026-08-19 21:40:18+00:00,2026-08-19,iPhone 17 Pro,v18.2.0-b2,GS-LEO-24,GS-CA-B,FindMy_Ping,16.03,25.3,925.0,0.6524,Degraded,-1,1
SES-174347,2026-08-25 11:39:24+00:00,2026-08-25,iPhone 17 Pro,v18.2.0-b2,GS-LEO-10,GS-OR-D,Messages_Satellite,19.06,62.0,3311.0,0.1792,Degraded,-1,1
SES-158738,2026-08-16 06:25:45+00:00,2026-08-16,iPhone 17 Pro,v18.2.0-b2,GS-LEO-10,GS-OR-D,Messages_Satellite,4.37,81.6,3211.0,0.11,Degraded,-1,1
SES-103054,2026-08-18 02:05:31+00:00,2026-08-18,iPhone 17 Pro,v18.2.0-b2,GS-LEO-10,GS-OR-D,Messages_Satellite,21.38,75.8,3187.0,0.0596,Degraded,-1,1
SES-131731,2026-08-11 10:22:05+00:00,2026-08-11,iPhone 17 Pro,v18.2.0-b2,GS-LEO-10,GS-CA-B,Emergency_SOS,13.1,48.8,3172.0,0.4331,Degraded,-1,1
SES-121022,2026-08-10 07:15:46+00:00,2026-08-10,iPhone 17 Pro,v18.2.0-b2,GS-LEO-10,GS-OR-D,Roadside_Assistance,21.29,65.7,2953.0,0.1002,Degraded,-1,1
SES-125876,2026-08-11 04:31:56+00:00,2026-08-11,iPhone 17 Pro,v18.2.0-b2,GS-LEO-10,GS-CA-B,Messages_Satellite,19.66,81.0,2757.0,0.0403,Degraded,-1,1
SES-128884,2026-08-27 11:32:53+00:00,2026-08-27,iPhone 17 Pro,v18.2.1,GS-LEO-10,GS-CA-B,Roadside_Assistance,12.59,37.1,879.0,0.6776,Degraded,-1,1
SES-147329,2026-08-21 18:47:54+00:00,2026-08-21,iPhone 17 Pro,v18.2.1,GS-LEO-10,GS-CA-B,Roadside_Assistance,4.99,64.9,1067.0,0.5795,Degraded,-1,1
SES-185186,2026-08-11 15:43:39+00:00,2026-08-11,iPhone 17 Pro,v18.2.1,GS-LEO-24,GS-CA-B,Roadside_Assistance,10.64,84.5,959.0,0.6077,Degraded,-1,1
SES-198755,2026-08-01 04:25:12+00:00,2026-08-01,iPhone 17 Pro,v18.1.0,GS-LEO-10,GS-CA-B,Roadside_Assistance,11.25,32.0,884.0,0.7154,Degraded,-1,1
SES-193361,2026-08-15 23:42:07+00:00,2026-08-15,iPhone 17 Pro,v18.2.0-b2,GS-LEO-24,GS-CA-B,Roadside_Assistance,9.11,66.8,968.0,0.7,Degraded,-1,1
SES-133777,2026-08-07 10:03:51+00:00,2026-08-07,iPhone 17 Pro,v18.2.0-b2,GS-LEO-24,GS-CA-B,Messages_Satellite,12.52,22.0,970.0,0.6265,Degraded,-1,1
SES-117470,2026-08-23 10:44:28+00:00,2026-08-23,iPhone 17 Pro,v18.1.0,GS-LEO-10,GS-CA-B,Messages_Satellite,8.85,77.9,1028.0,0.5961,Degraded,-1,1
SES-169221,2026-08-22 06:44:59+00:00,2026-08-22,iPhone 17 Pro,v18.2.0-b2,GS-LEO-10,GS-CA-B,FindMy_Ping,8.07,28.2,1026.0,0.681,Degraded,-1,1
SES-193397,2026-08-03 17:27:46+00:00,2026-08-03,iPhone 17 Pro,v18.1.0,GS-LEO-10,GS-CA-B,Messages_Satellite,8.14,46.5,890.0,0.6503,Degraded,-1,1
SES-144007,2026-08-07 17:29:51+00:00,2026-08-07,iPhone 17 Pro,v18.2.1,GS-LEO-05,GS-CA-B,Messages_Satellite,8.44,45.7,980.0,0.6603,Degraded,-1,1
SES-186770,2026-08-07 08:11:02+00:00,2026-08-07,iPhone 17 Pro,v18.2.1,GS-LEO-24,GS-CA-B,Emergency_SOS,9.61,37.0,1004.0,0.6754,Degraded,-1,1
SES-167212,2026-08-03 01:27:55+00:00,2026-08-03,iPhone 17 Pro,v18.2.0-b2,GS-LEO-10,GS-CA-B,Emergency_SOS,9.36,84.4,990.0,0.6309,Degraded,-1,1
SES-187559,2026-08-08 08:17:24+00:00,2026-08-08,iPhone 17 Pro,v18.2.0-b2,GS-LEO-24,GS-CA-B,FindMy_Ping,7.65,41.8,1012.0,0.694,Degraded,-1,1
SES-142682,2026-08-06 20:30:14+00:00,2026-08-06,iPhone 17 Pro,v18.2.1,GS-LEO-24,GS-CA-B,Emergency_SOS,8.48,61.4,1015.0,0.6205,Degraded,-1,1
SES-111075,2026-08-27 15:57:06+00:00,2026-08-27,iPhone 17 Pro,v18.2.0-b2,GS-LEO-24,GS-CA-B,Messages_Satellite,3.63,52.9,1090.0,0.4202,Degraded,-1,1
SES-109514,2026-08-22 01:19:05+00:00,2026-08-22,iPhone 17 Pro,v18.2.1,GS-LEO-01,GS-CA-B,Messages_Satellite,19.74,79.9,666.0,0.6477,Degraded,-1,1
SES-117197,2026-08-14 03:26:07+00:00,2026-08-14,iPhone 17 Pro,v18.1.0,GS-LEO-10,GS-CA-B,Messages_Satellite,8.7,82.9,948.0,0.6752,Degraded,-1,1
SES-176149,2026-08-09 16:39:53+00:00,2026-08-09,iPhone 17 Pro,v18.2.0-b2,GS-LEO-24,GS-CA-B,Roadside_Assistance,26.48,58.1,2069.0,0.477,Degraded,-1,1
SES-128792,2026-08-11 02:20:42+00:00,2026-08-11,iPhone 17 Pro,v18.2.0-b2,GS-LEO-24,GS-CA-B,Messages_Satellite,11.22,30.6,2436.0,0.7116,Degraded,-1,1
SES-178287,2026-08-25 08:21:23+00:00,2026-08-25,iPhone 17 Pro,v18.2.0-b2,GS-LEO-24,GS-CA-B,Emergency_SOS,10.25,43.6,2570.0,0.3798,Degraded,-1,1
SES-152839,2026-08-06 02:40:52+00:00,2026-08-06,iPhone 17 Pro,v18.2.0-b2,GS-LEO-24,GS-FL-C,Messages_Satellite,2.58,62.2,2847.0,0.1478,Degraded,-1,1
SES-138891,2026-08-29 08:26:53+00:00,2026-08-29,iPhone 17 Pro,v18.2.0-b2,GS-LEO-24,GS-FL-C,Messages_Satellite,19.47,73.4,2868.0,0.0832,Degraded,-1,1
SES-158205,2026-08-06 17:52:48+00:00,2026-08-06,iPhone 17 Pro,v18.2.0-b2,GS-LEO-24,GS-TX-A,Messages_Satellite,22.43,44.2,2894.0,0.0885,Degraded,-1,1
SES-168691,2026-08-14 03:44:32+00:00,2026-08-14,iPhone 17 Pro,v18.2.0-b2,GS-LEO-24,GS-CA-B,Messages_Satellite,9.27,69.6,3352.0,0.3879,Degraded,-1,1
SES-163058,2026-08-04 03:14:54+00:00,2026-08-04,iPhone 17 Pro,v18.2.0-b2,GS-LEO-24,GS-TX-A,Roadside_Assistance,20.72,84.3,3388.0,0.0204,Degraded,-1,1
SES-158108,2026-08-30 09:27:10+00:00,2026-08-30,iPhone 17 Pro,v18.2.0-b2,GS-LEO-24,GS-CA-B,Roadside_Assistance,17.78,68.5,3495.0,0.535,Degraded,-1,1
SES-190043,2026-08-05 08:43:59+00:00,2026-08-05,iPhone 17 Pro,v18.2.0-b2,GS-LEO-24,GS-CA-B,FindMy_Ping,18.15,15.2,3499.0,0.4166,Degraded,-1,1
SES-101924,2026-08-19 01:25:37+00:00,2026-08-19,iPhone 17 Pro,v18.2.1,GS-LEO-01,GS-CA-B,Emergency_SOS,21.91,70.0,614.0,0.4702,Degraded,-1,1
SES-168449,2026-08-31 21:54:01+00:00,2026-08-31,iPhone 17 Pro,v18.2.0-b2,GS-LEO-24,GS-CA-B,Messages_Satellite,19.7,50.2,3632.0,0.2921,Degraded,-1,1
SES-176042,2026-08-15 23:46:02+00:00,2026-08-15,iPhone 17 Pro,v18.2.0-b2,GS-LEO-24,GS-FL-C,FindMy_Ping,16.15,75.5,3739.0,0.0108,Degraded,-1,1
SES-108084,2026-08-13 23:00:05+00:00,2026-08-13,iPhone 17 Pro,v18.2.0-b2,GS-LEO-24,GS-CA-B,FindMy_Ping,8.91,23.2,3764.0,0.5811,Degraded,-1,1
SES-147957,2026-08-03 15:09:40+00:00,2026-08-03,iPhone 17 Pro,v18.2.0-b2,GS-LEO-24,GS-TX-A,FindMy_Ping,19.08,45.1,3811.0,0.0516,Degraded,-1,1
SES-189600,2026-08-04 18:15:20+00:00,2026-08-04,iPhone 17 Pro,v18.2.0-b2,GS-LEO-24,GS-TX-A,FindMy_Ping,16.96,16.0,3816.0,0.0222,Degraded,-1,1
SES-199284,2026-08-08 03:19:32+00:00,2026-08-08,iPhone 17 Pro,v18.2.0-b2,GS-LEO-24,GS-OR-D,Roadside_Assistance,9.91,62.9,3919.0,0.1824,Degraded,-1,1
SES-153053,2026-08-15 18:44:46+00:00,2026-08-15,iPhone 17 Pro,v18.2.0-b2,GS-LEO-24,GS-FL-C,FindMy_Ping,8.77,69.7,3960.0,0.0126,Degraded,-1,1
SES-167361,2026-08-24 12:49:36+00:00,2026-08-24,iPhone 17 Pro,v18.2.0-b2,GS-LEO-24,GS-CA-B,Messages_Satellite,16.77,79.6,4040.0,0.0273,Degraded,-1,1
SES-118105,2026-08-12 22:39:16+00:00,2026-08-12,iPhone 17 Pro,v18.2.0-b2,GS-LEO-24,GS-OR-D,Messages_Satellite,16.68,18.9,4144.0,0.0314,Degraded,-1,1
SES-106567,2026-08-18 06:19:56+00:00,2026-08-18,iPhone 17 Pro,v18.2.0-b2,GS-LEO-24,GS-TX-A,Messages_Satellite,18.11,75.8,4155.0,0.1457,Degraded,-1,1
SES-122103,2026-08-19 07:09:14+00:00,2026-08-19,iPhone 17 Pro,v18.2.0-b2,GS-LEO-24,GS-CA-B,Messages_Satellite,15.89,80.8,4219.0,0.4455,Degraded,-1,1
SES-139784,2026-08-21 01:57:53+00:00,2026-08-21,iPhone 17 Pro,v18.2.0-b2,GS-LEO-24,GS-OR-D,FindMy_Ping,5.07,74.2,4247.0,0.0201,Degraded,-1,1
SES-196695,2026-08-14 04:29:39+00:00,2026-08-14,iPhone 17 Pro,v18.2.0-b2,GS-LEO-24,GS-TX-A,Messages_Satellite,4.7,73.8,4273.0,0.0459,Degraded,-1,1
SES-151753,2026-08-28 04:28:36+00:00,2026-08-28,iPhone 17 Pro,v18.2.0-b2,GS-LEO-24,GS-CA-B,Roadside_Assistance,11.51,81.2,4293.0,0.0203,Degraded,-1,1
SES-146609,2026-08-19 10:27:01+00:00,2026-08-19,iPhone 17 Pro,v18.2.1,GS-LEO-01,GS-CA-B,Messages_Satellite,23.0,48.0,548.0,0.636,Degraded,-1,1
SES-164756,2026-08-19 17:51:11+00:00,2026-08-19,iPhone 17 Pro,v18.2.0-b2,GS-LEO-24,GS-OR-D,Emergency_SOS,11.92,79.5,4325.0,0.0404,Degraded,-1,1
SES-173168,2026-08-15 07:13:50+00:00,2026-08-15,iPhone 17 Pro,v18.2.0-b2,GS-LEO-24,GS-CA-B,Roadside_Assistance,13.27,75.5,4388.0,0.0392,Degraded,-1,1
SES-134474,2026-08-07 07:02:26+00:00,2026-08-07,iPhone 17 Pro,v18.2.0-b2,GS-LEO-24,GS-FL-C,Roadside_Assistance,7.12,79.5,4413.0,0.1774,Degraded,-1,1
SES-193216,2026-08-24 12:32:39+00:00,2026-08-24,iPhone 17 Pro,v18.2.0-b2,GS-LEO-24,GS-FL-C,Messages_Satellite,9.37,15.8,4450.0,0.0277,Degraded,-1,1
SES-189849,2026-08-13 16:01:43+00:00,2026-08-13,iPhone 17 Pro,v18.2.0-b2,GS-LEO-06,GS-OR-D,Messages_Satellite,18.0,48.5,3395.0,0.1954,Degraded,-1,1
